Rk,Name,Age,Tm,IP,Ptn%,HR%,SO%,BB%,SO-BB%,XBH%,X/H%,GB/FB,GO/AO,IP%,LD%,HR/FB,IF/FB,%
1,Fernando Abad*\abadfe01,33,SFG,13,61%,4.10%,18.40%,6.10%,12.20%,4.10%,22%,1.64,2.75,71%,19%,15.40%,7%,19%
2,Bryan Abreu\abreubr01,22,HOU,8.2,56%,0.00%,40.60%,9.40%,31.30%,3.10%,25%,1,2.25,50%,31%,0.00%,0%,25%
3,Jason Adam\adamja01,27,TOR,21.2,57%,1.10%,19.80%,11.00%,8.80%,5.50%,33%,0.36,0.38,65%,25%,2.90%,20%,11%
4,Austin Adams\adamsau01,32,TOT,16.2,54%,5.00%,17.50%,16.30%,1.30%,11.30%,50%,0.71,1,61%,21%,14.80%,13%,7%
5,Austin Adams\adamsau02,28,TOT,32,59%,3.10%,40.80%,12.30%,28.50%,6.90%,45%,1,1.53,43%,18%,14.30%,7%,15%
6,Chance Adams\adamsch01,24,NYY,25.1,59%,5.70%,18.60%,8.90%,9.70%,15.30%,49%,0.44,0.77,65%,27%,12.50%,8%,10%
7,Ehire Adrianza\adriaeh01,29,MIN,1,63%,0.00%,12.50%,0.00%,12.50%,37.50%,60%,0.4,1,88%,57%,0.00%,0%,0%
8,Dario Agrazal\agrazda01,24,PIT,73.1,49%,4.70%,12.80%,5.60%,7.20%,9.40%,37%,0.71,0.86,73%,23%,11.90%,13%,7%
9,R.J. Alaniz\alanirj01,28,TOT,15.2,59%,4.20%,18.30%,9.90%,8.50%,11.30%,42%,0.82,1.13,68%,22%,12.00%,11%,13%
10,Matt Albers\alberma01,36,MIL,59.2,69%,3.10%,22.10%,11.20%,10.90%,7.40%,36%,1.05,1.54,62%,24%,11.10%,11%,16%
11,Hanser Alberto\alberha01,26,BAL,1,71%,14.30%,0.00%,28.60%,-28.60%,14.30%,100%,0.33,0.5,43%,0%,33.30%,0%,0%
12,Jorge Alcala\alcaljo01,23,MIN,1.2,86%,0.00%,14.30%,14.30%,0.00%,0.00%,0%,0,0,71%,40%,0.00%,0%,0%
13,Sandy Alcantara\alcansa01,23,MIA,197.1,46%,2.70%,18.00%,9.70%,8.40%,8.10%,38%,0.82,1.09,68%,23%,8.00%,11%,14%
14,Victor Alcantara\alcanvi01,26,DET,42.2,65%,4.40%,13.20%,8.20%,5.00%,9.90%,40%,1.19,1.91,73%,17%,14.30%,13%,21%
15,Scott Alexander*\alexasc02,29,LAD,17.1,46%,2.60%,11.80%,9.20%,2.60%,7.90%,35%,1.57,2.91,75%,27%,8.70%,0%,30%
16,Tyler Alexander*\alexaty01,24,DET,53.2,21%,3.80%,20.00%,3.00%,17.00%,10.60%,37%,0.59,0.61,72%,26%,8.90%,10%,10%
17,Kolby Allard*\allarko01,21,TEX,45.1,30%,1.40%,15.90%,9.10%,6.70%,5.80%,23%,0.84,0.96,72%,27%,4.20%,13%,8%
18,Cody Allen\allenco01,30,LAA,23,54%,7.80%,25.00%,17.20%,7.80%,13.80%,67%,0.25,0.29,49%,27%,19.60%,13%,0%
19,Logan Allen*\allenlo01,22,TOT,27.2,25%,3.20%,13.40%,10.20%,3.20%,11.80%,42%,1.02,2.25,70%,33%,8.90%,2%,15%
20,Yency Almonte\almonye01,25,COL,34,65%,4.50%,18.50%,8.90%,9.60%,12.10%,49%,0.49,0.64,67%,25%,10.40%,11%,4%
21,Dan Altavilla\altavda01,26,SEA,14.2,75%,1.60%,28.10%,18.80%,9.40%,4.70%,33%,0.79,1,50%,18%,5.90%,11%,8%
22,Aaron Altherr\altheaa01,28,TOT,1,60%,0.00%,40.00%,0.00%,40.00%,20.00%,50%,2,,60%,33%,0.00%,0%,
23,Jose Alvarado*\alvarjo03,24,TBR,30,33%,1.40%,26.70%,18.50%,8.20%,4.80%,24%,0.93,1.63,51%,29%,5.60%,10%,8%
24,Jose Alvarez*\alvarjo02,30,PHI,59,47%,3.10%,20.00%,7.10%,12.90%,7.10%,27%,1,1.46,69%,24%,9.50%,9%,9%
25,Adbert Alzolay\alzolad01,24,CHC,12.1,47%,6.70%,21.70%,15.00%,6.70%,10.00%,46%,0.48,0.71,55%,22%,20.00%,20%,0%
26,Brett Anderson*\anderbr04,31,OAK,176,26%,2.70%,12.10%,6.60%,5.50%,7.40%,30%,1.21,1.76,78%,24%,8.20%,9%,11%
27,Chase Anderson\anderch01,31,MIL,139,56%,3.90%,21.00%,8.50%,12.50%,9.80%,46%,0.53,0.66,64%,22%,10.30%,15%,6%
28,Cody Anderson\anderco01,28,CLE,8.2,50%,2.20%,19.60%,17.40%,2.20%,10.90%,42%,0.35,0.55,57%,36%,5.30%,5%,0%
29,Drew Anderson\anderdr02,25,PHI,6,57%,3.30%,20.00%,20.00%,0.00%,3.30%,17%,0.8,1.4,57%,39%,11.10%,10%,0%
30,Justin Anderson\anderju01,26,LAA,47,53%,2.80%,27.70%,14.80%,12.90%,10.60%,55%,0.54,0.65,54%,27%,10.00%,24%,3%
31,Nick Anderson\anderni01,28,TOT,65,54%,3.00%,41.70%,6.80%,34.90%,8.00%,40%,0.42,0.57,48%,31%,10.00%,14%,7%
32,Shaun Anderson\andersh01,24,SFG,96,54%,3.00%,16.40%,8.90%,7.50%,8.90%,34%,0.7,1.32,70%,31%,8.20%,12%,14%
33,Tanner Anderson\anderta01,26,OAK,22.1,48%,3.80%,17.10%,6.70%,10.50%,5.70%,20%,1.14,1.29,71%,20%,13.30%,19%,0%
34,Tyler Anderson*\anderty01,29,COL,20.2,26%,7.60%,21.70%,10.40%,11.30%,16.00%,52%,0.67,1.29,58%,29%,20.50%,7%,5%
35,Matt Andriese\andrima01,29,ARI,70.2,57%,2.60%,25.50%,8.70%,16.80%,8.70%,38%,1,1.53,62%,26%,9.00%,9%,4%
36,Victor Arano\aranovi01,24,PHI,4.2,56%,6.30%,43.80%,12.50%,31.30%,6.30%,50%,0.4,1,38%,43%,20.00%,0%,50%
37,Pedro Araujo\araujpe01,25,BAL,0.2,50%,25.00%,0.00%,25.00%,-25.00%,25.00%,50%,0.5,,50%,33%,50.00%,0%,50%
38,Chris Archer\archech01,30,PIT,119.2,56%,4.80%,27.20%,10.50%,16.70%,8.60%,40%,0.57,0.86,56%,30%,13.90%,10%,5%
39,Rogelio Armenteros\armenro01,25,HOU,18,55%,1.30%,24.00%,6.70%,17.30%,4.00%,18%,0.59,0.85,68%,35%,4.20%,25%,5%
40,Shawn Armstrong\armstsh01,28,TOT,58,64%,3.00%,23.30%,10.70%,12.60%,8.10%,33%,0.42,0.45,61%,32%,7.80%,16%,6%
41,Jake Arrieta\arrieja01,33,PHI,135.2,52%,3.50%,18.50%,8.60%,9.90%,7.40%,30%,1.07,1.58,67%,26%,11.20%,7%,10%
42,Humberto Arteaga\arteahu01,25,KCR,1.2,50%,12.50%,0.00%,12.50%,-12.50%,12.50%,50%,0.17,0.25,75%,29%,16.70%,0%,0%
43,Alex Avila\avilaal01,32,ARI,2,38%,0.00%,12.50%,12.50%,0.00%,0.00%,0%,1,1.5,75%,17%,0.00%,0%,33%
44,Pedro Avila\avilape01,22,SDP,5.1,52%,0.00%,21.70%,8.70%,13.00%,0.00%,0%,0.67,0.83,65%,27%,0.00%,22%,0%
45,Luis Avilan*\avilalu01,29,NYM,32,38%,3.60%,21.30%,9.90%,11.40%,7.10%,30%,0.81,1.41,63%,27%,10.90%,12%,13%
46,Michel Baez\baezmi01,23,SDP,29.2,53%,2.30%,21.40%,10.70%,10.70%,7.60%,40%,0.63,0.61,63%,30%,7.10%,19%,0%
47,Pedro Baez\baezpe01,31,LAD,69.2,53%,2.20%,25.00%,8.30%,16.70%,5.40%,35%,0.55,0.67,62%,19%,6.80%,23%,11%
48,Sandy Baez\baezsa01,25,DET,1,60%,0.00%,0.00%,0.00%,0.00%,20.00%,50%,0.67,0.5,100%,20%,0.00%,33%,0%
49,Homer Bailey\baileho02,33,TOT,163.1,49%,3.00%,21.40%,7.60%,13.80%,6.90%,30%,0.81,1.04,67%,25%,8.80%,11%,8%
50,Anthony Banda*\bandaan01,25,TBR,4,28%,0.00%,11.10%,0.00%,11.10%,22.20%,67%,0.33,0.67,89%,25%,0.00%,8%,0%
51,Manny Banuelos*\banuema01,28,CHW,50.2,29%,5.10%,18.70%,14.00%,4.70%,8.90%,35%,0.54,0.75,61%,28%,13.60%,12%,14%
52,Luke Bard\bardlu01,28,LAA,49,62%,4.00%,20.10%,6.50%,13.60%,7.00%,34%,0.58,0.77,67%,24%,10.30%,12%,21%
53,Scott Barlow\barlosc01,26,KCR,70.1,61%,1.90%,29.70%,11.90%,17.70%,8.40%,41%,0.67,0.89,55%,27%,6.10%,7%,4%
54,Jacob Barnes\barneja01,29,TOT,32.2,59%,4.40%,20.00%,13.80%,6.30%,8.80%,39%,0.93,1.54,62%,27%,13.50%,5%,7%
55,Matt Barnes\barnema01,29,BOS,64.1,60%,2.80%,38.60%,13.30%,25.30%,6.00%,33%,0.94,1.4,44%,22%,12.50%,6%,5%
56,Tony Barnette\barneto01,35,CHC,1.1,80%,20.00%,0.00%,0.00%,0.00%,20.00%,50%,0.25,1,80%,0%,25.00%,0%,33%
57,Kyle Barraclough\barraky01,29,TOT,33.2,64%,5.50%,24.40%,12.80%,11.60%,9.80%,42%,0.66,0.79,55%,25%,16.10%,5%,0%
58,Aaron Barrett\barreaa01,31,WSN,2.1,63%,6.30%,6.30%,25.00%,-18.80%,6.30%,20%,0.43,0.2,63%,18%,16.70%,14%,0%
59,Jake Barrett\barreja01,27,NYY,3.2,53%,10.50%,21.10%,10.50%,10.50%,21.10%,67%,0.08,0.17,58%,31%,20.00%,17%,0%
60,Jaime Barria\barrija01,22,LAA,82.2,53%,6.60%,20.60%,7.40%,13.20%,13.40%,53%,0.56,0.7,65%,26%,16.20%,10%,4%
61,Tyler Bashlor\bashlty01,26,NYM,22,63%,5.80%,19.40%,16.50%,2.90%,7.80%,38%,0.48,0.64,57%,20%,15.40%,11%,6%
62,Anthony Bass\bassan01,31,SEA,48,55%,2.70%,22.80%,9.00%,13.80%,5.30%,33%,1.15,1.4,64%,23%,10.00%,15%,7%
63,Chris Bassitt\bassich01,30,OAK,144,49%,3.40%,23.00%,7.70%,15.40%,7.40%,36%,0.7,0.9,63%,24%,10.70%,17%,8%
64,Trevor Bauer\bauertr01,28,TOT,213,54%,3.70%,27.80%,9.00%,18.80%,9.20%,46%,0.62,0.78,57%,24%,11.80%,16%,6%
65,Gerson Bautista\bautige01,24,SEA,9,61%,4.10%,14.30%,18.40%,-4.10%,10.20%,39%,0.5,0.67,63%,33%,9.10%,0%,0%
66,David Bednar\bednada01,24,SDP,11,44%,6.30%,29.20%,10.40%,18.80%,12.50%,60%,0.42,0.9,50%,24%,15.80%,0%,10%
67,Cam Bedrosian\bedroca01,27,LAA,61.1,49%,2.70%,24.80%,8.50%,16.30%,5.40%,29%,0.95,1.13,63%,23%,9.00%,9%,12%
68,Tyler Beede\beedety01,26,SFG,117,53%,4.20%,21.60%,8.80%,12.80%,8.20%,34%,0.8,0.96,64%,25%,12.10%,8%,8%
69,Jalen Beeks*\beeksja02,25,TBR,104.1,28%,2.60%,19.20%,8.60%,10.60%,8.40%,34%,0.87,1.23,67%,28%,7.80%,10%,9%
70,Travis Bergen*\bergetr01,25,SFG,19.2,33%,4.70%,21.20%,10.60%,10.60%,12.90%,61%,0.63,0.9,62%,26%,13.30%,14%,5%
71,Jose Berrios\berrijo01,25,MIN,200.1,51%,3.10%,23.20%,6.10%,17.10%,7.60%,33%,0.73,1.01,66%,24%,8.90%,13%,9%
72,Dellin Betances\betande01,31,NYY,0.2,50%,0.00%,100.00%,0.00%,100.00%,0.00%,,,,0%,,,,
73,Chad Bettis\bettich01,30,COL,63.2,56%,3.50%,14.60%,7.30%,7.30%,10.10%,37%,1.55,2.48,72%,21%,13.30%,12%,11%
74,Joe Biagini\biagijo01,29,TOT,64.2,60%,5.00%,21.40%,9.30%,12.10%,10.70%,42%,0.86,1.46,64%,28%,14.90%,10%,20%
75,Jesse Biddle*\biddlje01,27,TOT,28,38%,3.30%,17.10%,14.50%,2.60%,7.90%,29%,0.85,1.32,63%,26%,10.20%,6%,8%
76,Shane Bieber\biebesh01,24,CLE,214.1,53%,3.60%,30.20%,4.70%,25.50%,8.00%,37%,0.8,1.08,61%,27%,11.50%,12%,12%
77,Kyle Bird*\birdky01,26,TEX,12.2,48%,7.70%,15.40%,23.10%,-7.70%,7.70%,46%,0.73,1,51%,16%,23.80%,5%,8%
78,Ty Blach*\blachty01,28,TOT,27,27%,5.80%,14.40%,12.20%,2.20%,13.70%,41%,0.52,1.03,68%,37%,13.30%,10%,12%
79,Ray Black\blackra01,29,TOT,16,59%,7.10%,25.70%,12.90%,12.90%,8.60%,43%,0.35,0.5,53%,31%,16.70%,3%,10%
80,Paul Blackburn\blackpa01,25,OAK,11,49%,5.30%,14.00%,7.00%,7.00%,12.30%,37%,1.1,5.25,70%,30%,15.00%,0%,7%
81,Michael Blazek\blazemi01,30,WSN,5,50%,3.90%,0.00%,19.20%,-19.20%,7.70%,33%,0.17,0.25,77%,24%,7.10%,22%,0%
82,Richard Bleier*\bleieri01,32,BAL,55.1,44%,2.60%,12.80%,3.40%,9.40%,11.10%,40%,1.49,2.35,79%,23%,8.50%,8%,18%
83,Jerry Blevins*\blevije01,35,ATL,32.1,49%,3.60%,26.20%,11.40%,14.90%,7.80%,44%,0.39,0.46,57%,34%,9.10%,10%,0%
84,Ronald Bolanos\bolanro01,22,SDP,19.2,45%,3.40%,21.60%,13.60%,8.00%,11.40%,59%,0.67,0.9,60%,30%,9.40%,3%,6%
85,Ryan Borucki*\borucry01,25,TOR,6.2,23%,5.00%,15.00%,15.00%,0.00%,20.00%,53%,0.65,1.8,65%,29%,12.50%,6%,20%
86,Buddy Boshers*\boshebu01,31,TOR,20,45%,3.30%,28.60%,11.00%,17.60%,8.80%,40%,0.82,1,55%,17%,13.00%,18%,9%
87,James Bourque\bourqja01,25,WSN,0.2,83%,0.00%,0.00%,33.30%,-33.30%,33.30%,67%,3,,67%,25%,0.00%,0%,100%
88,Matt Bowman\bowmama01,28,CIN,32,56%,1.50%,18.30%,9.50%,8.80%,7.30%,37%,1.23,1.54,71%,21%,5.10%,11%,0%
89,Brad Boxberger\boxbebr01,31,KCR,26.2,48%,2.50%,22.10%,13.90%,8.20%,7.40%,36%,0.65,0.93,61%,23%,7.90%,17%,0%
90,Matthew Boyd*\boydma01,28,DET,185.1,19%,5.00%,30.20%,6.40%,23.90%,9.80%,43%,0.54,0.66,57%,25%,14.70%,15%,6%
91,Brad Brach\brachbr01,33,TOT,54.1,65%,1.70%,24.80%,12.80%,12.00%,6.20%,26%,0.63,0.89,60%,27%,5.20%,15%,18%
92,Chasen Bradford\bradfch02,29,SEA,16.2,59%,8.70%,15.90%,5.80%,10.10%,13.00%,53%,1.08,2.25,70%,19%,30.00%,23%,21%
93,Archie Bradley\bradlar01,26,ARI,71.2,58%,1.60%,27.40%,11.40%,16.10%,6.90%,33%,0.86,1.14,57%,31%,5.60%,10%,9%
94,Ryan Brasier\brasiry01,31,BOS,55.2,54%,3.70%,25.30%,8.70%,16.60%,7.90%,37%,0.48,0.64,61%,27%,9.90%,13%,5%
95,Steven Brault*\braulst01,27,PIT,113.1,22%,3.00%,19.80%,10.50%,9.30%,8.90%,39%,0.79,1.2,65%,28%,8.90%,10%,19%
96,John Brebbia\brebbjo01,29,STL,72.2,66%,2.00%,28.60%,8.90%,19.70%,6.30%,32%,0.39,0.4,60%,26%,5.30%,15%,2%
97,Brandon Brennan\brennbr01,27,SEA,47.1,60%,3.10%,24.00%,12.20%,11.70%,7.10%,41%,1.19,1.94,61%,25%,11.30%,7%,15%
98,Colten Brewer\breweco01,26,BOS,54.2,60%,2.40%,20.60%,13.40%,7.10%,7.50%,32%,1.12,1.78,62%,24%,8.70%,10%,12%
99,Austin Brice\briceau01,27,MIA,44.2,59%,3.50%,23.10%,9.10%,14.10%,6.00%,32%,0.73,0.8,61%,26%,11.10%,15%,3%
100,Jeff Brigham\brighje01,27,MIA,38.1,58%,5.00%,24.20%,8.70%,15.50%,7.50%,33%,0.49,0.7,61%,26%,13.10%,14%,13%
101,Zack Britton*\brittza01,31,NYY,61.1,27%,1.20%,21.60%,13.10%,8.60%,3.70%,24%,3.27,7.67,63%,14%,8.30%,3%,24%
102,Aaron Brooks\brookaa01,29,TOT,110,50%,4.40%,17.00%,7.10%,10.00%,10.60%,43%,0.78,1.11,69%,22%,12.00%,12%,15%
103,Mike Brosseau\brossmi01,25,TBR,4,61%,5.60%,0.00%,0.00%,0.00%,16.70%,60%,1.13,2,89%,18%,16.70%,25%,
104,Clay Buchholz\buchhcl01,34,TOR,59,45%,5.10%,15.40%,6.30%,9.10%,13.80%,49%,0.83,1.16,72%,23%,13.50%,10%,19%
105,Ryan Buchter*\buchtry01,32,OAK,45.1,58%,4.00%,25.30%,11.60%,13.60%,8.60%,41%,0.37,0.47,57%,34%,10.40%,11%,5%
106,Walker Buehler\buehlwa01,24,LAD,182.1,48%,2.70%,29.20%,5.00%,24.20%,7.30%,35%,0.74,0.95,62%,27%,7.90%,7%,6%
107,Madison Bumgarner*\bumgama01,29,SFG,207.2,22%,3.60%,24.10%,5.10%,19.00%,9.00%,40%,0.55,0.82,65%,26%,9.30%,13%,13%
108,Aaron Bummer*\bummeaa01,25,CHW,67.2,36%,1.50%,22.90%,9.20%,13.70%,3.10%,19%,2.39,3.65,65%,15%,8.70%,10%,23%
109,Dylan Bundy\bundydy01,26,BAL,161.2,52%,4.10%,23.10%,8.30%,14.90%,10.00%,44%,0.71,1.07,63%,26%,12.10%,13%,13%
110,Nick Burdi\burdini01,26,PIT,8.2,55%,2.50%,42.50%,7.50%,35.00%,10.00%,36%,0.25,0.29,48%,35%,6.70%,6%,0%
111,Brock Burke*\burkebr01,22,TEX,26.2,22%,5.00%,11.70%,9.20%,2.50%,10.00%,40%,1,1.24,72%,22%,15.40%,13%,10%
112,Corbin Burnes\burneco01,24,MIL,49,57%,7.20%,29.80%,8.50%,21.30%,11.90%,40%,0.82,1.57,53%,27%,24.60%,12%,10%
113,Ryan Burr\burrry01,25,CHW,19.2,58%,3.50%,23.30%,9.30%,14.00%,8.10%,41%,0.84,1.44,63%,24%,10.00%,3%,0%
114,Ty Buttrey\buttrty01,26,LAA,72.1,55%,2.60%,27.20%,7.40%,19.70%,6.20%,28%,0.81,0.94,61%,26%,8.30%,12%,8%
115,Genesis Cabrera*\cabrege01,22,STL,20.1,24%,2.00%,19.20%,11.10%,8.10%,6.10%,26%,0.61,0.68,65%,25%,5.40%,10%,4%
116,Trevor Cahill\cahiltr01,31,LAA,102.1,57%,5.50%,17.80%,8.60%,9.20%,11.70%,48%,0.85,1.21,67%,23%,15.60%,10%,9%
117,Griffin Canning\cannigr01,23,LAA,90.1,51%,3.70%,25.00%,7.80%,17.20%,9.10%,44%,0.6,0.75,61%,23%,10.40%,12%,4%
118,Matt Carasiti\carasma01,27,SEA,9.2,70%,4.70%,23.30%,11.60%,11.60%,9.30%,36%,1,1.11,60%,14%,15.40%,7%,8%
119,Victor Caratini\caratvi01,25,CHC,2,67%,11.10%,0.00%,11.10%,-11.10%,11.10%,50%,0.6,1,78%,25%,20.00%,0%,0%
120,Shane Carle\carlesh01,27,ATL,9.1,49%,6.10%,12.20%,18.40%,-6.10%,14.30%,64%,0.82,1.63,57%,35%,20.00%,12%,14%
121,David Carpenter\carpeda01,33,TEX,3.1,32%,0.00%,10.50%,21.10%,-10.50%,10.50%,50%,0.86,1,68%,38%,0.00%,0%,0%
122,Ryan Carpenter*\carpery01,28,DET,40.2,23%,6.10%,12.70%,6.60%,6.10%,13.70%,44%,0.61,0.75,74%,29%,13.30%,7%,11%
123,Carlos Carrasco\carraca01,32,CLE,80,54%,5.30%,28.20%,4.70%,23.50%,12.60%,47%,0.72,1.12,61%,28%,15.50%,11%,12%
124,Andrew Cashner\cashnan01,32,TOT,150,54%,3.00%,17.00%,9.10%,7.90%,8.00%,35%,0.96,1.25,70%,22%,8.90%,9%,14%
125,Diego Castillo\castidi01,25,TBR,68.2,64%,2.80%,27.90%,9.00%,19.00%,6.60%,32%,1.29,1.7,58%,15%,12.70%,17%,15%
126,Jose Castillo*\castijo03,23,SDP,0.2,50%,0.00%,50.00%,25.00%,25.00%,0.00%,,,,0%,,,,0%
127,Luis Castillo\castilu02,26,CIN,190.2,48%,2.80%,28.90%,10.10%,18.80%,6.70%,37%,1.25,1.87,56%,19%,11.60%,7%,12%
128,Miguel Castro\castrmi01,24,BAL,73.1,65%,3.10%,22.30%,12.90%,9.40%,6.90%,35%,0.93,1.3,62%,19%,11.20%,17%,8%
129,Dylan Cease\ceasedy01,23,CHW,73,50%,4.60%,24.90%,10.70%,14.10%,9.20%,39%,0.84,1.34,59%,26%,14.70%,10%,15%
130,Xavier Cedeno*\cedenxa01,32,CHC,2,31%,0.00%,7.70%,23.10%,-15.40%,15.40%,50%,0.8,1.5,69%,33%,0.00%,0%,
131,Luis Cessa\cessalu01,27,NYY,81,59%,4.10%,21.90%,9.00%,12.80%,8.20%,37%,0.92,1.16,64%,22%,13.30%,15%,12%
132,Jhoulys Chacin\chacijh01,31,TOT,103.1,54%,5.30%,21.50%,9.80%,11.70%,10.00%,41%,0.6,0.82,61%,26%,15.10%,15%,8%
133,Andrew Chafin*\chafian01,29,ARI,52.2,60%,2.70%,30.20%,8.00%,22.20%,4.40%,19%,0.75,1.23,57%,29%,9.20%,14%,10%
134,Aroldis Chapman*\chapmar01,31,NYY,57,24%,1.30%,36.20%,10.60%,25.50%,4.30%,26%,0.73,0.91,51%,31%,4.80%,11%,9%
135,JT Chargois\chargjt01,28,LAD,21.1,74%,4.60%,31.80%,5.70%,26.10%,10.20%,43%,0.89,1.57,56%,28%,16.00%,11%,20%
136,Tyler Chatwood\chatwty01,29,CHC,76.2,57%,2.50%,22.80%,11.40%,11.40%,5.60%,28%,1.15,2.06,61%,31%,9.30%,10%,23%
137,Jesse Chavez\chaveje01,35,TEX,78,58%,3.60%,21.40%,6.50%,14.80%,10.10%,42%,0.72,1.09,67%,27%,9.90%,12%,8%
138,Wei-Yin Chen*\chenwe02,33,MIA,68.1,36%,4.90%,20.50%,5.90%,14.70%,12.10%,43%,0.59,1.03,66%,30%,12.00%,9%,12%
139,Yonny Chirinos\chiriyo01,25,TBR,133.1,54%,4.30%,21.50%,5.30%,16.20%,8.50%,40%,0.78,1.07,68%,25%,12.20%,12%,13%
140,Adam Cimber\cimbead01,28,CLE,56.2,75%,2.50%,16.80%,7.80%,9.00%,7.00%,30%,1.27,1.63,71%,24%,8.60%,10%,15%
141,Steve Cishek\cishest01,33,CHC,64,59%,2.60%,21.40%,10.90%,10.50%,4.90%,27%,1,1.29,63%,18%,9.30%,13%,13%
142,Jose Cisnero\cisnejo01,30,DET,35.1,56%,3.10%,24.70%,11.70%,13.00%,8.60%,40%,0.61,0.78,57%,25%,9.40%,13%,6%
143,Aaron Civale\civalaa01,24,CLE,57.2,59%,1.80%,20.30%,7.10%,13.20%,9.30%,48%,0.7,0.81,70%,23%,5.00%,17%,20%
144,Taylor Clarke\clarkta01,26,ARI,84.2,48%,6.20%,18.40%,8.10%,10.30%,11.90%,51%,0.66,0.82,65%,22%,17.00%,15%,5%
145,Emmanuel Clase\claseem01,21,TEX,23.1,50%,2.10%,22.30%,6.40%,16.00%,9.60%,45%,1.44,3.36,68%,27%,7.40%,0%,18%
146,Alex Claudio*\claudal01,27,MIL,62,51%,3.00%,16.50%,9.00%,7.50%,9.00%,42%,1.35,2.39,69%,23%,11.60%,14%,12%
147,Mike Clevinger\clevimi01,28,CLE,126,47%,2.00%,33.90%,7.40%,26.50%,7.00%,37%,0.69,0.97,56%,27%,6.50%,11%,6%
148,Tyler Clippard\clippty01,34,CLE,62,50%,3.30%,26.60%,6.20%,20.30%,8.70%,55%,0.46,0.56,60%,19%,9.60%,21%,10%
149,Alex Cobb\cobbal01,31,BAL,12.1,58%,15.00%,13.30%,3.30%,10.00%,23.30%,67%,0.92,1.8,68%,26%,37.50%,8%,0%
150,A.J. Cole\coleaj01,27,CLE,26,64%,3.40%,25.40%,6.80%,18.60%,11.00%,42%,0.44,0.42,64%,24%,8.70%,15%,7%
151,Gerrit Cole\colege01,28,HOU,212.1,50%,3.60%,39.90%,5.90%,34.00%,7.30%,42%,0.68,0.8,50%,24%,12.70%,12%,7%
152,Taylor Cole\coleta01,29,LAA,51.2,55%,0.90%,21.70%,10.40%,11.30%,7.80%,31%,0.91,1.62,66%,32%,2.60%,5%,13%
153,Tim Collins*\colliti01,29,CHC,8.2,42%,2.60%,10.50%,7.90%,2.60%,10.50%,44%,0.55,0.83,79%,39%,5.30%,5%,0%
154,Alex Colome\colomal01,30,CHW,61,56%,2.80%,22.10%,9.20%,12.90%,7.60%,45%,0.81,0.95,65%,27%,8.00%,5%,11%
155,Adam Conley*\conlead01,29,MIA,60.2,42%,3.50%,18.70%,10.30%,8.50%,10.60%,40%,0.65,0.79,65%,24%,9.90%,12%,6%
156,Sam Coonrod\coonrsa01,26,SFG,27.2,65%,2.60%,17.50%,13.20%,4.40%,4.40%,26%,1,1.3,62%,19%,10.30%,22%,22%
157,Patrick Corbin*\corbipa01,29,WSN,202,18%,2.90%,28.50%,8.40%,20.10%,7.40%,37%,0.99,1.45,59%,23%,10.10%,8%,11%
158,Jimmy Cordero\cordeji01,27,TOT,37.1,60%,2.70%,21.20%,7.50%,13.70%,6.90%,39%,1.53,2.24,66%,23%,11.10%,10%,27%
159,Nestor Cortes Jr.*\cortene01,24,NYY,66.2,33%,5.40%,23.20%,9.40%,13.80%,8.40%,33%,0.53,0.7,62%,25%,13.70%,10%,9%
160,Dylan Covey\coveydy01,27,CHW,58.2,55%,4.30%,14.60%,10.00%,4.60%,8.90%,33%,0.74,1.16,69%,30%,11.20%,9%,7%
161,Stefan Crichton\crichst01,27,ARI,30.1,63%,2.40%,26.80%,6.50%,20.30%,4.90%,26%,1.11,1.52,63%,19%,8.80%,11%,13%
162,Kyle Crick\crickky01,26,PIT,49,57%,4.40%,27.00%,15.50%,11.50%,7.50%,42%,0.75,1.21,50%,20%,17.50%,16%,13%
163,Johnny Cueto\cuetojo01,33,SFG,16,60%,4.50%,19.40%,13.40%,6.00%,10.50%,64%,1.15,2.18,60%,16%,16.70%,10%,8%
164,Charlie Culberson\culbech01,30,ATL,2,60%,0.00%,10.00%,20.00%,-10.00%,10.00%,50%,0.17,0.25,70%,29%,0.00%,17%,0%
165,John Curtiss\curtijo02,26,LAA,2.1,50%,0.00%,8.30%,25.00%,-16.70%,8.30%,50%,1,1,67%,13%,0.00%,25%,0%
166,Yu Darvish\darviyu01,32,CHC,178.2,49%,4.50%,31.30%,7.70%,23.70%,8.20%,43%,0.83,1.32,55%,24%,15.60%,10%,12%
167,Zach Davies\davieza02,26,MIL,159.2,49%,3.00%,15.20%,7.60%,7.60%,7.70%,34%,0.67,0.86,73%,28%,7.50%,11%,11%
168,Austin Davis*\davisau01,26,PHI,20.2,32%,6.10%,24.50%,14.30%,10.20%,9.20%,41%,0.68,1.11,52%,26%,20.00%,12%,16%
169,Chris Davis\davisch02,33,BAL,1,60%,20.00%,20.00%,0.00%,20.00%,40.00%,100%,0.33,1,60%,50%,33.30%,0%,
170,Rookie Davis\davisro03,26,PIT,10.2,47%,5.90%,19.60%,15.70%,3.90%,13.70%,58%,0.82,1.75,55%,24%,17.60%,0%,0%
171,Taylor Davis\davista01,29,CHC,1,50%,0.00%,0.00%,0.00%,0.00%,0.00%,0%,1,2,100%,33%,0.00%,0%,0%
172,Wade Davis\daviswa01,33,COL,42.2,57%,3.40%,20.40%,14.10%,6.30%,8.30%,33%,0.66,0.87,61%,29%,9.60%,9%,14%
173,Grant Dayton*\daytogr01,31,ATL,12,35%,7.80%,27.50%,7.80%,19.60%,7.80%,33%,0.65,0.69,57%,9%,25.00%,20%,14%
174,Chase De Jong\dejonch01,25,MIN,1,56%,11.10%,0.00%,33.30%,-33.30%,11.10%,33%,0.5,0.5,56%,17%,50.00%,50%,0%
175,Jose De Leon\deleojo03,26,TBR,4,57%,0.00%,33.30%,14.30%,19.10%,0.00%,0%,0.8,0.67,43%,33%,0.00%,0%,0%
176,Enyel De Los Santos\delosen01,23,PHI,11,78%,8.70%,19.60%,10.90%,8.70%,8.70%,31%,0.63,1.67,61%,28%,23.50%,11%,33%
177,Jacob deGrom\degroja01,31,NYM,204,57%,2.40%,31.70%,5.50%,26.20%,6.00%,31%,0.8,1.07,59%,24%,8.30%,16%,8%
178,Miguel Del Pozo*\delpomi01,26,LAA,9.1,53%,6.70%,24.40%,17.80%,6.70%,8.90%,40%,0.33,0.78,49%,31%,18.80%,11%,0%
179,Daniel Descalso\descada01,32,CHC,1,40%,20.00%,0.00%,0.00%,0.00%,40.00%,100%,0.25,0.5,80%,40%,33.30%,25%,
180,Anthony DeSclafani\desclan01,29,CIN,166.2,48%,4.20%,24.00%,7.00%,17.00%,8.30%,38%,0.75,1.06,64%,23%,12.30%,12%,8%
181,Ian Desmond\desmoia01,33,COL,1,100%,0.00%,0.00%,0.00%,0.00%,25.00%,100%,0.33,0.5,100%,50%,0.00%,33%,
182,Odrisamer Despaigne\despaod01,32,CHW,13.1,65%,4.40%,10.30%,10.30%,0.00%,13.20%,38%,0.39,0.48,74%,38%,8.60%,8%,0%
183,Ross Detwiler*\detwiro01,33,CHW,69.2,23%,6.40%,14.60%,8.60%,6.00%,10.80%,40%,1.06,1.48,69%,21%,19.20%,9%,17%
184,Chris Devenski\devench02,28,HOU,69,49%,4.40%,24.20%,7.10%,17.10%,9.70%,42%,0.51,0.55,63%,24%,11.70%,16%,2%
185,Edwin Diaz\diazed04,25,NYM,58,60%,5.90%,39.00%,8.70%,30.30%,9.80%,43%,0.58,0.67,44%,28%,20.00%,7%,4%
186,Jairo Diaz\diazja01,28,COL,57.2,53%,2.90%,25.70%,7.80%,18.00%,9.40%,41%,0.98,1.48,63%,26%,9.50%,9%,18%
187,Miguel Diaz\diazmi02,24,SDP,6.1,66%,3.50%,13.80%,3.50%,10.30%,17.20%,56%,0.57,1.5,72%,32%,7.70%,7%,29%
188,Yennsy Diaz\diazye01,22,TOR,0.2,43%,0.00%,0.00%,57.10%,-57.10%,0.00%,0%,0.5,1,43%,33%,0.00%,0%,0%
189,Phillip Diehl*\diehlph01,24,COL,7.1,51%,2.90%,22.90%,5.70%,17.10%,17.10%,60%,0.26,0.17,66%,33%,5.30%,0%,0%
190,Jake Diekman*\diekmja01,32,TOT,62,37%,1.10%,29.80%,13.80%,16.00%,5.70%,33%,0.9,1.1,51%,31%,4.60%,16%,5%
191,Brandon Dixon\dixonbr01,27,DET,2,56%,11.10%,11.10%,0.00%,11.10%,11.10%,100%,0.5,0.67,56%,17%,33.30%,25%,0%
192,Randy Dobnak\dobnara01,24,MIN,28.1,52%,0.90%,19.50%,4.20%,15.30%,3.40%,15%,1.18,1.44,73%,26%,3.00%,18%,13%
193,Seranthony Dominguez\dominse01,24,PHI,24.2,57%,2.70%,26.40%,10.90%,15.50%,5.50%,25%,1.2,1.93,58%,22%,10.70%,7%,6%
194,Sean Doolittle*\doolise01,32,WSN,60,31%,4.20%,25.40%,5.80%,19.60%,9.20%,38%,0.34,0.36,63%,24%,10.10%,16%,0%
195,Kyle Dowdy\dowdyky01,26,TEX,22.1,65%,3.60%,15.50%,16.40%,-0.90%,7.30%,31%,0.78,1.04,63%,35%,10.50%,7%,13%
196,Brian Dozier\doziebr01,32,WSN,1,60%,20.00%,0.00%,0.00%,0.00%,40.00%,100%,0,0,80%,0%,33.30%,25%,0%
197,Oliver Drake\drakeol01,32,TBR,56,53%,4.10%,32.00%,8.70%,23.30%,7.80%,47%,1.06,1.61,55%,21%,16.40%,11%,5%
198,Tyler Duffey\duffety01,28,MIN,57.2,55%,3.40%,34.50%,5.90%,28.60%,5.90%,32%,0.58,0.7,55%,27%,10.40%,10%,0%
199,Danny Duffy*\duffyda01,30,KCR,130.2,23%,3.80%,20.70%,8.30%,12.40%,9.00%,40%,0.54,0.81,66%,28%,9.70%,13%,16%
200,Robert Dugger\duggero01,23,MIA,34.1,50%,3.90%,16.00%,10.90%,5.10%,9.60%,46%,0.64,0.9,65%,26%,10.00%,9%,8%
201,Zach Duke*\dukeza01,36,CIN,23.1,61%,3.80%,17.00%,17.00%,0.00%,8.50%,43%,0.97,1.48,59%,29%,12.90%,9%,20%
202,Ryan Dull\dullry01,29,TOT,12.2,56%,7.00%,21.10%,9.90%,11.30%,21.10%,60%,0.38,0.47,59%,35%,16.70%,12%,0%
203,Justin Dunn\dunnju01,23,SEA,6.2,60%,0.00%,16.70%,30.00%,-13.30%,0.00%,0%,0.78,0.88,53%,6%,0.00%,56%,14%
204,Mike Dunn*\dunnmi01,34,COL,17.2,52%,5.30%,20.00%,8.00%,12.00%,10.70%,47%,0.63,1,67%,19%,13.80%,9%,7%
205,Jon Duplantier\duplajo01,24,ARI,36.2,56%,1.20%,20.90%,11.00%,9.80%,6.80%,28%,0.76,1,63%,28%,3.70%,8%,13%
206,Montana DuRapau\durapmo01,27,PIT,17.1,53%,4.40%,24.40%,10.00%,14.40%,12.20%,41%,0.5,1.07,59%,35%,11.10%,5%,4%
207,Sam Dyson\dysonsa01,31,TOT,62.1,61%,2.40%,22.10%,5.20%,16.90%,6.40%,30%,1.17,1.5,68%,21%,8.30%,8%,14%
208,Ryan Eades\eadesry01,27,TOT,11.1,64%,4.00%,20.00%,12.00%,8.00%,10.00%,46%,0.83,1,62%,30%,12.50%,11%,9%
209,Carl Edwards Jr.\edwarca01,27,TOT,17,64%,3.90%,24.40%,16.70%,7.70%,5.10%,33%,0.36,0.41,54%,31%,11.10%,18%,0%
210,Jon Edwards\edwarjo02,31,CLE,8,64%,5.60%,13.90%,16.70%,-2.80%,11.10%,80%,0.77,1.38,58%,26%,18.20%,15%,20%
211,Zach Eflin\eflinza01,25,PHI,163.1,55%,4.00%,18.30%,6.80%,11.50%,8.80%,36%,0.8,1.08,69%,24%,11.20%,11%,12%
212,Jerad Eickhoff\eickhje01,28,PHI,58.1,64%,7.40%,20.80%,7.40%,13.50%,12.20%,52%,0.56,0.8,62%,21%,19.40%,14%,8%
213,Roenis Elias*\eliasro01,30,TOT,50,31%,4.60%,21.80%,8.30%,13.40%,7.90%,37%,0.54,0.73,64%,33%,11.60%,10%,13%
214,Chris Ellis\ellisch01,26,KCR,1,40%,0.00%,0.00%,20.00%,-20.00%,0.00%,0%,0.33,0.5,80%,50%,0.00%,33%,
215,Nathan Eovaldi\eovalna01,29,BOS,67.2,52%,5.30%,23.20%,11.60%,11.60%,9.60%,40%,0.8,1.15,59%,24%,16.30%,8%,16%
216,Robbie Erlin*\erlinro01,28,SDP,55.1,41%,2.40%,20.70%,6.00%,14.70%,6.80%,24%,0.83,0.87,70%,28%,6.80%,11%,2%
217,Luis Escobar\escoblu01,23,PIT,5.2,59%,3.50%,6.90%,13.80%,-6.90%,10.30%,30%,0.75,1,69%,32%,9.10%,8%,13%
218,Tom Eshelman\eshelto01,25,BAL,36,60%,7.30%,13.40%,6.70%,6.70%,11.00%,38%,0.49,0.76,72%,31%,15.20%,9%,7%
219,Carlos Estevez\estevca01,26,COL,72,55%,3.90%,26.30%,7.50%,18.80%,10.40%,46%,0.63,0.76,62%,25%,10.70%,10%,8%
220,Marco Estrada\estrama01,35,OAK,23.2,59%,6.60%,10.40%,7.60%,2.80%,11.30%,52%,0.25,0.17,73%,17%,15.60%,33%,5%
221,Peter Fairbanks\fairbpe01,25,TOT,21,55%,5.10%,28.30%,10.10%,18.20%,12.10%,48%,0.76,1.13,57%,33%,15.20%,3%,8%
222,Jeurys Familia\familje01,29,NYM,60,58%,2.60%,23.00%,15.30%,7.70%,8.00%,36%,1.04,1.67,57%,23%,9.60%,9%,19%
223,Jake Faria\fariaja01,25,TOT,18.2,45%,5.30%,20.00%,12.60%,7.40%,12.60%,43%,0.72,1.06,61%,29%,15.60%,11%,10%
224,Buck Farmer\farmebu01,28,DET,67.2,60%,2.80%,25.40%,8.30%,17.00%,8.70%,40%,0.92,1.26,60%,22%,9.40%,11%,14%
225,Kyle Farmer\farmeky01,28,CIN,1.1,20%,0.00%,0.00%,0.00%,0.00%,0.00%,0%,0.67,1,100%,40%,0.00%,0%,
226,Luke Farrell\farrelu01,28,TEX,13.1,58%,6.30%,25.00%,6.30%,18.80%,8.30%,67%,0.33,0.35,63%,9%,14.30%,13%,0%
227,Erick Fedde\feddeer01,26,WSN,78,50%,3.30%,12.30%,9.90%,2.40%,8.40%,35%,1.01,1.69,73%,26%,9.50%,7%,20%
228,Tim Federowicz\federti01,31,TEX,1,83%,16.70%,0.00%,0.00%,0.00%,16.70%,33%,0.5,0.5,83%,17%,50.00%,50%,0%
229,Ryan Feierabend*\feierry01,33,TOR,5.2,24%,6.90%,13.80%,3.50%,10.30%,13.80%,36%,0.71,1,76%,29%,14.30%,0%,0%
230,Michael Feliz\felizmi01,26,PIT,56.1,52%,4.60%,30.50%,11.30%,19.30%,8.00%,43%,0.58,0.79,52%,26%,15.10%,14%,11%
231,Caleb Ferguson*\ferguca01,22,LAD,44.2,42%,3.40%,26.50%,13.20%,13.20%,8.30%,44%,0.64,0.86,53%,26%,11.50%,13%,5%
232,Jose Fernandez*\fernajo04,26,DET,3.2,39%,4.40%,8.70%,21.70%,-13.00%,13.00%,50%,0.25,0.29,61%,27%,9.10%,8%,0%
233,Junior Fernandez\fernaju01,22,STL,11.2,69%,3.70%,29.60%,11.10%,18.50%,3.70%,22%,1,2.17,48%,36%,14.30%,0%,8%
234,Matt Festa\festama01,26,SEA,22.1,65%,5.00%,20.80%,11.90%,8.90%,11.90%,60%,0.62,0.92,58%,23%,16.70%,23%,7%
235,Mike Fiers\fiersmi01,34,OAK,184.2,52%,4.00%,16.70%,7.00%,9.70%,6.80%,31%,0.65,0.79,71%,25%,10.50%,16%,15%
236,Heath Fillmyer\fillmhe01,25,KCR,22.1,55%,5.50%,13.80%,11.00%,2.80%,10.10%,39%,0.72,0.89,67%,24%,14.30%,9%,0%
237,Jack Flaherty\flaheja01,23,STL,196.1,50%,3.20%,29.90%,7.10%,22.80%,6.50%,37%,0.67,0.89,58%,25%,10.50%,16%,12%
238,Chris Flexen\flexech01,24,NYM,13.2,60%,1.40%,14.30%,18.60%,-4.30%,10.00%,47%,0.52,0.48,66%,30%,3.60%,10%,0%
239,Dylan Floro\florody01,28,LAD,46.2,66%,2.00%,20.90%,7.00%,13.90%,6.50%,28%,1.01,1.51,68%,22%,6.70%,12%,7%
240,Brian Flynn*\flynnbr01,29,KCR,29.1,40%,1.40%,15.80%,12.20%,3.60%,7.90%,29%,0.77,1.32,66%,29%,4.20%,8%,18%
241,Mike Foltynewicz\foltymi01,27,ATL,117,54%,4.70%,21.40%,7.50%,13.90%,9.40%,42%,0.61,0.82,65%,24%,12.50%,12%,8%
242,Wilmer Font\fontwi01,29,TOT,84.1,59%,4.80%,26.70%,8.20%,18.50%,12.40%,56%,0.58,0.78,60%,24%,13.70%,14%,11%
243,Mike Ford\fordmi01,26,NYY,2,42%,16.70%,8.30%,0.00%,8.30%,25.00%,50%,0.38,0.25,75%,27%,33.30%,25%,0%
244,Ty France\francty01,24,SDP,2,75%,12.50%,0.00%,0.00%,0.00%,12.50%,50%,0.6,0.5,88%,0%,20.00%,0%,0%
245,Enderson Franco\francen01,26,SFG,5.1,50%,5.00%,20.00%,5.00%,15.00%,10.00%,50%,0.36,0.5,70%,13%,14.30%,36%,50%
246,Caleb Frare*\frareca01,25,CHW,2.2,64%,7.10%,21.40%,28.60%,-7.10%,7.10%,50%,0.4,0.67,43%,29%,20.00%,0%,0%
247,Kyle Freeland*\freelky01,26,COL,104.1,19%,5.30%,16.70%,8.30%,8.50%,11.20%,42%,0.89,1.35,69%,25%,14.80%,9%,12%
248,Mike Freeman\freemmi01,31,CLE,2,63%,12.50%,0.00%,0.00%,0.00%,25.00%,100%,1,2,88%,13%,25.00%,0%,
249,Sam Freeman*\freemsa01,32,LAA,2,36%,9.10%,0.00%,18.20%,-18.20%,9.10%,33%,0.8,2,73%,33%,20.00%,0%,0%
250,Max Fried*\friedma01,25,ATL,165.2,23%,3.00%,24.60%,6.70%,18.00%,7.70%,31%,1.15,1.81,64%,26%,10.30%,6%,13%
251,Jace Fry*\fryja01,25,CHW,55,42%,2.80%,27.10%,17.10%,10.00%,6.80%,39%,1.37,2.2,51%,21%,13.50%,9%,14%
252,Paul Fry*\frypa01,26,BAL,57.1,46%,2.80%,21.60%,11.40%,10.20%,7.50%,35%,1.38,2.26,62%,24%,11.10%,7%,17%
253,Carson Fulmer\fulmeca01,25,CHW,27.1,75%,3.80%,18.80%,15.00%,3.80%,6.00%,31%,0.87,0.9,60%,21%,13.20%,16%,0%
254,Drew Gagnon\gagnodr01,29,NYM,23.2,60%,9.40%,14.50%,6.00%,8.60%,14.50%,50%,0.65,0.74,68%,23%,24.40%,18%,6%
255,Giovanny Gallegos\gallegi01,27,STL,74,56%,3.20%,33.30%,5.70%,27.60%,7.20%,46%,0.5,0.61,57%,23%,9.70%,16%,10%
256,Zac Gallen\galleza01,23,TOT,80,50%,2.40%,28.70%,10.80%,18.00%,7.50%,40%,0.66,0.75,57%,25%,7.50%,11%,6%
257,John Gant\gantjo01,26,STL,66.1,65%,1.50%,22.30%,12.60%,9.70%,6.00%,31%,0.86,1.36,64%,31%,5.00%,15%,21%
258,Bryan Garcia\garcibr01,24,DET,6.2,61%,3.00%,21.20%,15.20%,6.10%,9.10%,33%,1.63,1.6,61%,10%,12.50%,0%,17%
259,Edgar Garcia\garcied01,22,PHI,39,66%,6.40%,26.20%,15.10%,11.10%,9.30%,42%,0.49,0.73,52%,22%,18.00%,9%,13%
260,Jarlin Garcia*\garcija04,26,MIA,50.2,41%,1.90%,18.90%,7.80%,11.20%,4.90%,25%,0.91,1.13,70%,21%,5.90%,11%,13%
261,Luis Garcia\garcilu03,32,LAA,62,56%,4.70%,20.50%,11.90%,8.60%,6.50%,30%,0.93,1.2,61%,26%,16.00%,14%,13%
262,Rico Garcia\garciri01,25,COL,6,57%,10.00%,6.70%,16.70%,-10.00%,20.00%,67%,0.69,1.29,67%,22%,23.10%,0%,40%
263,Yimi Garcia\garciyi01,28,LAD,62.1,64%,6.10%,26.70%,5.70%,21.10%,10.10%,63%,0.42,0.49,59%,19%,15.60%,14%,4%
264,Amir Garrett*\garream01,27,CIN,56,46%,2.90%,31.70%,14.20%,17.50%,6.50%,36%,1.21,1.7,50%,22%,12.70%,5%,11%
265,Reed Garrett\garrere01,26,DET,15.1,66%,3.90%,13.00%,16.90%,-3.90%,14.30%,46%,0.79,1.13,65%,17%,10.30%,0%,22%
266,Ryan Garton\gartory01,29,SEA,3,43%,14.30%,7.10%,7.10%,0.00%,21.40%,75%,0.33,0.6,71%,17%,25.00%,11%,0%
267,Kevin Gausman\gausmke01,28,TOT,102.1,54%,3.30%,25.30%,7.10%,18.20%,8.40%,34%,0.62,0.82,62%,30%,9.20%,8%,5%
268,Sam Gaviglio\gavigsa01,29,TOR,95.2,58%,4.60%,22.50%,5.60%,16.80%,9.20%,42%,0.92,1.16,66%,18%,14.20%,12%,8%
269,Cory Gearrin\gearrco01,33,TOT,55.1,64%,2.10%,19.50%,10.40%,9.10%,5.80%,26%,0.85,1.2,66%,28%,6.10%,8%,19%
270,Domingo German\germado01,26,NYY,143,44%,5.10%,25.80%,6.60%,19.20%,9.60%,46%,0.61,0.78,62%,26%,14.10%,13%,7%
271,Ian Gibaut\gibauia01,25,TOT,14.1,48%,1.60%,25.00%,15.60%,9.40%,7.80%,42%,0.85,0.92,56%,24%,5.60%,10%,0%
272,Kyle Gibson\gibsoky01,31,MIN,160,50%,3.30%,22.70%,7.90%,14.70%,8.10%,33%,1.08,1.8,65%,25%,11.40%,12%,12%
273,Ken Giles\gileske01,28,TOR,53,53%,2.40%,39.90%,8.20%,31.70%,7.20%,42%,0.65,0.74,50%,27%,9.10%,15%,3%
274,Sean Gilmartin*\gilmase01,29,BAL,2.1,63%,12.50%,6.30%,12.50%,-6.30%,18.80%,43%,0.44,0.5,69%,15%,25.00%,11%,0%
275,Kevin Ginkel\ginkeke01,25,ARI,24.1,56%,2.10%,29.20%,9.40%,19.80%,5.20%,33%,0.53,0.55,58%,28%,5.90%,11%,5%
276,Lucas Giolito\giolilu01,24,CHW,176.2,53%,3.40%,32.30%,8.10%,24.30%,7.90%,43%,0.55,0.79,55%,28%,10.80%,16%,10%
277,Mychal Givens\givenmy01,29,BAL,63,60%,5.00%,33.10%,10.00%,23.10%,7.70%,41%,0.63,0.77,51%,30%,16.50%,11%,7%
278,Tyler Glasnow\glasnty01,25,TBR,60.2,55%,1.70%,33.00%,6.10%,27.00%,4.40%,25%,1,1.17,59%,20%,6.90%,17%,15%
279,Zack Godley\godleza01,29,TOT,92,49%,3.40%,17.20%,10.30%,6.90%,9.30%,40%,0.77,1.1,67%,26%,9.70%,10%,13%
280,Jeanmar Gomez\gomezje01,31,TEX,15.1,78%,2.70%,13.70%,8.20%,5.50%,12.30%,39%,1.24,1.77,74%,29%,10.00%,20%,27%
281,Tony Gonsolin\gonsoto01,25,LAD,40,48%,2.50%,22.70%,9.20%,13.50%,8.00%,50%,0.71,0.82,65%,21%,7.30%,13%,0%
282,Marco Gonzales*\gonzama02,27,SEA,203,26%,2.70%,17.00%,6.50%,10.50%,8.80%,36%,0.71,0.86,73%,25%,7.10%,15%,13%
283,Chi Chi Gonzalez\gonzach01,27,COL,63,53%,4.00%,16.60%,11.90%,4.70%,9.00%,42%,0.78,1.15,66%,28%,11.50%,12%,10%
284,Gio Gonzalez*\gonzagi01,33,MIL,87.1,20%,2.50%,21.30%,10.10%,11.20%,7.90%,38%,0.84,1.28,65%,26%,7.30%,8%,13%
285,Nick Goody\goodyni01,27,CLE,40.2,63%,4.10%,28.90%,12.70%,16.20%,7.50%,43%,0.35,0.34,54%,24%,12.10%,23%,3%
286,Alex Gordon\gordoal01,35,KCR,2.1,53%,5.90%,0.00%,11.80%,-11.80%,5.90%,13%,0.88,0.75,82%,20%,16.70%,25%,0%
287,Trevor Gott\gotttr01,26,SFG,52.2,63%,1.90%,26.60%,7.90%,18.70%,4.70%,24%,0.76,0.83,62%,23%,6.00%,14%,2%
288,Matt Grace*\gracema02,30,WSN,46.2,45%,5.30%,17.00%,4.90%,12.10%,11.70%,39%,0.95,1.54,71%,27%,14.50%,5%,22%
289,Brusdar Graterol\gratebr01,20,MIN,9.2,55%,2.50%,25.00%,5.00%,20.00%,5.00%,20%,1.08,1.71,65%,26%,7.70%,0%,20%
290,Jon Gray\grayjo02,27,COL,150,52%,3.00%,23.60%,8.80%,14.80%,9.10%,40%,1.02,1.75,63%,24%,10.40%,12%,15%
291,Sonny Gray\grayso01,29,CIN,175.1,55%,2.40%,29.00%,9.60%,19.40%,5.90%,34%,1.06,1.36,57%,21%,9.50%,12%,12%
292,Chad Green\greench03,28,NYY,69,53%,3.40%,33.20%,6.40%,26.80%,8.80%,39%,0.55,0.62,55%,31%,11.00%,18%,4%
293,Shane Greene\greensh02,30,TOT,62.2,58%,3.20%,25.40%,6.80%,18.70%,6.00%,33%,0.89,1.03,63%,21%,11.10%,18%,6%
294,Luke Gregerson\gregelu01,35,STL,5.2,56%,0.00%,7.40%,3.70%,3.70%,7.40%,18%,1.18,1.33,89%,29%,0.00%,18%,14%
295,Zack Greinke\greinza01,35,TOT,208.2,51%,2.60%,23.10%,3.70%,19.40%,7.40%,34%,0.84,1.19,70%,26%,7.50%,11%,17%
296,Zac Grotz\grotzza01,26,SEA,17.1,63%,0.00%,24.70%,11.00%,13.70%,4.10%,21%,1.88,3.25,63%,24%,0.00%,6%,13%
297,Robert Gsellman\gsellro01,25,NYM,63.2,62%,2.50%,21.70%,8.30%,13.40%,9.40%,41%,0.79,0.98,65%,25%,7.80%,13%,14%
298,Reymin Guduan*\guduare01,27,HOU,5.1,33%,11.10%,22.20%,14.80%,7.40%,14.80%,50%,0.55,0.43,52%,18%,33.30%,18%,0%
299,Deolis Guerra\guerrde01,30,MIL,0.2,50%,16.70%,0.00%,0.00%,0.00%,16.70%,25%,0,0,83%,67%,16.70%,0%,0%
300,Javy Guerra\guerrja01,33,TOT,67.2,59%,3.50%,19.90%,5.90%,13.90%,8.70%,37%,0.49,0.52,70%,27%,8.40%,15%,5%
301,Javy Guerra\guerrja02,23,SDP,8.2,42%,8.30%,16.70%,8.30%,8.30%,13.90%,71%,0.93,1.22,67%,15%,21.40%,0%,0%
302,Junior Guerra\guerrju02,34,MIL,83.2,53%,3.20%,22.40%,10.50%,11.90%,7.00%,41%,0.8,1.07,62%,22%,11.00%,19%,8%
303,Tayron Guerrero\guerrta01,28,MIA,46,58%,3.20%,19.90%,16.70%,3.20%,6.90%,36%,0.78,0.92,57%,20%,10.60%,11%,12%
304,Taylor Guerrieri\guerrta02,26,TEX,26.1,54%,2.40%,22.00%,17.90%,4.10%,8.10%,39%,1.22,1.55,56%,19%,10.30%,9%,14%
305,Taylor Guilbeau*\guilbta01,26,SEA,12.1,47%,3.90%,13.70%,5.90%,7.80%,5.90%,30%,2.25,2.75,75%,13%,18.20%,8%,22%
306,Jandel Gustave\gustaja01,26,SFG,24.1,63%,1.00%,14.10%,9.10%,5.10%,5.10%,28%,0.76,0.9,75%,29%,2.60%,7%,14%
307,Jedd Gyorko\gyorkje01,30,TOT,0.1,100%,0.00%,100.00%,0.00%,100.00%,0.00%,,,,0%,,,,
308,Josh Hader*\haderjo01,25,MIL,75.2,23%,5.20%,47.80%,6.90%,40.80%,8.30%,59%,0.28,0.37,39%,26%,19.50%,22%,4%
309,Jesse Hahn\hahnje01,29,KCR,4.2,63%,3.70%,25.90%,22.20%,3.70%,11.10%,43%,0.75,0.75,48%,43%,12.50%,0%,0%
310,David Hale\haleda02,31,NYY,37.2,59%,1.30%,14.70%,4.50%,10.20%,10.20%,41%,1.03,1.54,79%,25%,3.80%,16%,13%
311,Matt Hall*\hallma02,25,DET,23.1,31%,3.50%,23.90%,13.30%,10.60%,7.10%,29%,0.63,0.95,58%,31%,10.30%,9%,4%
312,Cole Hamels*\hamelco01,35,CHC,141.2,21%,2.80%,23.20%,9.10%,14.10%,7.30%,32%,0.87,1.19,63%,25%,8.90%,11%,10%
313,J.D. Hammer\hammejd01,24,PHI,19,65%,2.50%,16.10%,14.80%,1.20%,7.40%,40%,0.7,1,67%,29%,6.70%,9%,11%
314,Brad Hand*\handbr01,29,CLE,57.1,26%,2.50%,34.70%,7.40%,27.30%,7.90%,36%,0.38,0.52,53%,36%,7.20%,15%,8%
315,J.A. Happ*\happja01,36,NYY,161.1,26%,5.00%,20.70%,7.20%,13.40%,9.10%,39%,0.68,0.95,66%,24%,13.90%,14%,15%
316,Blaine Hardy*\hardybl01,32,DET,44.1,32%,5.50%,15.90%,7.10%,8.80%,9.30%,45%,0.96,1.24,71%,19%,17.50%,19%,4%
317,Ryne Harper\harpery01,30,MIN,54.1,53%,3.10%,22.20%,4.40%,17.80%,8.40%,35%,0.63,0.71,69%,26%,8.00%,12%,5%
318,Will Harris\harriwi10,34,HOU,60,46%,2.60%,27.10%,6.10%,21.00%,3.90%,21%,1.17,1.79,64%,24%,9.40%,9%,19%
319,Donnie Hart*\hartdo01,28,TOT,7.2,52%,0.00%,10.30%,13.80%,-3.50%,0.00%,0%,2.67,2.8,76%,18%,0.00%,0%,20%
320,Geoff Hartlieb\hartlge01,25,PIT,35,54%,4.70%,22.20%,10.50%,11.70%,11.70%,39%,0.84,1.5,62%,25%,13.80%,6%,0%
321,Hunter Harvey\harvehu01,24,BAL,6.1,62%,3.90%,42.30%,15.40%,26.90%,11.50%,100%,1.2,1,38%,27%,20.00%,0%,0%
322,Joe Harvey\harvejo01,27,TOT,18,64%,3.60%,20.20%,15.50%,4.80%,6.00%,28%,0.86,1,58%,25%,11.50%,7%,11%
323,Matt Harvey\harvema01,30,LAA,59.2,53%,4.90%,14.70%,10.90%,3.80%,11.30%,48%,0.77,1.04,68%,30%,12.90%,7%,10%
324,Andrew Heaney*\heanean01,28,LAA,95.1,22%,4.90%,28.90%,7.30%,21.50%,8.60%,38%,0.5,0.62,57%,26%,13.20%,10%,7%
325,Taylor Hearn*\hearnta01,24,TEX,0.1,25%,0.00%,0.00%,50.00%,-50.00%,12.50%,33%,0.67,0,50%,25%,0.00%,33%,0%
326,Ben Heller\hellebe01,27,NYY,7.1,57%,3.60%,32.10%,10.70%,21.40%,7.10%,33%,0.88,1,50%,13%,14.30%,13%,40%
327,Jeremy Hellickson\hellije01,32,WSN,39,55%,4.90%,16.40%,10.90%,5.50%,10.40%,40%,0.64,1.02,67%,25%,13.20%,15%,10%
328,Ryan Helsley\helslry01,24,STL,36.2,52%,3.30%,20.90%,7.80%,13.10%,9.80%,44%,0.51,0.64,67%,30%,7.80%,10%,6%
329,Heath Hembree\hembrhe01,30,BOS,39.2,59%,4.10%,26.60%,10.40%,16.20%,10.40%,53%,0.31,0.31,57%,26%,10.30%,16%,0%
330,Kyle Hendricks\hendrky01,29,CHC,177,52%,2.60%,20.60%,4.40%,16.20%,8.20%,36%,0.73,0.91,70%,25%,7.20%,13%,6%
331,Liam Hendriks\hendrli01,30,OAK,85,51%,1.50%,37.40%,6.30%,31.00%,6.60%,36%,0.44,0.55,54%,25%,4.80%,17%,9%
332,Jimmy Herget\hergeji01,25,CIN,6.1,58%,7.70%,0.00%,11.50%,-11.50%,15.40%,50%,0.28,0.46,81%,35%,12.50%,11%,20%
333,Darwinzon Hernandez*\hernada02,22,BOS,30.1,37%,0.70%,38.80%,17.70%,21.10%,7.50%,41%,0.76,1.13,40%,34%,3.20%,9%,4%
334,David Hernandez\hernada01,34,CIN,42.2,60%,3.50%,26.80%,10.10%,16.70%,11.60%,43%,0.42,0.6,59%,31%,9.30%,12%,8%
335,Elieser Hernandez\hernael01,24,MIA,82.1,53%,5.70%,24.10%,7.40%,16.70%,11.30%,53%,0.52,0.63,59%,18%,16.70%,20%,8%
336,Felix Hernandez\hernafe02,33,SEA,71.2,59%,5.20%,17.50%,7.70%,9.90%,12.60%,48%,0.95,1.31,67%,22%,15.50%,8%,17%
337,Jonathan Hernandez\hernajo02,22,TEX,16.2,53%,3.90%,24.40%,16.70%,7.70%,5.10%,29%,1.09,1.07,55%,26%,14.30%,5%,5%
338,Kelvin Herrera\herreke01,29,CHW,51.1,61%,3.40%,22.60%,9.80%,12.80%,8.10%,32%,0.6,0.79,63%,27%,10.30%,19%,2%
339,David Hess\hessda01,25,BAL,80,61%,7.70%,18.60%,8.20%,10.40%,12.90%,50%,0.48,0.61,64%,29%,17.90%,12%,8%
340,Jordan Hicks\hicksjo03,22,STL,28.2,60%,1.80%,28.20%,10.00%,18.20%,4.60%,31%,2.05,3.23,59%,16%,9.50%,5%,14%
341,Trevor Hildenberger\hildetr01,28,MIN,16.1,69%,2.30%,17.10%,8.00%,9.10%,11.40%,33%,0.7,0.89,69%,37%,5.70%,5%,0%
342,Rich Hill*\hillri01,39,LAD,58.2,24%,4.10%,29.80%,7.40%,22.30%,7.00%,35%,0.99,1.49,55%,22%,16.10%,13%,13%
343,Tim Hill*\hillti01,29,KCR,39.2,40%,2.50%,24.20%,8.10%,16.20%,5.60%,29%,1.34,2.04,62%,19%,10.50%,14%,13%
344,Yoshihisa Hirano\hiranyo01,35,ARI,53,57%,3.00%,26.20%,9.40%,16.70%,6.90%,31%,0.82,1,60%,25%,10.10%,13%,7%
345,Jeff Hoffman\hoffmje02,26,COL,70,48%,6.70%,21.60%,10.80%,10.80%,12.70%,52%,0.55,1.03,59%,27%,17.90%,11%,11%
346,Bryan Holaday\holadbr01,31,MIA,0.1,100%,0.00%,0.00%,0.00%,0.00%,0.00%,,,,100%,0%,,,
347,Jonathan Holder\holdejo02,26,NYY,41.1,60%,4.40%,25.40%,6.10%,19.30%,8.80%,37%,0.63,0.63,63%,23%,12.10%,12%,3%
348,Derek Holland*\hollade01,32,TOT,84.1,30%,5.30%,21.80%,12.00%,9.80%,9.30%,43%,0.71,0.94,58%,21%,16.10%,11%,7%
349,Greg Holland\hollagr01,33,ARI,35.2,52%,3.30%,27.00%,15.80%,11.20%,7.20%,44%,0.83,1.06,54%,20%,11.10%,4%,14%
350,Clay Holmes\holmecl01,26,PIT,50,58%,2.10%,23.30%,15.00%,8.30%,6.30%,33%,1.47,2.54,55%,22%,9.60%,5%,7%
351,Adrian Houser\housead01,26,MIL,111.1,55%,3.00%,25.30%,8.00%,17.30%,6.90%,32%,1.21,1.88,62%,22%,11.60%,10%,12%
352,Sam Howard*\howarsa01,26,COL,19,45%,5.50%,25.30%,11.00%,14.30%,8.80%,38%,0.66,1.13,53%,24%,17.90%,13%,4%
353,James Hoyt\hoytja01,32,CLE,8.1,47%,6.30%,31.30%,6.30%,25.00%,9.40%,50%,0.82,1,56%,25%,20.00%,9%,0%
354,Wei-Chieh Huang\huangwe01,25,TEX,5.2,56%,0.00%,6.30%,15.60%,-9.40%,12.50%,50%,0.6,0.4,75%,29%,0.00%,33%,0%
355,Dakota Hudson\hudsoda02,24,STL,174.2,50%,2.90%,18.00%,11.40%,6.60%,7.80%,37%,1.32,2.19,66%,25%,10.80%,9%,13%
356,Daniel Hudson\hudsoda01,32,TOT,73,57%,2.60%,23.40%,8.90%,14.50%,8.20%,45%,0.59,0.62,63%,24%,7.30%,13%,6%
357,Jared Hughes\hugheja02,33,TOT,71.1,67%,4.50%,18.70%,9.30%,9.30%,8.70%,44%,1.48,2.43,65%,21%,17.30%,7%,21%
358,Danny Hultzen*\hultzda01,29,CHC,3.1,50%,0.00%,27.80%,11.10%,16.70%,0.00%,0%,1,1.5,56%,40%,0.00%,0%,0%
359,Tommy Hunter\hunteto02,32,PHI,5.1,61%,0.00%,27.80%,0.00%,27.80%,0.00%,0%,0.44,0.22,72%,31%,0.00%,0%,0%
360,Raisel Iglesias\iglesra01,29,CIN,67,58%,4.30%,31.90%,7.50%,24.40%,9.30%,43%,0.44,0.62,55%,29%,12.50%,16%,7%
361,Cole Irvin*\irvinco01,25,PHI,41.2,32%,3.90%,17.10%,7.20%,9.90%,8.30%,33%,0.52,0.71,70%,35%,9.50%,15%,13%
362,Edwin Jackson\jacksed01,35,TOT,67.2,52%,6.90%,15.50%,9.50%,6.00%,15.20%,49%,0.74,1.19,67%,28%,17.80%,9%,10%
363,Jay Jackson\jacksja01,31,MIL,30.1,61%,4.60%,35.60%,13.60%,22.00%,7.60%,46%,0.6,0.69,44%,26%,17.60%,15%,5%
364,Luke Jackson\jackslu01,27,ATL,72.2,63%,3.20%,33.70%,8.30%,25.40%,6.00%,25%,1.49,2.08,54%,21%,14.90%,6%,9%
365,Josh James\jamesjo02,26,HOU,61.1,51%,3.80%,37.60%,13.20%,24.40%,6.80%,39%,0.55,0.58,44%,23%,13.50%,10%,2%
366,Kenley Jansen\janseke01,31,LAD,63,46%,3.40%,30.40%,6.10%,24.30%,8.40%,43%,0.51,0.6,59%,27%,10.10%,14%,7%
367,Jeremy Jeffress\jeffrje01,31,MIL,52,57%,2.20%,20.40%,7.60%,12.90%,6.70%,28%,0.94,1.2,67%,27%,6.60%,5%,11%
368,Dan Jennings*\jennida01,32,WSN,4.2,56%,3.10%,28.10%,21.90%,6.30%,3.10%,13%,1.33,0.67,44%,27%,16.70%,0%,0%
369,Williams Jerez*\jerezwi01,27,TOT,10.1,40%,4.20%,18.80%,18.80%,0.00%,10.40%,42%,1,2.5,58%,23%,14.30%,7%,21%
370,Jake Jewell\jewelja01,26,LAA,26.1,59%,7.00%,20.20%,7.00%,13.20%,10.50%,43%,1.67,3.23,63%,18%,27.60%,3%,18%
371,Eduardo Jimenez\jimened01,24,DET,10.2,55%,2.00%,16.30%,10.20%,6.10%,10.20%,42%,0.64,0.5,71%,22%,5.00%,9%,0%
372,Joe Jimenez\jimenjo02,24,DET,59.2,56%,5.10%,31.90%,9.00%,23.00%,10.10%,46%,0.42,0.53,53%,23%,14.60%,14%,5%
373,Brian Johnson*\johnsbr02,28,BOS,40.1,32%,3.10%,16.10%,11.90%,4.20%,12.40%,45%,0.72,0.78,68%,22%,8.10%,6%,3%
374,DJ Johnson\johnsdj01,29,COL,25,56%,0.90%,20.70%,16.40%,4.30%,6.00%,30%,0.84,1.38,59%,23%,2.90%,11%,17%
375,Nate Jones\jonesna01,33,CHW,10.1,68%,4.30%,21.30%,14.90%,6.40%,4.30%,20%,1.07,1.33,57%,17%,14.30%,0%,18%
376,Caleb Joseph\josepca01,33,ARI,1.1,75%,0.00%,0.00%,0.00%,0.00%,0.00%,,3,3,100%,0%,0.00%,0%,
377,Jakob Junis\junisja01,26,KCR,175.1,49%,4.00%,21.30%,7.50%,13.80%,9.10%,37%,0.75,1.11,66%,25%,11.20%,9%,10%
378,Ariel Jurado\juradar01,23,TEX,122.1,54%,3.90%,15.00%,6.70%,8.30%,11.30%,41%,0.86,1.34,73%,26%,10.30%,8%,15%
379,Tommy Kahnle\kahnlto01,29,NYY,61.1,50%,3.60%,35.50%,8.10%,27.40%,7.30%,40%,1.01,1.62,52%,25%,14.50%,9%,10%
380,James Karinchak\karinja01,23,CLE,5.1,45%,0.00%,36.40%,4.60%,31.80%,4.60%,33%,0.63,0.5,59%,31%,0.00%,25%,0%
381,Nate Karns\karnsna01,31,BAL,5.1,68%,0.00%,20.00%,12.00%,8.00%,4.00%,14%,3,4,64%,13%,0.00%,0%,17%
382,Anthony Kay*\kayan01,24,TOR,14,19%,0.00%,20.60%,7.90%,12.70%,4.80%,20%,1.2,1.73,70%,23%,0.00%,15%,13%
383,Keone Kela\kelake01,26,PIT,29.2,60%,2.50%,27.70%,9.20%,18.50%,10.10%,63%,0.57,0.81,60%,24%,7.90%,19%,6%
384,Brad Keller\kellebr01,23,KCR,165.1,49%,2.10%,17.20%,9.90%,7.30%,6.20%,29%,1.02,1.32,69%,26%,6.70%,11%,14%
385,Kyle Keller\kelleky01,26,MIA,10.2,70%,6.50%,23.90%,17.40%,6.50%,6.50%,60%,0.32,0.4,48%,20%,21.40%,26%,11%
386,Mitch Keller\kellemi03,23,PIT,48,55%,2.60%,28.60%,7.10%,21.60%,11.50%,36%,0.66,1.11,61%,35%,7.40%,6%,9%
387,Shawn Kelley\kellesh01,35,TEX,47.1,51%,5.90%,21.00%,5.40%,15.60%,11.70%,44%,0.4,0.68,66%,30%,13.00%,12%,14%
388,Trevor Kelley\kelletr01,25,BOS,8.1,73%,5.00%,15.00%,12.50%,2.50%,15.00%,67%,0.21,0.27,68%,24%,9.50%,13%,0%
389,Joe Kelly\kellyjo05,31,LAD,51.1,57%,2.70%,27.40%,9.70%,17.70%,7.10%,33%,1.61,2.29,59%,22%,12.80%,13%,10%
390,Merrill Kelly\kellyme01,30,ARI,183.1,54%,3.70%,20.30%,7.30%,13.00%,9.10%,39%,0.74,1.1,68%,25%,9.90%,8%,11%
391,Ian Kennedy\kenneia01,34,KCR,63.1,50%,2.30%,27.40%,6.40%,21.10%,4.90%,20%,0.8,0.78,62%,23%,7.60%,17%,7%
392,Clayton Kershaw*\kershcl01,31,LAD,178.1,22%,4.00%,26.80%,5.80%,21.00%,7.70%,37%,0.92,1.27,62%,22%,13.90%,15%,14%
393,Dallas Keuchel*\keuchda01,31,ATL,112.2,17%,3.30%,18.70%,8.00%,10.70%,7.00%,30%,1.47,2.62,67%,21%,13.10%,12%,15%
394,Yusei Kikuchi*\kikucyu01,28,SEA,161.2,20%,5.00%,16.10%,6.90%,9.20%,11.50%,43%,0.8,1.07,71%,25%,13.60%,13%,13%
395,Craig Kimbrel\kimbrcr01,31,CHC,20.2,49%,9.40%,31.30%,12.50%,18.80%,14.60%,67%,0.43,0.58,45%,35%,25.70%,0%,0%
396,Mike King\kingmi01,24,NYY,2,56%,0.00%,11.10%,0.00%,11.10%,0.00%,0%,0.6,0.25,89%,0%,0.00%,40%,0%
397,Nick Kingham\kinghni01,27,TOT,55.2,53%,4.30%,17.80%,9.70%,8.10%,13.50%,45%,0.68,1.23,66%,26%,11.60%,12%,10%
398,Tyler Kinley\kinlety01,28,MIA,49.1,62%,2.30%,20.80%,16.30%,4.50%,5.40%,28%,0.64,0.87,60%,28%,7.40%,18%,11%
399,Ian Kinsler\kinslia01,37,SDP,1,83%,0.00%,0.00%,33.30%,-33.30%,0.00%,0%,0.5,2,50%,67%,0.00%,0%,50%
400,Brandon Kintzler\kintzbr01,34,CHC,57,61%,2.20%,21.20%,5.70%,15.40%,7.50%,38%,1.27,1.77,69%,19%,7.90%,11%,23%
401,Andrew Kittredge\kittran01,29,TBR,49.2,66%,3.30%,27.60%,5.70%,21.90%,6.20%,26%,1,1.7,62%,25%,11.30%,10%,6%
402,Branden Kline\klinebr01,27,BAL,41,61%,4.90%,18.60%,10.40%,8.20%,10.40%,43%,0.65,0.98,64%,32%,13.60%,14%,17%
403,Corey Kluber\klubeco01,33,CLE,35.2,56%,2.40%,22.60%,8.90%,13.70%,8.90%,34%,0.67,0.69,64%,24%,6.70%,9%,0%
404,Matt Koch\kochma01,28,ARI,20.2,48%,8.30%,9.40%,4.20%,5.20%,16.70%,55%,0.56,0.93,73%,31%,18.20%,12%,6%
405,Adam Kolarek*\kolarad01,30,TOT,55,49%,3.10%,19.70%,7.00%,12.70%,7.00%,33%,1.96,3,69%,18%,14.60%,13%,13%
406,Joel Kuhnel\kuhnejo01,24,CIN,9.2,60%,2.40%,21.40%,11.90%,9.50%,4.80%,25%,1.15,1.22,64%,14%,10.00%,23%,13%
407,Brady Lail\lailbr01,25,NYY,2.2,30%,10.00%,20.00%,10.00%,10.00%,10.00%,50%,1.33,2,60%,14%,33.30%,0%,33%
408,Travis Lakins\lakintr01,25,BOS,23.1,55%,1.00%,17.70%,9.80%,7.80%,9.80%,44%,0.89,1.22,71%,25%,2.70%,3%,5%
409,Peter Lambert\lambepe01,22,COL,89.1,55%,4.30%,13.60%,8.60%,5.00%,12.40%,44%,0.89,1.45,71%,31%,11.50%,6%,8%
410,Dinelson Lamet\lametdi01,26,SDP,73,46%,3.80%,33.60%,9.60%,24.00%,8.30%,42%,0.57,0.84,51%,28%,13.00%,14%,5%
411,Eric Lauer*\lauerer01,24,SDP,149.2,25%,3.10%,21.20%,7.80%,13.40%,8.50%,35%,0.7,0.8,67%,25%,8.70%,13%,10%
412,Derek Law\lawde01,28,TOR,60.2,51%,2.80%,23.50%,14.00%,9.50%,8.80%,41%,1,1.43,58%,28%,10.00%,7%,6%
413,Mike Leake\leakemi01,31,TOT,197,46%,4.90%,15.20%,3.20%,12.00%,10.70%,39%,0.89,1.2,75%,24%,12.90%,10%,16%
414,Wade LeBlanc*\leblawa01,34,SEA,121.1,23%,5.30%,17.30%,5.80%,11.50%,11.80%,43%,0.68,0.93,71%,25%,13.00%,10%,13%
415,Jose Leclerc\leclejo01,25,TEX,68.2,55%,2.30%,33.40%,13.00%,20.40%,8.40%,48%,0.55,0.7,48%,25%,9.00%,19%,7%
416,Dominic Leone\leonedo01,27,STL,40.2,53%,5.00%,25.60%,12.20%,13.30%,10.00%,46%,0.64,0.85,57%,27%,14.80%,9%,16%
417,Jon Lester*\lestejo01,35,CHC,171.2,23%,3.40%,21.60%,6.80%,14.80%,8.60%,32%,0.75,1.11,67%,30%,9.50%,10%,13%
418,Francisco Liriano*\liriafr01,35,PIT,70,29%,2.70%,20.90%,11.60%,9.30%,7.60%,38%,1.03,1.53,63%,19%,9.60%,14%,15%
419,Zack Littell\litteza01,23,MIN,37,60%,2.70%,21.90%,6.20%,15.80%,8.90%,38%,0.63,0.95,68%,30%,7.50%,17%,16%
420,Ben Lively\livelbe01,27,KCR,1,67%,16.70%,16.70%,0.00%,16.70%,16.70%,33%,0.25,1,67%,20%,25.00%,0%,0%
421,Jonathan Loaisiga\loaisjo01,24,NYY,31.2,56%,4.30%,26.60%,11.50%,15.10%,9.40%,42%,0.67,0.87,57%,31%,12.20%,4%,13%
422,Walker Lockett\lockewa01,25,NYM,22.2,55%,5.80%,15.50%,5.80%,9.70%,11.70%,36%,0.72,1.5,71%,26%,14.30%,9%,14%
423,Jorge Lopez\lopezjo02,26,KCR,123.2,51%,4.90%,19.90%,7.70%,12.20%,10.00%,39%,0.89,1.18,66%,24%,14.10%,6%,10%
424,Pablo Lopez\lopezpa01,23,MIA,111.1,49%,3.20%,20.30%,5.80%,14.50%,8.70%,37%,0.92,1.35,68%,24%,10.10%,13%,13%
425,Reynaldo Lopez\lopezre01,25,CHW,184,51%,4.30%,20.90%,8.00%,12.90%,10.10%,40%,0.53,0.68,66%,28%,11.10%,15%,12%
426,Yoan Lopez\lopezyo01,26,ARI,60.2,62%,4.50%,17.10%,6.90%,10.20%,9.80%,46%,0.78,1.12,71%,26%,11.70%,10%,14%
427,Michael Lorenzen\lorenmi01,27,CIN,83.1,58%,2.60%,24.80%,8.20%,16.60%,6.40%,32%,0.83,1.05,63%,25%,8.30%,11%,5%
428,Aaron Loup*\loupaa01,31,SDP,3.1,43%,0.00%,35.70%,7.10%,28.60%,7.10%,50%,1.33,4,50%,29%,0.00%,0%,0%
429,Richard Lovelady*\lovelri01,23,KCR,20,51%,2.10%,17.70%,8.30%,9.40%,11.50%,37%,1.06,1.87,70%,27%,6.50%,6%,13%
430,Josh Lucas\lucasjo02,28,BAL,15.2,64%,2.90%,23.20%,10.10%,13.00%,5.80%,29%,0.84,1.07,64%,20%,9.50%,16%,0%
431,Joey Lucchesi*\lucchjo01,26,SDP,163.2,23%,3.40%,23.00%,8.20%,14.90%,8.50%,40%,0.91,1.17,64%,20%,10.70%,11%,14%
432,Elvis Luciano\luciael01,19,TOR,33.2,56%,2.50%,17.00%,15.10%,1.90%,9.40%,42%,0.62,0.72,64%,28%,6.60%,6%,8%
433,Seth Lugo\lugose01,29,NYM,80,59%,2.60%,33.10%,5.10%,28.00%,6.10%,34%,0.77,0.88,57%,21%,8.50%,11%,4%
434,Jesus Luzardo*\luzarje01,21,OAK,12,33%,2.20%,34.80%,6.50%,28.30%,6.50%,60%,0.73,0.82,54%,15%,8.30%,20%,0%
435,Jordan Lyles\lylesjo01,28,TOT,141,58%,4.20%,24.40%,9.20%,15.20%,9.70%,44%,0.69,0.94,62%,22%,12.20%,11%,8%
436,Lance Lynn\lynnla01,32,TEX,208.1,48%,2.40%,28.10%,6.70%,21.40%,7.90%,35%,0.67,0.86,62%,28%,7.10%,11%,8%
437,Tyler Lyons*\lyonsty01,31,TOT,12.2,41%,7.40%,31.50%,9.30%,22.20%,14.80%,62%,0.43,0.91,50%,32%,22.20%,14%,18%
438,Kenta Maeda\maedake01,31,LAD,153.2,50%,3.50%,27.10%,8.20%,18.90%,7.50%,41%,0.67,0.9,60%,25%,10.80%,14%,7%
439,Matt Magill\magilma01,29,TOT,50.2,58%,3.10%,28.00%,8.70%,19.20%,10.00%,45%,0.63,0.83,59%,32%,9.10%,10%,0%
440,Tyler Mahle\mahlety01,24,CIN,129.2,54%,4.50%,23.20%,6.10%,17.10%,8.50%,35%,0.91,1.26,65%,25%,13.40%,7%,11%
441,Luke Maile\mailelu01,28,TOR,2,88%,0.00%,37.50%,0.00%,37.50%,0.00%,0%,1,0.5,50%,25%,0.00%,50%,0%
442,Sean Manaea*\manaese01,27,OAK,29.2,37%,2.80%,27.50%,6.40%,21.10%,5.50%,38%,0.7,0.93,61%,23%,9.10%,18%,22%
443,Joe Mantiply*\mantijo01,28,NYY,3,57%,7.10%,14.30%,14.30%,0.00%,14.30%,67%,1.5,6,64%,10%,25.00%,0%,
444,Dillon Maples\mapledi01,27,CHC,11.2,69%,3.70%,33.30%,18.50%,14.80%,3.70%,33%,2.14,4.33,37%,5%,33.30%,14%,0%
445,Nick Margevicius*\margeni01,23,SDP,57,33%,4.60%,16.00%,7.20%,8.80%,12.20%,44%,0.79,1.39,70%,29%,12.20%,9%,12%
446,Parker Markel\markepa01,28,TOT,22,53%,5.50%,21.80%,15.50%,6.40%,11.80%,50%,0.57,0.62,55%,27%,16.20%,12%,4%
447,German Marquez\marquge01,24,COL,174,51%,4.00%,24.30%,4.90%,19.40%,8.30%,35%,0.97,1.59,65%,27%,12.10%,5%,11%
448,Evan Marshall\marshev01,29,CHW,50.2,63%,2.40%,19.60%,11.50%,8.10%,6.20%,31%,1.04,1.56,67%,22%,8.80%,17%,18%
449,Brett Martin*\martibr01,24,TEX,62.1,41%,2.50%,22.10%,6.40%,15.70%,7.50%,29%,1.14,1.66,68%,27%,8.40%,10%,8%
450,Chris Martin\martich02,33,TOT,55.2,53%,4.20%,30.10%,2.30%,27.80%,7.40%,31%,1.03,1.38,63%,24%,13.00%,4%,22%
451,Corbin Martin\martico02,23,HOU,19.1,48%,8.70%,20.70%,13.00%,7.60%,14.10%,57%,0.74,1.05,58%,21%,27.60%,17%,0%
452,Russell Martin\martiru01,36,LAD,4,77%,0.00%,15.40%,0.00%,15.40%,7.70%,50%,0.57,1,85%,18%,0.00%,43%,50%
453,Carlos Martinez\martica04,27,STL,48.1,56%,1.00%,26.50%,9.00%,17.50%,4.00%,21%,1.38,1.79,62%,18%,4.00%,4%,14%
454,Nick Martini*\martini02,29,OAK,1,40%,0.00%,20.00%,40.00%,-20.00%,0.00%,,0,0,40%,0%,0.00%,50%,0%
455,James Marvel\marveja01,25,PIT,17.1,56%,4.80%,10.70%,7.10%,3.60%,15.50%,52%,1.1,1.87,73%,24%,13.80%,6%,0%
456,Jeff Mathis\mathije01,36,TEX,2,56%,11.10%,11.10%,0.00%,11.10%,11.10%,33%,0.33,0.67,78%,38%,20.00%,17%,0%
457,Phil Maton\matonph01,26,TOT,36.2,60%,4.30%,20.30%,7.40%,12.90%,11.00%,47%,0.84,1.33,66%,26%,11.90%,5%,4%
458,Steven Matz*\matzst01,28,NYM,160.1,21%,3.90%,22.10%,7.50%,14.60%,9.10%,39%,0.91,1.29,65%,23%,12.50%,12%,13%
459,Dustin May\maydu01,21,LAD,34.2,60%,1.40%,22.70%,3.60%,19.20%,5.70%,24%,0.83,1.26,70%,30%,4.10%,9%,13%
460,Trevor May\maytr01,29,MIN,64.1,51%,3.00%,29.70%,9.80%,19.90%,5.60%,35%,0.52,0.61,56%,25%,9.20%,16%,4%
461,Mike Mayers\mayermi01,27,STL,19,59%,3.40%,18.20%,12.50%,5.70%,11.40%,48%,0.28,0.41,65%,38%,7.10%,11%,7%
462,Tim Mayza*\mayzati01,27,TOR,51.1,48%,3.50%,24.20%,11.90%,12.30%,9.30%,47%,1.09,1.75,59%,25%,12.50%,6%,7%
463,Chris Mazza\mazzach01,29,NYM,16.1,57%,0.00%,14.90%,6.80%,8.10%,13.50%,48%,0.69,1.18,73%,43%,0.00%,6%,20%
464,Kevin McCarthy\mccarke01,27,KCR,60.1,62%,1.50%,14.20%,7.80%,6.30%,8.60%,34%,1.4,2.18,75%,23%,5.10%,7%,8%
465,Reggie McClain\mcclare01,26,SEA,21,57%,2.10%,11.60%,13.70%,-2.10%,9.50%,41%,1.73,3.55,73%,27%,7.70%,0%,7%
466,T.J. McFarland*\mcfartj01,30,ARI,56,52%,2.40%,14.00%,8.00%,6.00%,8.40%,30%,1.57,2.56,74%,25%,8.60%,5%,8%
467,Jake McGee*\mcgeeja01,32,COL,41.1,42%,6.10%,19.40%,6.10%,13.30%,11.70%,45%,0.55,0.73,67%,25%,14.50%,8%,12%
468,Kyle McGowin\mcgowky01,27,WSN,16,54%,9.20%,23.70%,5.30%,18.40%,11.80%,41%,0.79,1.31,59%,25%,24.10%,0%,11%
469,Collin McHugh\mchugco01,32,HOU,74.2,53%,3.80%,25.90%,9.50%,16.40%,10.40%,53%,0.64,0.92,60%,27%,11.20%,12%,6%
470,Brendan McKay*\mckaybr01,23,TBR,49,24%,3.70%,25.90%,7.40%,18.50%,11.10%,45%,0.56,0.67,63%,25%,9.90%,11%,3%
471,David McKay\mckayda02,24,TOT,26.1,54%,2.60%,29.60%,14.80%,14.80%,7.00%,40%,0.4,0.43,52%,30%,7.30%,9%,10%
472,Alex McRae\mcraeal01,26,PIT,26.2,54%,6.80%,14.40%,12.10%,2.30%,11.40%,42%,0.74,1.14,64%,26%,18.80%,11%,12%
473,John Means*\meansjo01,26,BAL,155,23%,3.60%,19.00%,6.00%,13.00%,9.30%,43%,0.45,0.6,70%,27%,8.20%,12%,11%
474,Adalberto Mejia*\mejiaad01,26,TOT,31.1,38%,2.80%,20.70%,14.50%,6.20%,9.00%,39%,0.39,0.39,62%,30%,6.80%,12%,0%
475,Mark Melancon\melanma01,34,TOT,67.1,63%,1.40%,23.90%,6.30%,17.60%,4.90%,20%,1.55,2.24,68%,24%,5.80%,10%,13%
476,Keury Mella\mellake01,25,CIN,3.2,44%,0.00%,22.20%,11.10%,11.10%,11.10%,40%,0.5,0.75,67%,33%,0.00%,13%,0%
477,Tim Melville\melviti01,29,COL,33.1,45%,6.30%,16.80%,9.80%,7.00%,9.80%,41%,0.79,1.24,65%,22%,18.40%,13%,11%
478,Yohander Mendez*\mendeyo01,24,TEX,4.2,48%,9.50%,38.10%,23.80%,14.30%,9.50%,50%,0.33,1,29%,25%,40.00%,17%,0%
479,Conner Menez*\menezco01,24,SFG,17,34%,5.50%,30.10%,16.40%,13.70%,8.20%,46%,0.42,0.56,47%,15%,17.40%,12%,7%
480,Daniel Mengden\mengdda01,26,OAK,59.2,44%,2.70%,16.20%,10.40%,5.80%,9.20%,41%,0.6,0.69,71%,23%,7.00%,16%,8%
481,Keynan Middleton\middlke01,25,LAA,7.2,76%,0.00%,18.20%,21.20%,-3.00%,6.10%,50%,0.54,0.55,61%,20%,0.00%,8%,10%
482,Miles Mikolas\mikolmi01,30,STL,184,52%,3.50%,18.90%,4.20%,14.70%,8.60%,34%,0.93,1.42,71%,25%,9.90%,8%,17%
483,Wade Miley*\mileywa01,32,HOU,167.1,23%,3.20%,19.40%,8.50%,11.00%,6.90%,31%,0.99,1.37,68%,23%,9.80%,8%,10%
484,Andrew Miller*\millean01,34,STL,54.2,47%,4.70%,29.70%,11.40%,18.20%,5.50%,29%,0.59,0.81,51%,24%,16.20%,17%,13%
485,Justin Miller\milleju02,32,WSN,15.2,68%,7.70%,16.90%,6.20%,10.80%,7.70%,31%,0.21,0.32,65%,23%,16.70%,21%,9%
486,Shelby Miller\millesh01,28,TEX,44,59%,3.60%,13.60%,13.20%,0.50%,7.70%,29%,0.69,0.67,68%,25%,9.10%,5%,7%
487,Alec Mills\millsal02,27,CHC,36,56%,3.30%,27.60%,7.20%,20.40%,7.20%,36%,0.96,1.75,57%,24%,11.90%,11%,15%
488,Hoby Milner*\milneho01,28,TBR,3.2,47%,0.00%,17.70%,5.90%,11.80%,17.70%,75%,0.33,0.6,71%,33%,0.00%,33%,
489,Tommy Milone*\milonto01,32,SEA,111.2,30%,5.30%,20.80%,5.10%,15.70%,11.90%,53%,0.59,0.82,68%,24%,13.00%,11%,13%
490,Juan Minaya\minayju01,28,CHW,27.2,63%,3.20%,21.40%,9.50%,11.90%,12.70%,52%,0.42,0.65,64%,27%,7.80%,15%,12%
491,Mike Minor*\minormi01,31,TEX,208.1,23%,3.50%,23.20%,7.90%,15.30%,6.70%,31%,0.69,0.83,64%,22%,10.50%,17%,13%
492,A.J. Minter*\minteaj01,25,ATL,29.1,39%,2.00%,23.80%,15.70%,8.20%,8.20%,33%,0.64,0.96,57%,33%,6.00%,6%,3%
493,Frankie Montas\montafr02,26,OAK,96,48%,2.00%,26.10%,5.80%,20.30%,8.10%,38%,0.99,1.58,65%,25%,7.10%,14%,14%
494,Rafael Montero\montera01,28,TEX,29,50%,4.40%,30.10%,4.40%,25.70%,8.00%,39%,0.67,0.93,59%,26%,12.80%,9%,12%
495,Jordan Montgomery*\montgjo01,26,NYY,4,42%,5.30%,26.30%,0.00%,26.30%,21.10%,57%,0.27,0.75,68%,50%,9.10%,0%,0%
496,Mike Montgomery*\montgmi01,29,TOT,91,23%,4.50%,17.20%,8.50%,8.70%,10.50%,37%,0.96,1.64,68%,29%,12.60%,3%,17%
497,Andrew Moore\moorean02,25,SEA,4.2,55%,10.00%,10.00%,5.00%,5.00%,20.00%,67%,0.21,0.38,75%,24%,16.70%,14%,
498,Dylan Moore\mooredy01,26,SEA,1,40%,0.00%,0.00%,20.00%,-20.00%,0.00%,0%,0.6,0.5,80%,38%,0.00%,0%,0%
499,Matt Moore*\moorema02,30,DET,10,3%,0.00%,27.30%,3.00%,24.20%,0.00%,0%,1.44,1.63,70%,13%,0.00%,22%,33%
500,Kendrys Morales\moralke01,36,TOT,1,29%,0.00%,0.00%,28.60%,-28.60%,0.00%,0%,0.33,0.5,57%,25%,0.00%,33%,0%
501,Brian Moran*\moranbr01,30,MIA,6.1,48%,3.50%,34.50%,6.90%,27.60%,10.30%,50%,0.63,1.25,45%,27%,12.50%,0%,0%
502,Adrian Morejon*\morejad01,20,SDP,8,40%,2.40%,21.40%,7.10%,14.30%,16.70%,47%,0.58,0.88,69%,37%,6.30%,16%,0%
503,Adam Morgan*\morgaad01,29,PHI,29.2,47%,3.30%,24.20%,8.30%,15.80%,6.70%,40%,0.7,0.73,62%,22%,10.50%,17%,5%
504,Mike Morin\morinmi01,28,TOT,50.2,58%,2.90%,12.40%,4.80%,7.60%,7.60%,35%,0.68,0.84,77%,26%,6.90%,12%,7%
505,Reyes Moronta\moronre01,26,SFG,56.2,63%,1.60%,28.50%,13.40%,15.00%,5.30%,32%,0.62,0.62,55%,21%,5.60%,17%,4%
506,Charlie Morton\mortoch02,35,TBR,194.2,49%,1.90%,30.40%,7.20%,23.20%,6.80%,35%,0.92,1.25,59%,25%,6.70%,10%,9%
507,Andres Munoz\munozan01,20,SDP,23,52%,2.10%,30.90%,11.30%,19.60%,8.30%,50%,0.67,0.77,55%,25%,6.90%,12%,19%
508,John Ryan Murphy\murphjr01,28,TOT,3,36%,13.60%,0.00%,13.60%,-13.60%,27.30%,60%,0.12,0.13,73%,37%,20.00%,12%,0%
509,Tom Murphy\murphto04,28,SEA,3,55%,0.00%,18.20%,9.10%,9.10%,9.10%,100%,0.33,0.4,73%,13%,0.00%,0%,50%
510,Harrison Musgrave*\musgrha01,27,COL,10,45%,0.00%,25.50%,14.90%,10.60%,4.30%,22%,0.33,0.36,60%,36%,0.00%,14%,0%
511,Joe Musgrove\musgrjo01,26,PIT,170.1,52%,2.90%,21.90%,5.40%,16.40%,10.30%,44%,0.8,1.08,68%,24%,8.30%,10%,7%
512,Jimmy Nelson\nelsoji02,30,MIL,22,50%,3.80%,24.80%,16.20%,8.60%,10.50%,44%,0.54,1,53%,33%,10.80%,5%,17%
513,Hector Neris\nerishe01,30,PHI,67.2,55%,3.60%,32.40%,8.70%,23.60%,6.20%,38%,0.83,0.9,53%,24%,14.10%,15%,4%
514,Pat Neshek\neshepa01,38,PHI,18,66%,6.30%,11.40%,2.50%,8.90%,8.90%,30%,0.68,0.73,80%,24%,13.50%,8%,0%
515,Dovydas Neverauskas\neverdo01,26,PIT,9.1,55%,3.80%,18.90%,13.20%,5.70%,15.10%,53%,0.55,0.9,60%,38%,9.10%,0%,0%
516,Jake Newberry\newbeja01,24,KCR,31,63%,5.10%,21.20%,11.70%,9.50%,11.70%,55%,0.52,0.64,61%,26%,13.00%,10%,7%
517,Sean Newcomb*\newcose01,26,ATL,68.1,30%,2.70%,22.20%,9.90%,12.30%,6.50%,31%,0.99,1.23,64%,21%,9.10%,10%,10%
518,Juan Nicasio\nicasju01,32,PHI,47.1,63%,1.80%,20.70%,9.70%,11.10%,8.30%,32%,0.87,1.5,66%,29%,5.60%,8%,10%
519,Hector Noesi\noesihe01,32,MIA,27.2,58%,5.70%,19.40%,11.30%,8.10%,12.90%,53%,0.46,0.57,62%,24%,14.30%,14%,12%
520,Stephen Nogosek\nogosst01,24,NYM,6.2,62%,5.90%,17.70%,5.90%,11.80%,11.80%,33%,0.63,0.75,71%,35%,13.30%,6%,0%
521,Aaron Nola\nolaaa01,26,PHI,202.1,56%,3.20%,26.90%,9.40%,17.50%,7.50%,36%,1.01,1.56,59%,23%,11.30%,8%,9%
522,Daniel Norris*\norrida01,26,DET,144.1,19%,4.10%,20.50%,6.20%,14.30%,9.30%,37%,0.75,1.13,68%,24%,11.10%,10%,11%
523,James Norwood\norwoja01,25,CHC,9.1,70%,2.30%,25.00%,18.20%,6.80%,6.80%,33%,0.67,0.6,55%,20%,7.10%,7%,8%
524,Ivan Nova\novaiv01,32,CHW,187,51%,3.70%,14.10%,5.80%,8.30%,9.20%,33%,0.85,1.41,75%,28%,9.90%,11%,19%
525,Eduardo Nunez\nunezed02,32,BOS,1,50%,25.00%,0.00%,0.00%,0.00%,25.00%,100%,0.33,0.5,75%,25%,33.30%,0%,
526,Darren O'Day\odayda01,36,ATL,5.1,71%,0.00%,28.60%,4.80%,23.80%,14.30%,100%,0.3,0.43,62%,46%,0.00%,30%,0%
527,Ryan O'Rourke*\orourry01,31,NYM,1.1,67%,0.00%,16.70%,50.00%,-33.30%,0.00%,,0,0,33%,0%,0.00%,50%,0%
528,Scott Oberg\obergsc01,29,COL,56,54%,2.20%,26.00%,10.30%,15.70%,3.60%,21%,1.01,1.4,61%,23%,8.10%,10%,11%
529,Jake Odorizzi\odorija01,29,MIN,159,53%,2.40%,27.10%,8.10%,19.00%,7.10%,34%,0.54,0.65,61%,25%,7.00%,14%,8%
530,Seunghwan Oh\ohse01,36,COL,18.1,59%,6.80%,18.20%,6.80%,11.40%,8.00%,24%,0.61,0.95,68%,30%,15.40%,5%,5%
531,Tyler Olson*\olsonty01,29,CLE,30.2,41%,2.10%,20.00%,11.40%,8.60%,9.30%,38%,0.82,0.97,65%,26%,6.70%,12%,0%
532,Luis Ortiz\ortizlu02,23,BAL,3.1,56%,11.10%,16.70%,27.80%,-11.10%,16.70%,75%,0.43,0.75,44%,30%,33.30%,14%,50%
533,Josh Osich*\osichjo01,30,CHW,67.2,42%,5.50%,22.40%,5.50%,16.90%,10.30%,45%,0.72,1.09,67%,29%,14.20%,6%,14%
534,Jose Osuna\osunajo01,26,PIT,2.1,67%,11.10%,0.00%,0.00%,0.00%,11.10%,33%,0.8,1.33,89%,33%,20.00%,0%,100%
535,Roberto Osuna\osunaro01,24,HOU,65,48%,3.20%,28.90%,4.70%,24.10%,5.50%,31%,0.65,0.77,62%,28%,9.30%,14%,5%
536,Corey Oswalt\oswalco01,25,NYM,6.2,53%,2.90%,14.70%,17.70%,-2.90%,14.70%,56%,0.57,1.14,65%,35%,7.10%,0%,13%
537,Dan Otero\oteroda01,34,CLE,29.2,62%,4.60%,12.20%,2.30%,9.90%,9.90%,31%,1.13,1.77,80%,23%,12.50%,8%,13%
538,Adam Ottavino\ottavad01,33,NYY,66.1,66%,1.80%,31.10%,14.10%,17.00%,5.30%,32%,0.68,0.86,52%,22%,6.40%,13%,14%
539,Chris Owings\owingch01,27,TOT,1.2,33%,16.70%,0.00%,8.30%,-8.30%,25.00%,50%,0.1,0.25,75%,45%,22.20%,10%,0%
540,Chris Paddack\paddach01,23,SDP,140.2,49%,4.10%,26.90%,5.50%,21.50%,7.90%,42%,0.66,0.77,62%,24%,11.90%,13%,6%
541,Emilio Pagan\paganem01,28,TBR,70,64%,4.50%,36.00%,4.90%,31.10%,7.90%,47%,0.54,0.65,54%,22%,15.00%,22%,7%
542,Joe Palumbo*\palumjo01,24,TEX,16.2,21%,8.60%,25.90%,9.90%,16.10%,16.10%,62%,0.53,0.81,52%,32%,22.60%,3%,6%
543,Thomas Pannone*\pannoth01,25,TOR,73,29%,4.00%,21.20%,9.50%,11.70%,9.20%,41%,0.53,0.7,63%,24%,10.40%,11%,8%
544,Blake Parker\parkebl01,34,TOT,61.1,56%,5.10%,25.50%,8.60%,16.90%,7.80%,38%,0.64,1.04,59%,28%,14.90%,12%,8%
545,Gerardo Parra*\parrage01,32,TOT,0,40%,0.00%,0.00%,80.00%,-80.00%,0.00%,0%,,,20%,0%,,,0%
546,Wes Parsons\parsowe01,26,TOT,34.2,62%,3.80%,16.60%,18.50%,-1.90%,6.40%,31%,0.87,1.66,59%,30%,12.20%,6%,20%
547,James Paxton*\paxtoja01,30,NYY,150.2,24%,3.60%,29.40%,8.70%,20.70%,8.70%,40%,0.66,0.68,58%,23%,12.00%,18%,8%
548,Joel Payamps\payamjo01,25,ARI,4,53%,0.00%,17.70%,17.70%,0.00%,0.00%,0%,0.11,0.5,59%,45%,0.00%,0%,17%
549,Pedro Payano\payanpe01,24,TEX,22,48%,2.90%,16.50%,14.60%,1.90%,9.70%,39%,0.86,1.29,64%,24%,8.80%,8%,12%
550,James Pazos*\pazosja01,28,COL,10.1,56%,2.60%,25.60%,10.30%,15.40%,5.10%,29%,1.5,2.33,62%,20%,10.00%,0%,13%
551,Brad Peacock\peacobr01,31,HOU,91.2,53%,3.90%,25.10%,8.10%,17.00%,9.70%,47%,0.61,0.92,62%,24%,10.80%,10%,9%
552,Felix Pena\penafe01,29,LAA,96.1,52%,3.90%,24.80%,8.40%,16.50%,8.60%,44%,0.79,1.11,61%,24%,12.40%,13%,7%
553,Freddy Peralta\peralfr01,23,MIL,85,60%,3.90%,30.10%,9.70%,20.40%,9.40%,41%,0.48,0.54,55%,29%,12.00%,17%,3%
554,Wandy Peralta*\peralwa01,27,TOT,39.2,51%,6.40%,18.60%,9.30%,9.30%,9.90%,43%,1.03,1.97,65%,20%,19.60%,3%,13%
555,Wily Peralta\peralwi01,30,KCR,40.1,56%,4.00%,13.60%,10.80%,2.80%,8.50%,33%,0.81,1.18,70%,24%,10.80%,10%,17%
556,Jose Peraza\perazjo01,25,CIN,1.1,75%,0.00%,0.00%,0.00%,0.00%,0.00%,0%,1,1,100%,0%,0.00%,50%,50%
557,Luis Perdomo\perdolu02,26,SDP,72,63%,2.00%,18.60%,6.10%,12.50%,6.80%,29%,1.13,1.62,72%,23%,6.20%,5%,15%
558,Cionel Perez*\perezci01,23,HOU,9,28%,7.50%,17.50%,5.00%,12.50%,12.50%,46%,0.94,0.82,70%,23%,18.80%,0%,0%
559,Hernan Perez\perezhe01,28,MIL,3,73%,9.10%,9.10%,18.20%,-9.10%,9.10%,50%,0.6,1.67,64%,13%,33.30%,40%,50%
560,Martin Perez*\perezma02,28,MIN,165.1,20%,3.10%,18.30%,9.10%,9.20%,8.00%,32%,0.95,1.38,69%,25%,9.50%,10%,8%
561,Oliver Perez*\perezol01,37,CLE,40.2,55%,2.90%,27.80%,6.90%,20.80%,11.00%,50%,0.8,1.18,61%,28%,9.10%,8%,5%
562,Dillon Peters*\peterdi01,26,LAA,72,28%,5.50%,16.80%,8.00%,8.90%,13.50%,52%,0.67,1.08,68%,27%,13.70%,8%,13%
563,Tim Peterson\peterti01,28,NYM,7.1,66%,2.90%,8.60%,20.00%,-11.40%,5.70%,29%,0.33,0.73,66%,33%,8.30%,33%,33%
564,Yusmeiro Petit\petityu01,34,OAK,83,57%,3.60%,23.10%,3.30%,19.80%,7.80%,42%,0.44,0.57,70%,21%,8.50%,15%,13%
565,Jake Petricka\petrija01,31,MIL,8,64%,0.00%,8.30%,16.70%,-8.30%,8.30%,50%,1.08,1.33,75%,30%,0.00%,0%,0%
566,David Phelps\phelpda01,32,TOT,34.1,67%,3.40%,24.50%,11.60%,12.90%,6.80%,32%,0.63,0.94,60%,23%,10.00%,12%,13%
567,Evan Phillips\phillev01,24,BAL,28,60%,1.40%,28.60%,14.30%,14.30%,7.10%,31%,0.62,0.83,51%,36%,5.00%,11%,7%
568,Michael Pineda\pinedmi01,30,MIN,146,58%,3.80%,23.30%,4.70%,18.70%,8.50%,36%,0.56,0.72,67%,27%,9.40%,9%,11%
569,Ricardo Pinto\pintori01,25,TBR,2.1,46%,7.70%,0.00%,15.40%,-15.40%,15.40%,50%,0.83,2.5,77%,45%,16.70%,0%,0%
570,Nick Pivetta\pivetni01,26,PHI,93.2,52%,4.80%,21.10%,9.30%,11.90%,10.20%,42%,0.77,1.17,63%,27%,13.80%,9%,10%
571,Kevin Plawecki\plaweke01,28,CLE,2,67%,0.00%,0.00%,0.00%,0.00%,0.00%,,1,1,100%,17%,0.00%,33%,
572,Zach Plesac\plesaza01,24,CLE,115.2,56%,4.00%,18.50%,8.40%,10.10%,9.70%,45%,0.66,0.85,68%,26%,10.50%,12%,10%
573,Adam Plutko\plutkad01,27,CLE,109.1,50%,4.80%,16.90%,5.60%,11.30%,10.80%,44%,0.46,0.57,72%,28%,10.80%,15%,12%
574,Colin Poche*\pocheco01,25,TBR,51.2,37%,4.40%,34.80%,9.20%,25.60%,7.70%,49%,0.22,0.28,49%,21%,12.90%,21%,9%
575,Drew Pomeranz*\pomerdr01,30,TOT,104,29%,4.60%,30.10%,9.70%,20.40%,8.40%,36%,0.64,0.87,54%,26%,14.50%,10%,8%
576,Daniel Ponce de Leon\ponceda01,27,STL,48.2,59%,3.00%,25.60%,12.80%,12.80%,6.40%,36%,0.85,1.14,58%,15%,11.10%,18%,19%
577,Sean Poppen\poppese01,25,MIN,8.1,64%,2.80%,25.00%,13.90%,11.10%,13.90%,50%,0.83,3,58%,41%,8.30%,0%,33%
578,Rick Porcello\porceri01,30,BOS,174.1,50%,4.00%,18.60%,5.90%,12.80%,10.30%,40%,0.63,0.85,70%,26%,10.30%,14%,4%
579,Brooks Pounders\poundbr01,28,NYM,7.1,62%,2.90%,14.70%,5.90%,8.80%,8.80%,33%,0.67,1.29,71%,42%,7.70%,13%,0%
580,Bobby Poyner*\poynebo01,26,BOS,11.2,41%,4.10%,22.50%,10.20%,12.20%,10.20%,50%,0.39,0.41,61%,19%,10.50%,17%,0%
581,Ryan Pressly\pressry01,30,HOU,54.1,52%,2.80%,34.10%,5.70%,28.40%,5.70%,32%,1.1,1.73,57%,27%,10.70%,7%,3%
582,David Price*\priceda01,33,BOS,107.1,18%,3.30%,28.00%,7.00%,21.00%,9.80%,41%,0.7,0.99,61%,29%,9.80%,11%,8%
583,Austin Pruitt\pruitau01,29,TBR,47,48%,3.60%,20.20%,6.20%,14.00%,9.30%,38%,1.16,1.83,69%,23%,12.10%,9%,15%
584,A.J. Puk*\pukaj01,24,OAK,11.1,30%,2.10%,27.70%,10.60%,17.00%,4.30%,20%,0.81,0.91,60%,21%,7.70%,19%,25%
585,Cal Quantrill\quantca01,24,SDP,103,39%,3.40%,20.10%,6.30%,13.80%,8.10%,34%,0.79,0.98,69%,24%,9.40%,10%,5%
586,Jose Quijada*\quijajo01,23,MIA,29.2,43%,6.90%,30.60%,18.10%,12.50%,11.80%,63%,0.5,0.96,41%,33%,26.30%,17%,10%
587,Roman Quinn\quinnro01,26,PHI,3.1,63%,0.00%,5.30%,15.80%,-10.50%,5.30%,14%,0.5,0.5,79%,47%,0.00%,10%,0%
588,Jose Quintana*\quintjo01,30,CHC,171,22%,2.70%,20.40%,6.20%,14.20%,8.70%,34%,0.8,1.14,70%,29%,7.50%,9%,8%
589,Tanner Rainey\raineta01,26,WSN,48.1,59%,2.80%,34.60%,17.80%,16.80%,6.50%,44%,1.09,1.83,42%,18%,15.00%,13%,4%
590,Erasmo Ramirez\ramirer02,29,BOS,3,73%,13.30%,6.70%,6.70%,0.00%,20.00%,75%,0.83,3,60%,17%,40.00%,17%,0%
591,JC Ramirez\ramirjc01,30,LAA,8,65%,2.90%,11.80%,2.90%,8.80%,17.70%,75%,1,2.33,79%,32%,7.10%,0%,0%
592,Neil Ramirez\ramirne01,30,TOT,25,54%,6.30%,21.40%,13.40%,8.00%,11.60%,50%,0.3,0.24,59%,19%,16.70%,25%,4%
593,Nick Ramirez*\ramirni01,29,DET,79.2,34%,3.20%,21.30%,10.10%,11.20%,8.60%,40%,0.87,1.17,65%,22%,10.30%,14%,8%
594,Noe Ramirez\ramirno01,29,LAA,67.2,68%,3.20%,28.20%,7.10%,21.10%,7.90%,37%,0.62,0.85,60%,24%,9.80%,15%,13%
595,Yefry Ramirez\ramirye01,25,TOT,24.1,54%,3.40%,22.70%,13.50%,9.20%,10.10%,40%,1.03,1.05,57%,22%,12.90%,11%,10%
596,Edubray Ramos\ramosed02,26,PHI,15,70%,7.30%,15.90%,10.10%,5.80%,11.60%,42%,0.36,0.45,65%,30%,18.50%,25%,0%
597,Matt Ramsey\ramsema01,29,LAA,1,33%,0.00%,33.30%,0.00%,33.30%,0.00%,,0,0,67%,0%,0.00%,0%,
598,Robbie Ray*\rayro02,27,ARI,174.1,22%,4.00%,31.50%,11.20%,20.20%,9.10%,45%,0.62,0.97,51%,28%,13.70%,12%,10%
599,AJ Reed*\reedaj01,26,CHW,1,0%,0.00%,0.00%,0.00%,0.00%,0.00%,,0.5,0.5,100%,0%,0.00%,0%,
600,Cody Reed*\reedco01,26,CIN,6.1,52%,0.00%,28.00%,4.00%,24.00%,0.00%,0%,3.25,2.25,68%,12%,0.00%,0%,22%
601,Sean Reid-Foley\reidfse01,23,TOR,31.2,50%,3.30%,18.70%,14.00%,4.70%,8.70%,39%,0.74,0.78,63%,23%,9.40%,7%,8%
602,Zac Reininger\reiniza01,26,DET,28,61%,7.90%,12.10%,11.40%,0.70%,20.00%,64%,0.62,1.31,69%,35%,17.70%,6%,18%
603,Alex Reyes\reyesal02,24,STL,3,59%,5.90%,5.90%,35.30%,-29.40%,5.90%,50%,0.43,0.6,53%,30%,14.30%,0%,0%
604,Gerardo Reyes\reyesge01,26,SDP,26,49%,2.60%,32.50%,9.40%,23.10%,7.70%,38%,0.6,0.54,52%,20%,8.10%,8%,0%
605,Mark Reynolds\reynoma01,35,COL,1,43%,0.00%,0.00%,14.30%,-14.30%,0.00%,0%,1.5,0.5,71%,0%,0.00%,0%,0%
606,Jacob Rhame\rhameja01,26,NYM,6.1,50%,3.30%,16.70%,30.00%,-13.30%,10.00%,100%,0.5,0.86,47%,19%,11.10%,10%,14%
607,Clayton Richard*\richacl01,35,TOR,45.1,19%,4.50%,11.00%,9.00%,2.00%,10.50%,40%,1.26,1.87,74%,22%,15.30%,14%,16%
608,Garrett Richards\richaga01,31,SDP,8.2,37%,4.90%,26.80%,14.60%,12.20%,17.10%,70%,0.77,2.75,51%,25%,16.70%,8%,14%
609,Trevor Richards\richatr01,26,TOT,135.1,57%,3.30%,21.90%,9.70%,12.20%,8.10%,37%,0.56,0.75,63%,27%,8.90%,13%,9%
610,Yacksel Rios\riosya01,26,TOT,13,60%,6.20%,18.50%,12.30%,6.20%,12.30%,50%,0.58,1.08,57%,36%,18.20%,15%,12%
611,Tanner Roark\roarkta01,32,TOT,165.1,50%,3.90%,21.90%,7.10%,14.80%,9.30%,37%,0.57,0.79,65%,30%,10.00%,11%,14%
612,Daniel Robertson\roberda10,25,TBR,1,100%,0.00%,0.00%,0.00%,0.00%,0.00%,0%,,,100%,0%,,,100%
613,David Robertson\roberda08,34,PHI,6.2,45%,3.00%,18.20%,18.20%,0.00%,6.10%,25%,0.5,0.56,61%,33%,7.70%,7%,11%
614,Hansel Robles\robleha01,28,LAA,72.2,53%,2.10%,26.50%,5.70%,20.90%,6.00%,29%,0.63,0.76,65%,28%,6.00%,13%,11%
615,Brady Rodgers\rodgebr01,28,HOU,5,52%,16.00%,16.00%,12.00%,4.00%,20.00%,71%,0.5,0.83,56%,22%,36.40%,8%,0%
616,Fernando Rodney\rodnefe01,42,TOT,47.2,50%,2.40%,23.30%,13.30%,10.00%,6.20%,27%,1.02,1.28,61%,25%,8.80%,14%,14%
617,Carlos Rodon*\rodonca01,26,CHW,34.2,11%,2.50%,29.10%,10.80%,18.40%,7.60%,36%,0.72,0.93,57%,31%,8.30%,11%,3%
618,Dereck Rodriguez\rodride01,27,SFG,99,55%,4.80%,16.20%,8.20%,8.00%,10.00%,41%,0.82,1.08,70%,23%,13.00%,10%,10%
619,Eduardo Rodriguez*\rodried05,26,BOS,203.1,21%,2.80%,24.80%,8.70%,16.10%,6.50%,29%,0.95,1.27,63%,21%,9.50%,11%,11%
620,Jefry Rodriguez\rodrije01,25,CLE,46.2,56%,2.50%,16.30%,10.30%,5.90%,8.90%,38%,0.95,1.26,70%,26%,7.40%,11%,13%
621,Jose Rodriguez\rodrijo07,23,LAA,19.2,68%,6.00%,15.50%,13.10%,2.40%,7.10%,35%,0.67,1.09,65%,27%,15.60%,11%,20%
622,Richard Rodriguez\rodriri05,29,PIT,65.1,57%,4.90%,22.10%,8.10%,14.00%,6.70%,29%,0.77,0.77,64%,16%,16.10%,22%,8%
623,Sean Rodriguez\rodrise01,34,PHI,1.1,75%,0.00%,25.00%,0.00%,25.00%,0.00%,,0.5,0.5,75%,33%,0.00%,0%,
624,Chaz Roe\roech01,32,TBR,51,76%,1.30%,28.40%,13.50%,14.90%,5.70%,27%,0.78,1.15,56%,27%,4.70%,12%,15%
625,Josh Rogers*\rogerjo01,24,BAL,14.1,28%,10.10%,7.30%,8.70%,-1.50%,14.50%,56%,0.32,0.46,68%,24%,18.40%,7%,20%
626,Taylor Rogers*\rogerta01,28,MIN,69,26%,2.90%,32.40%,4.00%,28.40%,6.10%,29%,1.05,1.29,58%,22%,11.00%,10%,12%
627,Tyler Rogers\rogerty01,28,SFG,17.2,64%,0.00%,22.90%,4.30%,18.60%,4.30%,25%,2.27,3.11,70%,14%,0.00%,20%,0%
628,Jordan Romano\romanjo03,26,TOR,15.1,57%,5.30%,28.00%,12.00%,16.00%,6.70%,29%,1,2.13,49%,22%,25.00%,20%,6%
629,Sal Romano\romansa01,25,CIN,16.1,55%,5.20%,20.80%,10.40%,10.40%,15.60%,55%,0.68,1.29,62%,25%,13.30%,3%,13%
630,Fernando Romero\romerfe01,24,MIN,14,65%,2.80%,25.00%,15.30%,9.70%,8.30%,32%,1.1,2,56%,26%,12.50%,20%,12%
631,Austin Romine\rominau01,30,NYY,1,43%,28.60%,0.00%,0.00%,0.00%,42.90%,75%,0.17,0,71%,29%,33.30%,0%,0%
632,Sergio Romo\romose01,36,TOT,60.1,56%,2.80%,24.10%,6.80%,17.30%,7.60%,38%,0.56,0.6,65%,23%,7.90%,18%,11%
633,Hector Rondon\rondohe01,31,HOU,60.2,58%,3.90%,18.70%,7.80%,10.90%,9.70%,45%,1.02,1.22,68%,18%,11.80%,7%,12%
634,Jose Rondon\rondojo02,25,TOT,1,80%,0.00%,0.00%,0.00%,0.00%,0.00%,0%,0.67,0,100%,20%,0.00%,33%,0%
635,Adonis Rosa\rosaad01,24,NYY,2,43%,14.30%,28.60%,0.00%,28.60%,14.30%,100%,0.67,1,57%,0%,33.30%,0%,
636,Randy Rosario*\rosarra01,25,TOT,14.1,35%,3.20%,20.60%,7.90%,12.70%,9.50%,40%,1.5,3.29,68%,27%,11.80%,6%,8%
637,Trevor Rosenthal\rosentr01,29,TOT,15.1,55%,0.00%,20.00%,30.60%,-10.60%,1.20%,9%,0.76,1.07,44%,26%,0.00%,10%,6%
638,Joe Ross\rossjo01,26,WSN,64,51%,2.40%,19.30%,11.20%,8.10%,8.80%,35%,0.79,1.37,65%,25%,7.10%,12%,12%
639,Tyson Ross\rossty01,32,DET,35.1,52%,4.30%,15.40%,11.10%,4.30%,8.60%,34%,1.02,1.17,69%,25%,13.70%,12%,3%
640,Zac Rosscup*\rosscza01,31,TOT,18,49%,2.10%,27.70%,20.20%,7.50%,6.40%,27%,1.45,3.5,50%,20%,10.00%,0%,10%
641,Jose Ruiz\ruizjo01,24,CHW,40,68%,3.00%,17.70%,12.10%,5.60%,8.10%,29%,0.56,0.67,65%,26%,8.60%,19%,7%
642,Nick Rumbelow\rumbeni01,27,SEA,1.1,78%,22.20%,22.20%,11.10%,11.10%,22.20%,67%,0.2,0,44%,50%,40.00%,0%,0%
643,Chris Rusin*\rusinch01,32,COL,1,33%,11.10%,0.00%,11.10%,-11.10%,33.30%,60%,0.14,0.5,78%,63%,14.30%,0%,0%
644,Kyle Ryan*\ryanky01,27,CHC,61,39%,1.90%,22.30%,11.20%,11.20%,4.20%,20%,1.33,1.8,64%,21%,7.90%,14%,15%
645,Hyun-Jin Ryu*\ryuhy01,32,LAD,182.2,24%,2.40%,22.50%,3.30%,19.20%,7.20%,33%,1.06,1.66,70%,27%,7.50%,10%,16%
646,CC Sabathia*\sabatc.01,38,NYY,107.1,22%,5.80%,22.90%,8.30%,14.50%,10.70%,45%,0.68,0.9,62%,23%,16.40%,12%,12%
647,Casey Sadler\sadleca02,28,TOT,46.1,50%,2.60%,16.00%,6.70%,9.30%,5.70%,27%,1.1,1.52,72%,18%,8.30%,10%,20%
648,Connor Sadzeck\sadzeco01,27,SEA,23.2,58%,2.80%,25.20%,14.00%,11.20%,6.50%,39%,0.8,1,56%,29%,10.70%,20%,12%
649,Fernando Salas\salasfe01,34,PHI,2.2,60%,6.70%,20.00%,0.00%,20.00%,13.30%,25%,0.71,1.5,73%,33%,16.70%,14%,33%
650,Danny Salazar\salazda01,29,CLE,4,65%,11.80%,11.80%,17.70%,-5.90%,17.70%,75%,0.71,2.33,59%,25%,28.60%,0%,40%
651,Chris Sale*\salech01,30,BOS,147.1,16%,3.90%,35.60%,6.10%,29.60%,9.20%,46%,0.77,1.05,52%,25%,14.00%,11%,7%
652,Jeff Samardzija\samarje01,34,SFG,181.1,49%,3.80%,18.90%,6.60%,12.30%,8.20%,40%,0.58,0.74,69%,25%,9.20%,11%,10%
653,Adrian Sampson\sampsad01,27,TEX,125.1,57%,5.20%,17.90%,6.40%,11.60%,13.00%,47%,0.71,0.91,69%,23%,13.70%,13%,12%
654,Aaron Sanchez\sanchaa01,26,TOT,131.1,50%,3.30%,19.00%,11.20%,7.80%,8.40%,35%,0.94,1.22,64%,25%,10.70%,11%,7%
655,Anibal Sanchez\sanchan01,35,WSN,166,54%,3.10%,18.80%,8.20%,10.70%,8.90%,41%,0.63,0.75,69%,27%,7.90%,11%,6%
656,Pablo Sandoval\sandopa01,32,SFG,1,67%,0.00%,0.00%,0.00%,0.00%,0.00%,,1,2,67%,0%,0.00%,0%,50%
657,Patrick Sandoval*\sandopa02,22,LAA,39.1,25%,3.60%,24.90%,11.20%,13.60%,8.90%,43%,0.91,1.34,59%,24%,11.50%,4%,11%
658,Dennis Santana\santade01,23,LAD,5,67%,3.70%,22.20%,14.80%,7.40%,7.40%,33%,0.88,2,52%,33%,12.50%,0%,0%
659,Ervin Santana\santaer01,36,CHW,13.1,47%,9.40%,7.80%,9.40%,-1.60%,21.90%,74%,0.47,0.75,73%,19%,19.40%,14%,13%
660,Hector Santiago*\santihe01,31,TOT,33.2,29%,4.90%,24.50%,13.50%,11.00%,12.30%,48%,0.47,0.56,57%,25%,14.00%,16%,6%
661,Josh Sborz\sborzjo01,25,LAD,9,55%,5.00%,17.50%,10.00%,7.50%,15.00%,60%,0.61,1,68%,38%,11.80%,6%,14%
662,Max Scherzer\scherma01,34,WSN,172.1,52%,2.60%,35.10%,4.80%,30.30%,8.80%,42%,0.7,0.92,56%,27%,8.40%,10%,7%
663,Brian Schlitter\schlibr01,33,OAK,9.2,61%,0.00%,14.60%,9.80%,4.90%,7.30%,25%,1.58,2.29,76%,16%,0.00%,25%,36%
664,John Schreiber\schrejo01,25,DET,13,58%,5.10%,32.20%,6.80%,25.40%,6.80%,25%,0.59,0.67,54%,31%,14.30%,5%,7%
665,Jaime Schultz\schulja02,28,LAD,5,64%,4.60%,13.60%,13.60%,0.00%,13.60%,50%,0.33,0.71,68%,31%,8.30%,0%,29%
666,Robby Scott*\scottro02,29,ARI,7.1,51%,2.70%,24.30%,18.90%,5.40%,10.80%,50%,0.36,0.44,51%,24%,9.10%,21%,0%
667,Tanner Scott*\scottta01,24,BAL,26.1,48%,3.30%,30.30%,15.60%,14.80%,7.40%,32%,1.06,1.35,49%,28%,12.90%,0%,13%
668,Tayler Scott\scottta02,27,TOT,16.1,58%,6.50%,15.10%,11.80%,3.20%,10.80%,32%,1.29,3.38,62%,27%,24.00%,11%,11%
669,Sam Selman*\selmasa01,28,SFG,10.1,55%,4.60%,22.70%,13.60%,9.10%,6.80%,50%,0.5,0.75,52%,19%,16.70%,25%,17%
670,Antonio Senzatela\senzaan01,24,COL,124.2,51%,3.30%,13.10%,9.80%,3.30%,10.10%,37%,1.2,1.81,73%,25%,10.10%,6%,13%
671,Luis Severino\severlu01,25,NYY,12,33%,0.00%,35.40%,12.50%,22.90%,2.10%,17%,0.56,1.11,50%,25%,0.00%,25%,10%
672,Paul Sewald\sewalpa01,29,NYM,19.2,71%,3.80%,27.50%,3.80%,23.80%,11.30%,50%,0.18,0.19,63%,28%,7.90%,16%,8%
673,Justin Shafer\shafeju01,26,TOR,39.2,54%,3.30%,21.40%,13.70%,7.70%,11.00%,49%,0.47,0.68,60%,28%,9.20%,18%,8%
674,Bryan Shaw\shawbr01,31,COL,72,56%,3.90%,18.70%,9.30%,9.30%,10.00%,45%,0.99,1.38,66%,24%,11.70%,6%,10%
675,Mike Shawaryn\shawami01,24,BOS,20.1,59%,4.90%,28.20%,12.60%,15.50%,10.70%,42%,0.47,0.48,50%,27%,15.20%,13%,4%
676,Justus Sheffield*\sheffju01,23,SEA,36,22%,3.00%,22.00%,10.70%,11.30%,9.50%,36%,1.18,1.65,61%,23%,11.10%,8%,15%
677,Chandler Shepherd\shephch01,26,BAL,19,62%,6.00%,20.20%,7.10%,13.10%,10.70%,39%,0.55,0.6,64%,25%,13.90%,5%,11%
678,James Sherfy\sherfji01,27,ARI,18.1,64%,4.80%,26.50%,6.00%,20.50%,9.60%,35%,0.26,0.39,60%,33%,11.10%,16%,0%
679,Matt Shoemaker\shoemma01,32,TOR,28.2,60%,2.80%,22.20%,8.30%,13.90%,6.50%,44%,1.06,0.97,66%,20%,10.30%,19%,13%
680,Chasen Shreve*\shrevch01,28,STL,2,40%,0.00%,20.00%,10.00%,10.00%,20.00%,100%,0,0,60%,67%,0.00%,17%,
681,JB Shuck*\shuckja01,32,PIT,1,20%,0.00%,0.00%,20.00%,-20.00%,0.00%,0%,1,0.5,80%,0%,0.00%,0%,
682,Lucas Sims\simslu01,25,CIN,43,57%,4.50%,32.20%,10.70%,21.50%,9.00%,52%,0.35,0.42,51%,20%,13.60%,18%,3%
683,Tony Sipp*\sippto01,35,WSN,21,58%,1.10%,19.60%,9.80%,9.80%,5.40%,26%,0.6,0.67,68%,25%,2.90%,15%,0%
684,Tyler Skaggs*\skaggty01,27,LAA,79.2,24%,2.70%,23.30%,8.40%,14.90%,6.90%,32%,0.61,0.83,65%,31%,7.40%,13%,10%
685,Eric Skoglund*\skogler01,26,KCR,21,18%,5.00%,4.00%,8.90%,-5.00%,13.90%,47%,0.55,0.66,81%,28%,10.00%,11%,10%
686,Aaron Slegers\slegeaa01,26,TBR,3,42%,8.30%,0.00%,0.00%,0.00%,8.30%,33%,0.57,1.25,83%,18%,20.00%,29%,33%
687,Devin Smeltzer*\smeltde01,23,MIN,49,21%,4.00%,18.80%,5.90%,12.90%,9.40%,38%,0.63,0.73,71%,26%,9.80%,10%,12%
688,Burch Smith\smithbu03,29,TOT,21.1,59%,2.80%,18.90%,13.20%,5.70%,8.50%,35%,0.47,0.47,63%,24%,6.80%,6%,4%
689,Caleb Smith*\smithca03,27,MIA,153.1,23%,5.10%,26.00%,9.30%,16.70%,9.90%,50%,0.36,0.49,58%,23%,13.50%,17%,5%
690,Joe Smith\smithjo05,35,HOU,25,59%,2.10%,22.90%,5.20%,17.70%,6.30%,32%,0.97,1.21,70%,19%,6.50%,11%,16%
691,Josh Smith\smithjo07,31,BOS,31,56%,7.20%,20.90%,5.80%,15.10%,10.10%,39%,0.53,0.75,64%,30%,16.90%,8%,0%
692,Josh Smith*\smithjo08,29,TOT,12.2,48%,0.00%,21.90%,17.20%,4.70%,7.80%,46%,0.5,0.41,56%,11%,0.00%,25%,0%
693,Will Smith*\smithwi04,29,SFG,65.1,28%,3.90%,37.40%,8.20%,29.20%,6.20%,35%,0.73,1.22,51%,24%,14.10%,10%,16%
694,Drew Smyly*\smylydr01,30,TOT,114,22%,6.20%,23.40%,10.70%,12.70%,11.50%,47%,0.52,0.65,59%,26%,15.90%,9%,5%
695,Cy Sneed\sneedcy01,26,HOU,21.1,53%,5.40%,24.70%,5.40%,19.40%,10.80%,39%,0.85,1.16,63%,26%,17.20%,15%,5%
696,Blake Snell*\snellbl01,26,TBR,107,17%,3.20%,33.30%,9.10%,24.30%,7.30%,33%,0.62,0.8,54%,28%,10.70%,15%,5%
697,Chad Sobotka\sobotch01,25,ATL,29,63%,4.50%,28.40%,14.20%,14.20%,7.50%,36%,0.8,1.17,51%,23%,16.20%,10%,20%
698,Joakim Soria\soriajo01,35,OAK,69,51%,3.20%,28.40%,7.20%,21.20%,5.80%,31%,0.62,0.81,60%,27%,9.70%,14%,11%
699,Mike Soroka\sorokmi01,21,ATL,174.2,57%,2.00%,20.30%,5.90%,14.40%,5.30%,24%,1.08,1.57,70%,26%,6.50%,11%,17%
700,Gregory Soto*\sotogr01,24,DET,57.2,28%,3.30%,16.30%,12.00%,4.40%,9.10%,34%,0.95,1.08,68%,22%,9.50%,6%,12%
701,Glenn Sparkman\sparkgl01,27,KCR,136,49%,5.00%,13.40%,6.80%,6.60%,10.90%,40%,0.6,0.73,74%,29%,10.90%,7%,8%
702,Gabe Speier*\speiega01,24,KCR,7.1,42%,6.10%,30.30%,18.20%,12.10%,9.10%,60%,0.33,0.71,45%,12%,22.20%,25%,0%
703,Jeffrey Springs*\sprinje01,26,TEX,32.1,35%,2.60%,20.70%,14.80%,5.80%,10.30%,42%,0.34,0.51,61%,31%,5.90%,8%,7%
704,Locke St. John*\stjohlo01,26,TEX,6.2,30%,0.00%,15.20%,12.10%,3.00%,9.10%,43%,0.5,0.5,73%,29%,0.00%,19%,0%
705,Jacob Stallings\stallja01,29,PIT,1,33%,0.00%,0.00%,0.00%,0.00%,0.00%,,0.5,0.5,100%,0%,0.00%,50%,
706,Craig Stammen\stammcr01,35,SDP,82,55%,3.80%,21.50%,4.40%,17.10%,9.10%,39%,1.03,1.39,70%,22%,11.20%,5%,11%
707,Ryne Stanek\stanery01,27,TOT,77,58%,3.40%,27.20%,11.90%,15.30%,7.70%,41%,0.46,0.53,57%,28%,9.20%,10%,4%
708,Cody Stashak\stashco01,25,MIN,25,61%,2.90%,24.00%,1.00%,23.10%,11.50%,41%,0.33,0.35,71%,26%,6.00%,14%,14%
709,Max Stassi\stassma01,28,TOT,0.1,0%,0.00%,0.00%,0.00%,0.00%,0.00%,,,,100%,0%,,,
710,Josh Staumont\staumjo01,25,KCR,19.1,57%,4.60%,17.10%,11.40%,5.70%,11.40%,48%,0.48,0.41,66%,32%,10.30%,7%,11%
711,Drew Steckenrider\steckdr01,28,MIA,14.1,59%,10.30%,24.10%,8.60%,15.50%,10.30%,67%,0.42,0.45,55%,11%,28.60%,19%,0%
712,Robert Stephenson\stephro01,26,CIN,64.2,56%,3.40%,30.90%,9.20%,21.80%,9.90%,61%,0.47,0.65,56%,26%,10.00%,14%,6%
713,Brock Stewart\stewabr01,27,TOT,25.2,46%,8.90%,15.30%,6.50%,8.90%,16.10%,54%,0.57,0.9,67%,26%,20.80%,12%,10%
714,Kohl Stewart\stewako01,24,MIN,25.1,66%,4.60%,9.20%,7.30%,1.80%,11.00%,41%,0.93,1.71,78%,26%,11.40%,4%,23%
715,Robert Stock\stockro01,29,SDP,10.2,57%,3.60%,26.80%,14.30%,12.50%,8.90%,36%,1,0.89,54%,16%,13.30%,6%,0%
716,Matt Strahm*\strahma01,27,SDP,114.2,28%,4.50%,24.20%,4.50%,19.70%,10.30%,41%,0.57,0.77,64%,25%,11.80%,12%,9%
717,Dan Straily\straida01,30,BAL,47.2,55%,9.30%,14.00%,9.30%,4.70%,15.70%,51%,0.37,0.54,67%,30%,19.60%,15%,6%
718,Stephen Strasburg\strasst01,30,WSN,209,55%,2.90%,29.90%,6.70%,23.20%,6.40%,34%,1.05,1.58,59%,23%,10.80%,12%,12%
719,Chris Stratton\stratch01,28,TOT,76,56%,3.80%,20.10%,9.60%,10.50%,10.50%,39%,0.68,1.11,67%,29%,10.10%,10%,10%
720,Hunter Strickland\strichu01,30,TOT,24.1,57%,5.70%,17.10%,7.60%,9.50%,11.40%,55%,0.49,0.69,67%,26%,13.60%,14%,9%
721,Ross Stripling\stripro01,29,LAD,90.2,46%,3.00%,25.10%,5.40%,19.70%,9.50%,42%,1.02,1.55,66%,21%,10.10%,12%,9%
722,Marcus Stroman\stromma01,28,TOT,184.1,49%,2.30%,20.50%,7.50%,13.10%,6.70%,28%,1.15,1.59,69%,23%,7.90%,11%,11%
723,Pedro Strop\stroppe01,34,CHC,41.2,51%,3.40%,27.50%,11.20%,16.30%,9.00%,49%,1.17,1.68,55%,20%,13.60%,8%,12%
724,Daniel Stumpf*\stumpda01,28,DET,29,47%,3.70%,20.70%,11.10%,9.60%,8.90%,34%,0.57,0.57,64%,29%,9.30%,7%,3%
725,Andrew Suarez*\suarean01,26,SFG,32.2,41%,4.70%,16.90%,9.50%,7.40%,12.20%,46%,0.93,1.4,68%,30%,14.60%,14%,13%
726,Jose Suarez*\suarejo01,21,LAA,81,26%,6.10%,19.20%,8.80%,10.40%,10.70%,40%,0.59,0.8,63%,25%,16.70%,14%,10%
727,Ranger Suarez*\suarera01,23,PHI,48.2,33%,2.90%,20.50%,5.90%,14.60%,6.80%,27%,1.26,1.91,69%,25%,9.50%,3%,19%
728,Jesus Sucre\sucreje01,31,BAL,1,33%,0.00%,0.00%,0.00%,0.00%,0.00%,,2,2,100%,0%,,100%,
729,Wander Suero\suerowa01,27,WSN,71.1,52%,1.70%,27.40%,8.80%,18.60%,6.40%,30%,0.69,1.13,61%,30%,5.10%,9%,10%
730,Cole Sulser\sulseco01,29,TBR,7.1,72%,0.00%,31.00%,10.30%,20.70%,3.50%,20%,0.6,0.3,59%,12%,0.00%,10%,0%
731,Brent Suter*\suterbr01,29,MIL,18.1,26%,1.50%,23.10%,1.50%,21.50%,6.20%,40%,1.09,1.29,74%,16%,5.00%,13%,25%
732,Erik Swanson\swanser01,25,SEA,58,56%,6.90%,21.20%,4.90%,16.30%,11.40%,50%,0.61,0.67,66%,23%,17.90%,14%,8%
733,Anthony Swarzak\swarzan01,33,TOT,53.1,66%,5.10%,22.20%,11.50%,10.70%,7.30%,33%,0.88,1.18,61%,25%,17.60%,16%,12%
734,Noah Syndergaard\syndeno01,26,NYM,197.2,54%,2.90%,24.50%,6.10%,18.40%,7.90%,34%,0.92,1.28,65%,24%,9.60%,14%,11%
735,Jameson Taillon\taillja01,27,PIT,37.1,47%,2.50%,19.00%,5.10%,13.90%,9.50%,44%,0.98,1.38,72%,26%,7.50%,9%,10%
736,Masahiro Tanaka\tanakma01,30,NYY,182,50%,3.70%,19.60%,5.30%,14.40%,9.90%,40%,0.92,1.27,71%,23%,11.30%,16%,12%
737,Stephen Tarpley*\tarplst01,26,NYY,24.2,38%,5.00%,28.30%,12.50%,15.80%,10.00%,35%,0.57,0.95,53%,33%,15.80%,14%,4%
738,Dillon Tate\tatedi01,25,BAL,21,67%,3.20%,21.50%,9.70%,11.80%,6.50%,33%,1.57,2.58,60%,15%,15.00%,13%,10%
739,Josh Taylor*\taylojo02,26,BOS,47.1,38%,2.60%,32.00%,8.30%,23.70%,5.20%,25%,0.82,1.11,56%,25%,9.30%,13%,8%
740,Julio Teheran\teherju01,28,ATL,174.2,58%,2.90%,21.50%,11.00%,10.50%,7.60%,39%,0.65,0.84,62%,24%,8.30%,10%,9%
741,Ryan Tepera\teperry01,31,TOR,21.2,58%,5.50%,15.40%,8.80%,6.60%,11.00%,50%,0.74,1.17,69%,23%,16.10%,21%,18%
742,Tyler Thornburg\thornty01,30,BOS,18.2,67%,4.70%,25.60%,11.60%,14.00%,17.40%,71%,0.43,0.62,57%,26%,12.10%,11%,6%
743,Trent Thornton\thorntr01,25,TOR,154.1,49%,3.60%,22.00%,9.00%,13.00%,8.40%,37%,0.5,0.73,65%,32%,9.30%,15%,7%
744,Lewis Thorpe*\thorple01,23,MIN,27.2,22%,2.40%,25.00%,8.10%,16.90%,12.10%,40%,0.54,0.82,65%,34%,6.40%,13%,15%
745,Jesus Tinoco\tinocje01,24,COL,36,54%,7.50%,17.40%,13.70%,3.70%,13.00%,58%,0.77,1.26,61%,22%,21.10%,8%,12%
746,Josh Tomlin\tomlijo01,34,ATL,79.1,60%,4.40%,15.90%,2.20%,13.80%,8.80%,34%,0.51,0.66,76%,26%,9.30%,11%,12%
747,Carlos Torres\torreca01,36,DET,6,59%,6.90%,27.60%,3.50%,24.10%,10.30%,33%,0.58,1.5,59%,42%,20.00%,17%,0%
748,Touki Toussaint\toussto01,23,ATL,41.2,65%,2.50%,22.70%,13.10%,9.60%,7.10%,32%,0.76,0.93,57%,18%,8.90%,16%,7%
749,Blake Treinen\treinbl01,31,OAK,58.2,51%,3.40%,22.20%,13.90%,8.30%,6.80%,31%,0.78,1.05,60%,24%,11.30%,14%,9%
750,Lou Trivino\trivilo01,27,OAK,60,52%,2.60%,21.20%,11.50%,9.70%,8.60%,38%,0.82,0.94,63%,20%,9.10%,19%,8%
751,Nick Tropeano\tropeni01,28,LAA,13.2,50%,9.10%,15.20%,9.10%,6.10%,12.10%,44%,0.33,0.43,64%,29%,18.80%,11%,10%
752,Sam Tuivailala\tuivasa01,26,SEA,23,60%,1.10%,28.70%,11.70%,17.00%,5.30%,39%,0.5,0.52,56%,22%,3.10%,11%,6%
753,Spencer Turnbull\turnbsp01,26,DET,148.1,50%,2.10%,22.30%,9.00%,13.30%,7.90%,34%,0.94,1.19,64%,25%,6.80%,8%,8%
754,Duane Underwood Jr.\underdu01,24,CHC,11.2,69%,3.90%,25.50%,5.90%,19.60%,13.70%,54%,1.06,2.14,63%,21%,15.40%,19%,10%
755,Jose Urena\urenajo01,27,MIA,84.2,53%,3.50%,16.80%,7.10%,9.80%,9.50%,35%,0.97,1.47,72%,25%,10.10%,8%,13%
756,Richard Urena\urenari01,23,TOR,1,63%,12.50%,0.00%,12.50%,-12.50%,25.00%,50%,0.75,,75%,29%,25.00%,0%,0%
757,Julio Urias*\uriasju01,22,LAD,79.2,36%,2.20%,26.10%,8.30%,17.80%,5.80%,32%,0.65,0.72,62%,25%,7.20%,22%,8%
758,Jose Urquidy\urquijo01,24,HOU,41,53%,3.60%,24.00%,4.20%,19.80%,8.40%,37%,0.57,0.68,67%,23%,9.40%,14%,11%
759,Framber Valdez*\valdefr01,25,HOU,70.2,28%,2.70%,20.70%,13.40%,7.30%,7.00%,31%,1.67,2.72,62%,21%,12.30%,8%,7%
760,Phillips Valdez\valdeph01,27,TEX,16,63%,4.00%,24.00%,12.00%,12.00%,6.70%,29%,1.14,1.5,57%,22%,14.30%,0%,12%
761,Jason Vargas*\vargaja01,36,TOT,149.2,22%,3.20%,19.10%,9.70%,9.40%,8.60%,40%,0.63,0.86,66%,25%,9.10%,16%,11%
762,Andrew Vasquez*\vasquan02,25,MIN,0,67%,0.00%,0.00%,66.70%,-66.70%,0.00%,,,,0%,,,,
763,Felipe Vazquez*\riverfe01,27,PIT,60,22%,2.10%,38.10%,5.50%,32.60%,6.40%,35%,0.73,1.12,53%,25%,7.70%,12%,12%
764,Vince Velasquez\velasvi01,27,PHI,117.1,57%,5.00%,25.20%,8.30%,16.90%,10.10%,43%,0.53,0.68,59%,25%,13.80%,11%,8%
765,Hector Velazquez\velazhe01,30,BOS,56.1,52%,2.80%,19.80%,11.30%,8.50%,9.30%,40%,0.58,0.86,64%,28%,8.10%,18%,11%
766,Pat Venditte#\vendipa01,34,SFG,3.1,95%,5.30%,10.50%,10.50%,0.00%,5.30%,25%,0.57,1,58%,17%,20.00%,29%,0%
767,Jonny Venters*\ventejo01,34,TOT,8,49%,6.10%,24.50%,20.40%,4.10%,8.20%,33%,1.78,2,45%,12%,42.90%,22%,6%
768,Drew VerHagen\verhadr01,28,DET,58,54%,3.50%,19.80%,8.90%,10.90%,10.10%,37%,1.07,1.37,66%,22%,11.80%,13%,18%
769,Justin Verlander\verlaju01,36,HOU,223,49%,4.30%,35.40%,5.00%,30.50%,8.40%,52%,0.57,0.73,55%,23%,13.60%,17%,7%
770,Thyago Vieira\vieirth01,25,CHW,7,54%,0.00%,21.60%,13.50%,8.10%,2.70%,9%,0.6,0.63,65%,33%,0.00%,0%,8%
771,Nick Vincent\vinceni01,32,TOT,44.2,64%,4.10%,24.20%,6.20%,18.00%,8.80%,36%,0.63,0.79,63%,28%,11.80%,15%,8%
772,Arodys Vizcaino\vizcaar01,28,ATL,4,59%,5.90%,35.30%,17.70%,17.70%,17.70%,100%,0.33,0.2,41%,13%,20.00%,17%,0%
773,Edinson Volquez\volqued01,35,TEX,16,60%,4.00%,13.30%,16.00%,-2.70%,8.00%,30%,0.83,1.11,67%,26%,11.50%,10%,31%
774,Austin Voth\vothau01,27,WSN,43.2,51%,2.90%,25.30%,7.50%,17.80%,9.20%,49%,0.59,0.65,62%,23%,8.60%,18%,4%
775,Michael Wacha\wachami01,27,STL,126.2,61%,4.60%,18.50%,9.80%,8.70%,9.30%,36%,0.95,1.49,65%,24%,14.40%,10%,13%
776,Jacob Waguespack\wagueja01,25,TOR,78,56%,3.60%,18.80%,8.70%,10.20%,9.30%,41%,0.69,0.8,67%,27%,10.30%,17%,13%
777,Adam Wainwright\wainwad01,37,STL,171.2,54%,3.00%,20.50%,8.60%,12.00%,8.50%,35%,0.95,1.54,66%,25%,9.20%,10%,9%
778,Marcus Walden\waldema01,30,BOS,78,60%,1.80%,23.20%,9.80%,13.50%,7.30%,39%,1.23,1.66,63%,22%,7.30%,15%,12%
779,Jeremy Walker\walkeje02,24,ATL,9.1,82%,0.00%,15.80%,10.50%,5.30%,7.90%,33%,1.33,1.63,74%,21%,0.00%,8%,29%
780,Taijuan Walker\walketa01,26,ARI,1,50%,0.00%,25.00%,0.00%,25.00%,25.00%,100%,0.5,1,75%,33%,0.00%,0%,
781,Jared Walsh*\walshja01,25,LAA,5,39%,0.00%,21.70%,26.10%,-4.40%,0.00%,0%,5,9,52%,17%,0.00%,0%,10%
782,Wei-Chung Wang*\wangwe01,27,TOT,31,44%,3.10%,14.00%,10.90%,3.10%,7.00%,33%,0.56,0.85,71%,26%,7.50%,13%,9%
783,Adam Warren\warread01,31,SDP,28.2,60%,7.30%,20.20%,9.70%,10.50%,10.50%,46%,0.75,1.19,60%,24%,19.60%,4%,0%
784,Art Warren\warrear01,26,SEA,5.1,67%,0.00%,23.80%,9.50%,14.30%,0.00%,0%,0.4,0.38,67%,50%,0.00%,0%,0%
785,Tony Watson*\watsoto01,34,SFG,54,31%,3.90%,17.80%,5.20%,12.60%,7.40%,30%,0.83,1,70%,23%,11.40%,15%,9%
786,Luke Weaver\weavelu01,25,ARI,64.1,46%,2.30%,26.50%,5.40%,21.20%,8.50%,40%,0.7,0.88,65%,26%,6.80%,13%,9%
787,Jacob Webb\webbja01,25,ATL,32.1,66%,3.10%,21.40%,9.20%,12.20%,9.20%,50%,0.65,0.79,65%,21%,8.70%,15%,14%
788,Logan Webb\webblo01,22,SFG,39.2,44%,2.90%,21.30%,8.10%,13.20%,9.20%,36%,0.92,1.79,67%,32%,8.30%,5%,13%
789,Tyler Webb*\webbty01,28,STL,55,52%,3.20%,21.70%,10.40%,11.30%,6.30%,42%,0.72,1,63%,23%,9.20%,11%,7%
790,Ryan Weber\weberry01,28,BOS,40.2,51%,2.80%,16.00%,4.40%,11.60%,9.90%,38%,0.97,1.3,75%,27%,7.80%,10%,0%
791,Allen Webster\webstal01,29,CHC,11,63%,3.90%,17.30%,9.60%,7.70%,9.60%,36%,1.47,2,67%,27%,15.40%,13%,9%
792,J.B. Wendelken\wendejb01,26,OAK,32.2,56%,1.50%,26.00%,6.90%,19.10%,6.90%,43%,0.58,0.73,63%,17%,4.30%,13%,0%
793,Zack Wheeler\wheelza01,29,NYM,195.1,57%,2.70%,23.60%,6.00%,17.50%,6.80%,29%,0.78,1.03,66%,26%,7.80%,12%,8%
794,Tyler White\whitety01,28,HOU,3.1,55%,18.20%,9.10%,22.70%,-13.60%,31.80%,100%,0.15,0.33,50%,27%,33.30%,8%,0%
795,Rowan Wick\wickro01,26,CHC,33.1,56%,0.00%,25.00%,11.40%,13.60%,4.30%,27%,1.18,1.5,61%,17%,0.00%,8%,13%
796,Brad Wieck*\wieckbr01,27,TOT,34.2,35%,5.40%,33.10%,8.80%,24.30%,10.10%,54%,0.46,0.46,51%,29%,15.70%,11%,4%
797,Aaron Wilkerson\wilkeaa01,30,MIL,16,49%,5.00%,13.80%,11.30%,2.50%,10.00%,32%,0.62,0.64,70%,20%,12.90%,16%,4%
798,Stevie Wilkerson\wilkest01,27,BAL,5.1,55%,9.10%,4.60%,0.00%,4.60%,13.60%,50%,0.31,0.5,86%,33%,12.50%,0%,0%
799,Austen Williams\williau01,26,WSN,0.1,43%,28.60%,14.30%,14.30%,0.00%,57.10%,80%,0.67,,43%,40%,66.70%,0%,0%
800,Devin Williams\willide03,24,MIL,13.2,54%,3.00%,20.90%,9.00%,11.90%,10.50%,39%,0.69,0.93,63%,22%,9.10%,15%,5%
801,Taylor Williams\willita01,27,MIL,14.2,56%,1.40%,20.60%,9.60%,11.00%,6.90%,23%,1.61,2.63,66%,29%,5.90%,6%,5%
802,Trevor Williams\willitr01,27,PIT,145.2,57%,4.30%,17.80%,6.90%,10.90%,11.30%,44%,0.6,0.85,69%,25%,10.80%,14%,14%
803,Alex Wilson\wilsoal01,32,MIL,11.1,67%,5.30%,22.80%,15.80%,7.00%,10.50%,40%,0.67,1.33,56%,37%,15.80%,10%,0%
804,Bryse Wilson\wilsobr02,21,ATL,20,51%,5.40%,17.20%,10.80%,6.50%,17.20%,62%,0.48,0.65,65%,27%,12.20%,7%,8%
805,Justin Wilson*\wilsoju10,31,NYM,39,34%,2.40%,26.50%,11.50%,15.10%,5.40%,27%,1.09,1.52,58%,25%,9.10%,6%,10%
806,Trey Wingenter\wingetr01,25,SDP,51,50%,2.30%,33.00%,12.80%,20.20%,6.40%,41%,0.58,0.74,49%,29%,8.10%,13%,8%
807,Dan Winkler\winklda01,29,ATL,21.2,66%,5.40%,23.70%,11.80%,11.80%,10.80%,56%,0.44,0.5,58%,37%,13.90%,12%,10%
808,Matt Wisler\wislema01,26,TOT,51.1,66%,4.50%,28.10%,7.10%,21.00%,10.70%,43%,0.59,0.84,60%,26%,13.20%,16%,4%
809,Nick Wittgren\wittgni01,28,CLE,57.2,61%,4.30%,26.00%,6.50%,19.50%,9.10%,45%,0.65,0.85,63%,24%,12.00%,12%,10%
810,Asher Wojciechowski\wojcias01,30,BAL,82.1,53%,4.70%,22.20%,7.80%,14.40%,10.50%,48%,0.43,0.56,63%,25%,12.00%,16%,2%
811,Alex Wood*\woodal02,28,CIN,35.2,18%,7.20%,19.60%,5.90%,13.70%,13.10%,49%,0.59,1,65%,30%,16.90%,6%,17%
812,Hunter Wood\woodhu01,25,TOT,45.1,57%,3.60%,20.00%,6.20%,13.90%,7.20%,30%,0.49,0.67,69%,26%,8.50%,13%,9%
813,Brandon Woodruff\woodrbr01,26,MIL,121.2,53%,2.40%,29.00%,6.10%,22.90%,5.70%,26%,0.84,1.12,61%,26%,7.80%,10%,13%
814,Brandon Workman\workmbr01,30,BOS,71.2,55%,0.40%,36.40%,15.70%,20.60%,2.80%,28%,1.08,1.43,47%,24%,1.70%,9%,8%
815,Matt Wotherspoon\wothema01,27,BAL,4.2,42%,7.70%,7.70%,7.70%,0.00%,11.50%,30%,0.31,0.5,73%,57%,13.30%,6%,0%
816,Kyle Wright\wrighky01,23,ATL,19.2,58%,4.30%,19.40%,14.00%,5.40%,11.80%,46%,0.71,1.05,61%,33%,12.50%,9%,18%
817,Mike Wright\wrighmi01,29,TOT,29.1,62%,4.10%,20.40%,8.20%,12.20%,12.20%,41%,0.61,0.84,66%,33%,10.20%,8%,7%
818,Steven Wright\wrighst01,34,BOS,6.1,55%,9.10%,15.20%,12.10%,3.00%,12.10%,36%,0.53,1.8,61%,35%,23.10%,13%,25%
819,Jimmy Yacabonis\yacabji01,27,BAL,41,66%,4.70%,17.10%,12.40%,4.70%,11.40%,43%,0.56,0.65,65%,28%,11.80%,12%,14%
820,Jordan Yamamoto\yamamjo01,23,MIA,78.2,55%,3.40%,25.20%,11.10%,14.20%,7.40%,44%,0.59,0.77,59%,25%,10.00%,13%,10%
821,Ryan Yarbrough*\yarbrry01,27,TBR,141.2,26%,2.70%,20.80%,3.60%,17.20%,8.70%,41%,0.77,1.13,71%,25%,7.70%,15%,15%
822,Eric Yardley\yardler01,28,SDP,11.2,69%,1.90%,13.50%,5.80%,7.70%,3.90%,17%,1.79,3,73%,15%,7.70%,7%,20%
823,Kirby Yates\yateski01,32,SDP,60.2,46%,0.80%,41.60%,5.40%,36.20%,5.40%,32%,0.94,1.29,49%,18%,3.40%,8%,11%
824,Gabriel Ynoa\ynoaga01,26,BAL,110.2,52%,6.00%,14.00%,5.40%,8.50%,11.50%,44%,0.89,1.14,74%,21%,15.20%,6%,17%
825,Huascar Ynoa\ynoahu01,21,ATL,3,50%,6.30%,18.80%,6.30%,12.50%,18.80%,50%,0.71,1,69%,42%,14.30%,0%,0%
826,Alex Young*\youngal01,25,ARI,83.1,29%,4.00%,20.30%,7.70%,12.60%,8.60%,42%,0.98,1.16,66%,19%,12.60%,10%,11%
827,Daniel Zamora*\zamorda01,26,NYM,8.2,54%,2.40%,19.50%,12.20%,7.30%,9.80%,40%,0.37,0.55,63%,19%,5.60%,5%,0%
828,T.J. Zeuch\zeuchtj01,23,TOR,22.2,49%,2.00%,20.20%,11.10%,9.10%,9.10%,41%,0.91,1.35,67%,34%,6.30%,9%,6%
829,Kyle Zimmer\zimmeky01,27,KCR,18.1,64%,2.00%,17.70%,18.60%,-1.00%,10.80%,39%,0.71,1.47,62%,37%,5.70%,8%,4%
830,Jordan Zimmermann\zimmejo02,33,DET,112,49%,3.80%,16.30%,5.00%,11.30%,10.90%,38%,0.73,1.06,73%,29%,9.40%,9%,6%
831,Ben Zobrist\zobribe01,38,CHC,1,60%,0.00%,20.00%,40.00%,-20.00%,0.00%,,0,0,40%,50%,0.00%,50%,0%
