Rk,Name,Age,Tm,Lg,GS,W,L,W-L%,ERA,FIP,WHIP,H9,HR9,BB9,SO9,SO/W
1,Fernando Abad*\abadfe01,33,SFG,NL,0,0,2,0,4.15,4.52,0.923,6.2,1.4,2.1,6.2,3
2,Bryan Abreu\abreubr01,22,HOU,AL,0,0,0,,1.04,1.25,0.808,4.2,0,3.1,13.5,4.33
3,Jason Adam\adamja01,27,TOR,AL,0,3,0,1,2.91,3.95,1.154,6.2,0.4,4.2,7.5,1.8
4,Austin Adams\adamsau01,32,TOT,AL,0,0,0,,7.02,6.99,1.86,9.7,2.2,7,7.6,1.08
5,Austin Adams\adamsau02,28,TOT,MLB,2,2,2,0.5,3.94,3.12,1.125,5.6,1.1,4.5,14.9,3.31
6,Chance Adams\adamsch01,24,NYY,AL,0,1,1,0.5,8.53,6.53,1.974,13.9,2.5,3.9,8.2,2.09
7,Ehire Adrianza\adriaeh01,29,MIN,AL,0,0,0,,27,1.21,5,45,0,0,9,
8,Dario Agrazal\agrazda01,24,PIT,NL,14,4,5,0.444,4.91,5.9,1.364,10.1,1.8,2.2,5,2.28
9,R.J. Alaniz\alanirj01,28,TOT,MLB,0,1,0,1,9.19,5.38,1.66,10.9,1.7,4,7.5,1.86
10,Matt Albers\alberma01,36,MIL,NL,0,8,6,0.571,5.13,4.66,1.374,8,1.2,4.4,8.6,1.97
11,Hanser Alberto\alberha01,26,BAL,AL,0,0,0,,18,25.21,3,9,9,18,0,0
12,Jorge Alcala\alcaljo01,23,MIN,AL,0,0,0,,0,3.81,1.2,5.4,0,5.4,5.4,1
13,Sandy Alcantara\alcansa01,23,MIA,NL,32,6,14,0.3,3.88,4.55,1.318,8.2,1,3.7,6.9,1.86
14,Victor Alcantara\alcanvi01,26,DET,AL,0,3,2,0.6,4.85,5.72,1.406,9.5,1.7,3.2,5.1,1.6
15,Scott Alexander*\alexasc02,29,LAD,NL,0,3,2,0.6,3.63,5.06,1.385,8.8,1,3.6,4.7,1.29
16,Tyler Alexander*\alexaty01,24,DET,AL,8,1,4,0.2,4.86,4.15,1.398,11.4,1.5,1.2,7.9,6.71
17,Kolby Allard*\allarko01,21,TEX,AL,9,4,2,0.667,4.96,4.01,1.566,10.3,0.6,3.8,6.6,1.74
18,Cody Allen\allenco01,30,LAA,AL,0,0,2,0,6.26,8.39,1.913,9.4,3.5,7.8,11.3,1.45
19,Logan Allen*\allenlo01,22,TOT,MLB,4,2,3,0.4,6.18,5.49,1.771,11.7,1.3,4.2,5.5,1.31
20,Yency Almonte\almonye01,25,COL,NL,0,0,1,0,5.56,5.51,1.559,10.3,1.9,3.7,7.7,2.07
21,Dan Altavilla\altavda01,26,SEA,AL,0,2,1,0.667,5.52,4.1,1.432,5.5,0.6,7.4,11,1.5
22,Aaron Altherr\altheaa01,28,TOT,NL,0,0,0,,9,-0.79,2,18,0,0,18,
23,Jose Alvarado*\alvarjo03,24,TBR,AL,1,1,6,0.143,4.8,4.18,1.867,8.7,0.6,8.1,11.7,1.44
24,Jose Alvarez*\alvarjo02,30,PHI,NL,1,3,4,0.429,3.36,4.21,1.424,10.1,1.2,2.7,7.8,2.83
25,Adbert Alzolay\alzolad01,24,CHC,NL,2,1,1,0.5,7.3,7.75,1.784,9.5,2.9,6.6,9.5,1.44
26,Brett Anderson*\anderbr04,31,OAK,AL,31,13,9,0.591,3.89,4.57,1.307,9.3,1,2.5,4.6,1.84
27,Chase Anderson\anderch01,31,MIL,NL,27,8,4,0.667,4.21,4.83,1.266,8.2,1.5,3.2,8,2.48
28,Cody Anderson\anderco01,28,CLE,AL,2,0,1,0,9.35,5.75,2.308,12.5,1,8.3,9.3,1.13
29,Drew Anderson\anderdr02,25,PHI,NL,0,0,0,,7.5,6.38,2,9,1.5,9,9,1
30,Justin Anderson\anderju01,26,LAA,AL,0,3,0,1,5.55,4.43,1.574,8,1.1,6.1,11.5,1.88
31,Nick Anderson\anderni01,28,TOT,MLB,0,5,4,0.556,3.32,2.35,1.077,7.2,1.1,2.5,15.2,6.11
32,Shaun Anderson\andersh01,24,SFG,NL,16,3,5,0.375,5.44,4.77,1.552,10.4,1.2,3.6,6.6,1.84
33,Tanner Anderson\anderta01,26,OAK,AL,5,0,3,0,6.04,4.87,1.657,12.1,1.6,2.8,7.3,2.57
34,Tyler Anderson*\anderty01,29,COL,NL,5,0,3,0,11.76,7.62,2.129,14.4,3.5,4.8,10,2.09
35,Matt Andriese\andrima01,29,ARI,NL,0,5,5,0.5,4.71,3.72,1.401,9.2,1,3.4,10.1,2.93
36,Victor Arano\aranovi01,24,PHI,NL,0,1,0,1,3.86,4.29,0.857,3.9,1.9,3.9,13.5,3.5
37,Pedro Araujo\araujpe01,25,BAL,AL,0,0,0,,27,27.21,4.5,27,13.5,13.5,0,0
38,Chris Archer\archech01,30,PIT,NL,23,3,9,0.25,5.19,5.02,1.412,8.6,1.9,4.1,10.8,2.6
39,Rogelio Armenteros\armenro01,25,HOU,AL,2,1,1,0.5,4,2.77,1.222,8.5,0.5,2.5,9,3.6
40,Shawn Armstrong\armstsh01,28,TOT,AL,0,1,1,0.5,5.74,4.54,1.638,10.2,1.2,4.5,9.8,2.17
41,Jake Arrieta\arrieja01,33,PHI,NL,24,8,8,0.5,4.64,4.89,1.474,9.9,1.4,3.4,7.3,2.16
42,Humberto Arteaga\arteahu01,25,KCR,AL,0,0,0,,5.4,12.81,1.8,10.8,5.4,5.4,0,0
43,Alex Avila\avilaal01,32,ARI,NL,0,0,0,,4.5,3.71,1.5,9,0,4.5,4.5,1
44,Pedro Avila\avilape01,22,SDP,NL,1,0,0,,1.69,3.03,1.125,6.8,0,3.4,8.4,2.5
45,Luis Avilan*\avilalu01,29,NYM,NL,0,4,0,1,5.06,4.96,1.469,9.3,1.4,3.9,8.4,2.14
46,Michel Baez\baezmi01,23,SDP,NL,1,1,1,0.5,3.03,4.36,1.315,7.6,0.9,4.2,8.5,2
47,Pedro Baez\baezpe01,31,LAD,NL,0,7,2,0.778,3.1,3.52,0.947,5.6,0.8,3,8.9,3
48,Sandy Baez\baezsa01,25,DET,AL,0,0,0,,9,3.21,2,18,0,0,0,
49,Homer Bailey\baileho02,33,TOT,AL,31,13,9,0.591,4.57,4.11,1.316,8.9,1.2,2.9,8.2,2.81
50,Anthony Banda*\bandaan01,25,TBR,AL,0,0,0,,6.75,2.21,1.5,13.5,0,0,4.5,
51,Manny Banuelos*\banuema01,28,CHW,AL,8,3,4,0.429,6.93,6.57,1.836,10.7,2.1,5.9,7.8,1.33
52,Luke Bard\bardlu01,28,LAA,AL,3,3,3,0.5,4.78,4.81,1.102,7.5,1.5,2.4,7.3,3.08
53,Scott Barlow\barlosc01,26,KCR,AL,0,3,3,0.5,4.22,3.41,1.436,8.2,0.8,4.7,11.8,2.49
54,Jacob Barnes\barneja01,29,TOT,MLB,1,1,5,0.167,7.44,6.06,1.776,9.9,1.9,6.1,8.8,1.45
55,Matt Barnes\barnema01,29,BOS,AL,0,5,4,0.556,3.78,3.28,1.383,7.1,1.1,5.3,15.4,2.89
56,Tony Barnette\barneto01,35,CHC,NL,0,0,0,,6.75,12.96,1.5,13.5,6.8,0,0,
57,Kyle Barraclough\barraky01,29,TOT,NL,0,1,2,0.333,5.61,6.36,1.752,10.2,2.4,5.6,10.7,1.9
58,Aaron Barrett\barreaa01,31,WSN,NL,0,0,0,,15.43,13.07,3.857,19.3,3.9,15.4,3.9,0.25
59,Jake Barrett\barreja01,27,NYY,AL,0,0,0,,14.73,9.76,2.182,14.7,4.9,4.9,9.8,2
60,Jaime Barria\barrija01,22,LAA,AL,13,4,10,0.286,6.42,6.23,1.44,10,2.6,2.9,8.2,2.78
61,Tyler Bashlor\bashlty01,26,NYM,NL,0,0,3,0,6.95,7.26,1.727,8.6,2.5,7,8.2,1.18
62,Anthony Bass\bassan01,31,SEA,AL,0,2,4,0.333,3.56,3.9,0.979,5.6,0.9,3.2,8.1,2.53
63,Chris Bassitt\bassich01,30,OAK,AL,25,10,5,0.667,3.81,4.4,1.194,7.8,1.3,2.9,8.8,3
64,Trevor Bauer\bauertr01,28,TOT,MLB,34,11,13,0.458,4.48,4.34,1.249,7.8,1.4,3.5,10.7,3.09
65,Gerson Bautista\bautige01,24,SEA,AL,2,0,1,0,11,7.55,2.444,13,2,9,7,0.78
66,David Bednar\bednada01,24,SDP,NL,0,0,2,0,6.55,5.58,1.364,8.2,2.5,4.1,11.5,2.8
67,Cam Bedrosian\bedroca01,27,LAA,AL,7,3,3,0.5,3.23,3.83,1.141,7,1,3.2,9.4,2.91
68,Tyler Beede\beedety01,26,SFG,NL,22,5,10,0.333,5.08,5.03,1.479,9.8,1.7,3.5,8.7,2.46
69,Jalen Beeks*\beeksja02,25,TBR,AL,3,6,3,0.667,4.31,4.41,1.486,9.9,1,3.5,7.7,2.23
70,Travis Bergen*\bergetr01,25,SFG,NL,0,2,0,1,5.49,5.55,1.373,8.2,1.8,4.1,8.2,2
71,Jose Berrios\berrijo01,25,MIN,AL,32,14,8,0.636,3.68,3.85,1.223,8.7,1.2,2.3,8.8,3.82
72,Dellin Betances\betande01,31,NYY,AL,0,0,0,,0,-2.79,0,0,0,0,27,
73,Chad Bettis\bettich01,30,COL,NL,3,1,6,0.143,6.08,5.16,1.555,11,1.4,3,5.9,2
74,Joe Biagini\biagijo01,29,TOT,AL,0,3,2,0.6,4.59,5.43,1.5,9.9,1.9,3.6,8.4,2.31
75,Jesse Biddle*\biddlje01,27,TOT,MLB,0,0,1,0,8.36,6.46,2.286,13.5,1.6,7.1,8.4,1.18
76,Shane Bieber\biebesh01,24,CLE,AL,33,15,8,0.652,3.28,3.32,1.054,7.8,1.3,1.7,10.9,6.48
77,Kyle Bird*\birdky01,26,TEX,AL,0,0,0,,7.82,10.79,2.053,7.8,3.6,10.7,7.1,0.67
78,Ty Blach*\blachty01,28,TOT,MLB,5,1,3,0.25,12,7.47,2.333,15.3,2.7,5.7,6.7,1.18
79,Ray Black\blackra01,29,TOT,NL,0,0,1,0,5.06,6.9,1.438,7.9,2.8,5.1,10.1,2
80,Paul Blackburn\blackpa01,25,OAK,AL,1,0,2,0,10.64,6.67,2.091,15.5,2.5,3.3,6.5,2
81,Michael Blazek\blazemi01,30,WSN,NL,0,0,0,,7.2,8.81,2.2,10.8,1.8,9,0,0
82,Richard Bleier*\bleieri01,32,BAL,AL,1,3,0,1,5.37,4.19,1.319,10.6,1,1.3,4.9,3.75
83,Jerry Blevins*\blevije01,35,ATL,NL,0,1,0,1,3.9,4.61,1.268,7,1.4,4.5,10.3,2.31
84,Ronald Bolanos\bolanro01,22,SDP,NL,3,0,2,0,5.95,5.25,1.475,7.8,1.4,5.5,8.7,1.58
85,Ryan Borucki*\borucry01,25,TOR,AL,2,0,1,0,10.8,8.01,3.15,20.3,2.7,8.1,8.1,1
86,Buddy Boshers*\boshebu01,31,TOR,AL,1,0,3,0,4.05,4.21,1.5,9,1.4,4.5,11.7,2.6
87,James Bourque\bourqja01,25,WSN,NL,0,0,0,,54,12.21,7.5,40.5,0,27,0,0
88,Matt Bowman\bowmama01,28,CIN,NL,0,2,0,1,3.66,3.68,1.25,7.6,0.6,3.7,7,1.92
89,Brad Boxberger\boxbebr01,31,KCR,AL,0,1,3,0.25,5.4,4.68,1.575,8.4,1,5.7,9.1,1.59
90,Matthew Boyd*\boydma01,28,DET,AL,32,9,12,0.429,4.56,4.32,1.23,8.6,1.9,2.4,11.6,4.76
91,Brad Brach\brachbr01,33,TOT,NL,0,5,4,0.556,5.47,3.73,1.62,9.4,0.7,5.1,9.9,1.94
92,Chasen Bradford\bradfch02,29,SEA,AL,0,0,0,,4.86,7.29,1.26,9.2,3.2,2.2,5.9,2.75
93,Archie Bradley\bradlar01,26,ARI,NL,1,4,5,0.444,3.52,3.41,1.437,8.4,0.6,4.5,10.9,2.42
94,Ryan Brasier\brasiry01,31,BOS,AL,0,2,4,0.333,4.85,4.42,1.293,8.2,1.5,3.4,9.9,2.9
95,Steven Brault*\braulst01,27,PIT,NL,19,4,6,0.4,5.16,4.76,1.5,9.3,1.2,4.2,7.9,1.89
96,John Brebbia\brebbjo01,29,STL,NL,0,3,4,0.429,3.59,3.13,1.183,7.3,0.7,3.3,10.8,3.22
97,Brandon Brennan\brennbr01,27,SEA,AL,0,3,6,0.333,4.56,4.4,1.225,6.5,1.1,4.6,8.9,1.96
98,Colten Brewer\breweco01,26,BOS,AL,0,1,2,0.333,4.12,4.71,1.701,9.7,1,5.6,8.6,1.53
99,Austin Brice\briceau01,27,MIA,NL,0,1,0,1,3.43,4.87,1.231,7.5,1.4,3.6,9.3,2.56
100,Jeff Brigham\brighje01,27,MIA,NL,0,3,2,0.6,4.46,5.07,1.304,8.5,1.9,3.3,9.2,2.79
101,Zack Britton*\brittza01,31,NYY,AL,0,3,1,0.75,1.91,3.74,1.141,5.6,0.4,4.7,7.8,1.66
102,Aaron Brooks\brookaa01,29,TOT,AL,18,6,8,0.429,5.65,5.4,1.382,9.7,1.7,2.8,6.7,2.41
103,Mike Brosseau\brossmi01,25,TBR,AL,0,0,0,,4.5,7.21,1.25,11.3,2.3,0,0,
104,Clay Buchholz\buchhcl01,34,TOR,AL,12,2,5,0.286,6.56,5.62,1.492,11,2,2.4,5.9,2.44
105,Ryan Buchter*\buchtry01,32,OAK,AL,0,1,1,0.5,2.98,4.96,1.434,8.3,1.6,4.6,9.9,2.17
106,Walker Buehler\buehlwa01,24,LAD,NL,30,14,4,0.778,3.26,3.01,1.042,7.6,1,1.8,10.6,5.81
107,Madison Bumgarner*\bumgama01,29,SFG,NL,34,9,9,0.5,3.9,3.9,1.127,8.3,1.3,1.9,8.8,4.72
108,Aaron Bummer*\bummeaa01,25,CHW,AL,0,0,0,,2.13,3.41,0.99,5.7,0.5,3.2,8,2.5
109,Dylan Bundy\bundydy01,26,BAL,AL,30,7,14,0.333,4.79,4.73,1.355,9,1.6,3.2,9,2.79
110,Nick Burdi\burdini01,26,PIT,NL,0,2,1,0.667,9.35,1.83,1.615,11.4,1,3.1,17.7,5.67
111,Brock Burke*\burkebr01,22,TEX,AL,6,0,2,0,7.43,6.55,1.538,10.1,2,3.7,4.7,1.27
112,Corbin Burnes\burneco01,24,MIL,NL,4,1,5,0.167,8.82,6.09,1.837,12.9,3.1,3.7,12.9,3.5
113,Ryan Burr\burrry01,25,CHW,AL,1,1,1,0.5,4.58,4.38,1.271,7.8,1.4,3.7,9.2,2.5
114,Ty Buttrey\buttrty01,26,LAA,AL,0,6,7,0.462,3.98,3.49,1.272,8.6,1,2.9,10.5,3.65
115,Genesis Cabrera*\cabrege01,22,STL,NL,2,0,2,0,4.87,4.54,1.672,10.2,0.9,4.9,8.4,1.73
116,Trevor Cahill\cahiltr01,31,LAA,AL,11,4,9,0.308,5.98,6.13,1.466,9.8,2.2,3.4,7.1,2.08
117,Griffin Canning\cannigr01,23,LAA,AL,17,5,6,0.455,4.58,4.37,1.218,8,1.4,3,9.6,3.2
118,Matt Carasiti\carasma01,27,SEA,AL,5,0,1,0,4.66,5.39,1.655,10.2,1.9,4.7,9.3,2
119,Victor Caratini\caratvi01,25,CHC,NL,0,0,0,,9,11.21,1.5,9,4.5,4.5,0,0
120,Shane Carle\carlesh01,27,ATL,NL,0,0,0,,9.64,9.96,2.143,10.6,2.9,8.7,5.8,0.67
121,David Carpenter\carpeda01,33,TEX,AL,0,0,0,,5.4,5.61,2.4,10.8,0,10.8,5.4,0.5
122,Ryan Carpenter*\carpery01,28,DET,AL,9,1,6,0.143,9.3,6.93,1.82,13.5,2.7,2.9,5.5,1.92
123,Carlos Carrasco\carraca01,32,CLE,AL,12,6,7,0.462,5.29,4.41,1.35,10.4,2,1.8,10.8,6
124,Andrew Cashner\cashnan01,32,TOT,AL,23,11,8,0.579,4.68,4.66,1.347,8.6,1.1,3.5,6.5,1.86
125,Diego Castillo\castidi01,25,TBR,AL,6,5,8,0.385,3.41,3.72,1.238,7.7,1,3.4,10.6,3.12
126,Jose Castillo*\castijo03,23,SDP,NL,0,0,0,,0,6.21,1.5,0,0,13.5,27,2
127,Luis Castillo\castilu02,26,CIN,NL,32,15,8,0.652,3.4,3.7,1.143,6.6,1,3.7,10.7,2.86
128,Miguel Castro\castrmi01,24,BAL,AL,0,1,3,0.25,4.66,4.73,1.418,7.7,1.2,5,8.7,1.73
129,Dylan Cease\ceasedy01,23,CHW,AL,14,4,7,0.364,5.79,5.19,1.548,9.6,1.8,4.3,10,2.31
130,Xavier Cedeno*\cedenxa01,32,CHC,NL,0,0,0,,0,6.71,3.5,18,0,13.5,4.5,0.33
131,Luis Cessa\cessalu01,27,NYY,AL,0,2,1,0.667,4.11,4.87,1.309,8.3,1.6,3.4,8.3,2.42
132,Jhoulys Chacin\chacijh01,31,TOT,MLB,24,3,12,0.2,6.01,5.88,1.558,10,2.2,4,8.8,2.2
133,Andrew Chafin*\chafian01,29,ARI,NL,0,2,2,0.5,3.76,3.25,1.329,8.9,1,3.1,11.6,3.78
134,Aroldis Chapman*\chapmar01,31,NYY,AL,0,3,2,0.6,2.21,2.28,1.105,6,0.5,3.9,13.4,3.4
135,JT Chargois\chargjt01,28,LAD,NL,0,1,0,1,6.33,4.01,1.219,8.9,1.7,2.1,11.8,5.6
136,Tyler Chatwood\chatwty01,29,CHC,NL,5,5,3,0.625,3.76,4.28,1.33,7.6,0.9,4.3,8.7,2
137,Jesse Chavez\chaveje01,35,TEX,AL,9,3,5,0.375,4.85,4.41,1.333,9.5,1.4,2.5,8.3,3.27
138,Wei-Yin Chen*\chenwe02,33,MIA,NL,0,0,1,0,6.59,5.23,1.537,11.5,2,2.4,8.3,3.5
139,Yonny Chirinos\chiriyo01,25,TBR,AL,18,9,5,0.643,3.85,4.44,1.05,7.6,1.6,1.9,7.7,4.07
140,Adam Cimber\cimbead01,28,CLE,AL,0,6,3,0.667,4.45,4.36,1.324,8.9,1,3,6.5,2.16
141,Steve Cishek\cishest01,33,CHC,NL,0,4,6,0.4,2.95,4.54,1.203,6.8,1,4.1,8,1.97
142,Jose Cisnero\cisnejo01,30,DET,AL,0,0,4,0,4.33,4.66,1.528,8.9,1.3,4.8,10.2,2.11
143,Aaron Civale\civalaa01,24,CLE,AL,10,3,4,0.429,2.34,3.4,1.04,6.9,0.6,2.5,7.2,2.88
144,Taylor Clarke\clarkta01,26,ARI,NL,15,5,5,0.5,5.31,6.41,1.37,9.1,2.4,3.2,7.2,2.27
145,Emmanuel Clase\claseem01,21,TEX,AL,1,2,3,0.4,2.31,3.43,1.114,7.7,0.8,2.3,8.1,3.5
146,Alex Claudio*\claudal01,27,MIL,NL,0,2,2,0.5,4.06,4.92,1.306,8.3,1.2,3.5,6.4,1.83
147,Mike Clevinger\clevimi01,28,CLE,AL,21,13,4,0.765,2.71,2.49,1.056,6.9,0.7,2.6,12.1,4.57
148,Tyler Clippard\clippty01,34,CLE,AL,3,1,0,1,2.9,3.89,0.855,5.5,1.2,2.2,9.3,4.27
149,Alex Cobb\cobbal01,31,BAL,AL,3,0,2,0,10.95,11.89,1.865,15.3,6.6,1.5,5.8,4
150,A.J. Cole\coleaj01,27,CLE,AL,0,3,1,0.75,3.81,3.83,1.5,10.7,1.4,2.8,10.4,3.75
151,Gerrit Cole\colege01,28,HOU,AL,33,20,5,0.8,2.5,2.64,0.895,6,1.2,2,13.8,6.79
152,Taylor Cole\coleta01,29,LAA,AL,6,3,4,0.429,5.92,3.29,1.587,10.1,0.3,4.2,8.7,2.08
153,Tim Collins*\colliti01,29,CHC,NL,0,0,0,,3.12,4.83,1.385,9.3,1,3.1,4.2,1.33
154,Alex Colome\colomal01,30,CHW,AL,0,4,5,0.444,2.8,4.08,1.066,6.2,1,3.4,8.1,2.39
155,Adam Conley*\conlead01,29,MIA,NL,0,2,11,0.154,6.53,5.19,1.731,11.3,1.5,4.3,7.9,1.83
156,Sam Coonrod\coonrsa01,26,SFG,NL,0,5,1,0.833,3.58,5.24,1.229,6.2,1,4.9,6.5,1.33
157,Patrick Corbin*\corbipa01,29,WSN,NL,33,14,7,0.667,3.25,3.49,1.183,7.5,1.1,3.1,10.6,3.4
158,Jimmy Cordero\cordeji01,27,TOT,AL,0,1,1,0.5,2.89,4.07,0.991,6.3,1,2.7,7.5,2.82
159,Nestor Cortes Jr.*\cortene01,24,NYY,AL,1,5,1,0.833,5.67,5.57,1.545,10.1,2.2,3.8,9.3,2.46
160,Dylan Covey\coveydy01,27,CHW,AL,12,1,8,0.111,7.98,6.06,1.756,11.5,1.8,4.3,6.3,1.46
161,Stefan Crichton\crichst01,27,ARI,NL,0,1,0,1,3.56,3.31,1.022,6.8,0.9,2.4,9.8,4.13
162,Kyle Crick\crickky01,26,PIT,NL,0,3,7,0.3,4.96,5.95,1.551,7.5,1.8,6.4,11.2,1.74
163,Johnny Cueto\cuetojo01,33,SFG,NL,4,1,2,0.333,5.06,5.71,1.25,6.2,1.7,5.1,7.3,1.44
164,Charlie Culberson\culbech01,30,ATL,NL,0,0,0,,0,5.21,2,9,0,9,4.5,0.5
165,John Curtiss\curtijo02,26,LAA,AL,0,0,0,,3.86,6.21,2.143,7.7,0,11.6,3.9,0.33
166,Yu Darvish\darviyu01,32,CHC,NL,31,6,8,0.429,3.98,4.18,1.097,7.1,1.7,2.8,11.5,4.09
167,Zach Davies\davieza02,26,MIL,NL,31,10,7,0.588,3.55,4.56,1.29,8.7,1.1,2.9,5.7,2
168,Austin Davis*\davisau01,26,PHI,NL,0,0,0,,6.53,7.13,1.742,9.6,2.6,6.1,10.5,1.71
169,Chris Davis\davisch02,33,BAL,AL,0,0,0,,9,14.21,2,18,9,0,9,
170,Rookie Davis\davisro03,26,PIT,NL,1,0,1,0,6.75,7.25,1.875,10.1,2.5,6.8,8.4,1.25
171,Taylor Davis\davista01,29,CHC,NL,0,0,0,,0,3.21,3,27,0,0,0,
172,Wade Davis\daviswa01,33,COL,NL,0,1,6,0.143,8.65,5.56,1.875,10.8,1.5,6.1,8.9,1.45
173,Grant Dayton*\daytogr01,31,ATL,NL,0,0,1,0,3,6.21,1.333,9,3,3,10.5,3.5
174,Chase De Jong\dejonch01,25,MIN,AL,0,0,0,,36,25.21,6,27,9,27,0,0
175,Jose De Leon\deleojo03,26,TBR,AL,0,1,0,1,2.25,3.46,1.5,6.8,0,6.8,15.8,2.33
176,Enyel De Los Santos\delosen01,23,PHI,NL,1,0,1,0,7.36,7.67,1.636,10.6,3.3,4.1,7.4,1.8
177,Jacob deGrom\degroja01,31,NYM,NL,32,11,8,0.579,2.43,2.67,0.971,6.8,0.8,1.9,11.3,5.8
178,Miguel Del Pozo*\delpomi01,26,LAA,AL,0,1,1,0.5,10.61,7.61,1.929,9.6,2.9,7.7,10.6,1.38
179,Daniel Descalso\descada01,32,CHC,NL,0,0,0,,18,16.21,2,18,9,0,0,
180,Anthony DeSclafani\desclan01,29,CIN,NL,31,9,9,0.5,3.89,4.43,1.2,8.2,1.6,2.6,9,3.41
181,Ian Desmond\desmoia01,33,COL,NL,0,0,0,,0,3.21,1,9,0,0,0,
182,Odrisamer Despaigne\despaod01,32,CHW,AL,3,0,2,0,9.45,6.89,2.325,16.2,2,4.7,4.7,1
183,Ross Detwiler*\detwiro01,33,CHW,AL,12,3,5,0.375,6.59,6.92,1.622,11.1,2.6,3.5,5.9,1.7
184,Chris Devenski\devench02,28,HOU,AL,1,2,3,0.4,4.83,4.62,1.304,9,1.7,2.7,9.4,3.43
185,Edwin Diaz\diazed04,25,NYM,NL,0,2,7,0.222,5.59,4.51,1.379,9,2.3,3.4,15.4,4.5
186,Jairo Diaz\diazja01,28,COL,NL,0,6,4,0.6,4.53,3.7,1.301,8.7,1.1,3,9.8,3.32
187,Miguel Diaz\diazmi02,24,SDP,NL,0,0,0,,7.11,5.42,1.579,12.8,1.4,1.4,5.7,4
188,Yennsy Diaz\diazye01,22,TOR,AL,0,0,0,,27,21.21,7.5,13.5,0,54,0,0
189,Phillip Diehl*\diehlph01,24,COL,NL,0,0,0,,7.36,4.03,1.636,12.3,1.2,2.5,9.8,4
190,Jake Diekman*\diekmja01,32,TOT,AL,0,1,7,0.125,4.65,3.55,1.419,7.1,0.4,5.7,12.2,2.15
191,Brandon Dixon\dixonbr01,27,DET,AL,0,0,0,,9,11.71,0.5,4.5,4.5,0,4.5,
192,Randy Dobnak\dobnara01,24,MIN,AL,5,2,1,0.667,1.59,2.9,1.129,8.6,0.3,1.6,7.3,4.6
193,Seranthony Dominguez\dominse01,24,PHI,NL,0,3,0,1,4.01,4.02,1.459,8.8,1.1,4.4,10.6,2.42
194,Sean Doolittle*\doolise01,32,WSN,NL,0,6,5,0.545,4.05,4.25,1.3,9.5,1.7,2.3,9.9,4.4
195,Kyle Dowdy\dowdyky01,26,TEX,AL,1,2,1,0.667,7.25,6.57,1.97,10.5,1.6,7.3,6.9,0.94
196,Brian Dozier\doziebr01,32,WSN,NL,0,0,0,,18,16.21,2,18,9,0,0,
197,Oliver Drake\drakeol01,32,TBR,AL,0,5,2,0.714,3.21,3.87,0.982,5.8,1.4,3.1,11.3,3.68
198,Tyler Duffey\duffety01,28,MIN,AL,0,5,1,0.833,2.5,3.06,1.006,6.9,1.2,2.2,12.8,5.86
199,Danny Duffy*\duffyda01,30,KCR,AL,23,7,6,0.538,4.34,4.78,1.309,8.6,1.4,3.2,7.9,2.5
200,Robert Dugger\duggero01,23,MIA,NL,7,0,4,0,5.77,5.95,1.456,8.7,1.6,4.5,6.6,1.47
201,Zach Duke*\dukeza01,36,CIN,NL,0,3,1,0.75,5.01,6.47,1.671,8.1,1.5,6.9,6.9,1
202,Ryan Dull\dullry01,29,TOT,AL,0,0,0,,12.79,7.87,2.526,17.8,3.6,5,10.7,2.14
203,Justin Dunn\dunnju01,23,SEA,AL,4,0,0,,2.7,5.76,1.65,2.7,0,12.2,6.8,0.56
204,Mike Dunn*\dunnmi01,34,COL,NL,0,1,0,1,7.13,5.48,1.302,8.7,2,3.1,7.6,2.5
205,Jon Duplantier\duplajo01,24,ARI,NL,3,1,1,0.5,4.42,3.95,1.555,9.6,0.5,4.4,8.3,1.89
206,Montana DuRapau\durapmo01,27,PIT,NL,2,0,1,0,9.35,5.58,2.077,14,2.1,4.7,11.4,2.44
207,Sam Dyson\dysonsa01,31,TOT,MLB,0,5,1,0.833,3.32,3.47,1.059,7.7,0.9,1.9,7.9,4.23
208,Ryan Eades\eadesry01,27,TOT,AL,0,0,1,0,2.38,5.6,1.5,8.7,1.6,4.8,7.9,1.67
209,Carl Edwards Jr.\edwarca01,27,TOT,NL,0,1,1,0.5,8.47,5.74,1.471,6.4,1.6,6.9,10.1,1.46
210,Jon Edwards\edwarjo02,31,CLE,AL,0,2,0,1,2.25,8.21,1.375,5.6,2.3,6.8,5.6,0.83
211,Zach Eflin\eflinza01,25,PHI,NL,28,10,13,0.435,4.13,4.85,1.347,9.5,1.5,2.6,7.1,2.69
212,Jerad Eickhoff\eickhje01,28,PHI,NL,10,3,4,0.429,5.71,6.51,1.303,8.9,2.8,2.8,7.9,2.83
213,Roenis Elias*\eliasro01,30,TOT,MLB,0,4,2,0.667,3.96,5.07,1.28,8.3,1.8,3.2,8.5,2.61
214,Chris Ellis\ellisch01,26,KCR,AL,0,0,0,,0,6.21,2,9,0,9,0,0
215,Nathan Eovaldi\eovalna01,29,BOS,AL,12,2,1,0.667,5.99,5.9,1.581,9.6,2.1,4.7,9.3,2
216,Robbie Erlin*\erlinro01,28,SDP,NL,1,0,1,0,5.37,3.61,1.572,11.7,1,2.4,8.5,3.47
217,Luis Escobar\escoblu01,23,PIT,NL,0,0,0,,7.94,7.45,2.471,15.9,1.6,6.4,3.2,0.5
218,Tom Eshelman\eshelto01,25,BAL,AL,4,1,2,0.333,6.5,7.33,1.611,11.8,3,2.8,5.5,2
219,Carlos Estevez\estevca01,26,COL,NL,0,2,2,0.5,3.75,4.13,1.292,8.8,1.5,2.9,10.1,3.52
220,Marco Estrada\estrama01,35,OAK,AL,5,0,2,0,6.85,7.52,1.31,8.7,2.7,3,4.2,1.38
221,Peter Fairbanks\fairbpe01,25,TOT,AL,0,2,3,0.4,6.86,5.07,1.667,10.7,2.1,4.3,12,2.8
222,Jeurys Familia\familje01,29,NYM,NL,0,4,2,0.667,5.7,4.88,1.733,9.3,1.1,6.3,9.5,1.5
223,Jake Faria\fariaja01,25,TOT,MLB,0,0,1,0,6.75,6.75,2.143,13.5,2.4,5.8,9.2,1.58
224,Buck Farmer\farmebu01,28,DET,AL,1,6,6,0.5,3.72,3.88,1.271,8.2,1.1,3.2,9.7,3.04
225,Kyle Farmer\farmeky01,28,CIN,NL,0,0,0,,0,3.21,0.75,6.8,0,0,0,
226,Luke Farrell\farrelu01,28,TEX,AL,1,1,0,1,2.7,5.01,0.675,4.1,2,2,8.1,4
227,Erick Fedde\feddeer01,26,WSN,NL,12,4,2,0.667,4.5,5.34,1.462,9.3,1.3,3.8,4.7,1.24
228,Tim Federowicz\federti01,31,TEX,AL,0,0,0,,9,16.21,3,27,9,0,0,
229,Ryan Feierabend*\feierry01,33,TOR,AL,1,0,1,0,11.12,6.92,2.118,17.5,3.2,1.6,6.4,4
230,Michael Feliz\felizmi01,26,PIT,NL,1,4,4,0.5,3.99,4.71,1.26,7,1.8,4.3,11.7,2.7
231,Caleb Ferguson*\ferguca01,22,LAD,NL,2,1,2,0.333,4.84,5.05,1.478,7.9,1.4,5.4,10.9,2
232,Jose Fernandez*\fernajo04,26,DET,AL,0,0,0,,17.18,10.58,3,14.7,2.5,12.3,4.9,0.4
233,Junior Fernandez\fernaju01,22,STL,NL,0,0,1,0,5.4,5.27,1.286,6.9,1.5,4.6,12.3,2.67
234,Matt Festa\festama01,26,SEA,AL,0,0,2,0,5.64,6.12,1.433,8.1,2,4.8,8.5,1.75
235,Mike Fiers\fiersmi01,34,OAK,AL,33,15,4,0.789,3.9,4.97,1.186,8.1,1.5,2.6,6.1,2.38
236,Heath Fillmyer\fillmhe01,25,KCR,AL,3,0,2,0,8.06,7.38,1.791,11.3,2.4,4.8,6,1.25
237,Jack Flaherty\flaheja01,23,STL,NL,33,11,8,0.579,2.75,3.46,0.968,6.2,1.1,2.5,10.6,4.2
238,Chris Flexen\flexech01,24,NYM,NL,1,0,3,0,6.59,5.56,2.049,9.9,0.7,8.6,6.6,0.77
239,Dylan Floro\florody01,28,LAD,NL,0,5,3,0.625,4.24,3.56,1.286,8.9,0.8,2.7,8.1,3
240,Brian Flynn*\flynnbr01,29,KCR,AL,1,2,2,0.5,5.22,4.65,1.875,11.7,0.6,5.2,6.8,1.29
241,Mike Foltynewicz\foltymi01,27,ATL,NL,21,8,6,0.571,4.54,4.97,1.248,8.4,1.8,2.8,8.1,2.84
242,Wilmer Font\fontwi01,29,TOT,MLB,17,4,5,0.444,4.48,4.72,1.269,8.3,1.8,3.1,10.1,3.28
243,Mike Ford\fordmi01,26,NYY,AL,0,0,0,,22.5,15.21,3,27,9,0,4.5,
244,Ty France\francty01,24,SDP,NL,0,0,0,,4.5,9.71,1,9,4.5,0,0,
245,Enderson Franco\francen01,26,SFG,NL,0,0,0,,3.38,4.71,0.938,6.8,1.7,1.7,6.8,4
246,Caleb Frare*\frareca01,25,CHW,AL,0,0,0,,10.13,10.34,2.25,6.8,3.4,13.5,10.1,0.75
247,Kyle Freeland*\freelky01,26,COL,NL,22,3,11,0.214,6.73,5.99,1.581,10.9,2.2,3.4,6.8,2.03
248,Mike Freeman\freemmi01,31,CLE,AL,0,0,0,,9,9.71,1,9,4.5,0,0,
249,Sam Freeman*\freemsa01,32,LAA,AL,0,0,0,,4.5,12.71,2.5,13.5,4.5,9,0,0
250,Max Fried*\friedma01,25,ATL,NL,30,17,6,0.739,4.02,3.72,1.334,9.5,1.1,2.6,9.4,3.68
251,Jace Fry*\fryja01,25,CHW,AL,0,3,4,0.429,4.75,4.9,1.582,7.2,1.1,7,11.1,1.58
252,Paul Fry*\frypa01,26,BAL,AL,0,1,9,0.1,5.34,4.71,1.448,8.5,1.1,4.6,8.6,1.9
253,Carson Fulmer\fulmeca01,25,CHW,AL,2,1,2,0.333,6.26,6.29,1.683,8.6,1.6,6.6,8.2,1.25
254,Drew Gagnon\gagnodr01,29,NYM,NL,0,3,1,0.75,8.37,8.96,1.732,12.9,4.2,2.7,6.5,2.43
255,Giovanny Gallegos\gallegi01,27,STL,NL,0,3,2,0.6,2.31,3.05,0.811,5.4,1.1,1.9,11.3,5.81
256,Zac Gallen\galleza01,23,TOT,NL,15,3,6,0.333,2.81,3.61,1.225,7,0.9,4.1,10.8,2.67
257,John Gant\gantjo01,26,STL,NL,0,11,1,0.917,3.66,3.73,1.281,6.9,0.5,4.6,8.1,1.76
258,Bryan Garcia\garcibr01,24,DET,AL,0,0,0,,12.15,5.31,2.1,12.2,1.4,6.8,9.5,1.4
259,Edgar Garcia\garcied01,22,PHI,NL,0,2,0,1,5.77,6.57,1.641,8.8,2.5,6,10.4,1.73
260,Jarlin Garcia*\garcija04,26,MIA,NL,0,4,2,0.667,3.02,3.77,1.105,7.1,0.7,2.8,6.9,2.44
261,Luis Garcia\garcilu03,32,LAA,AL,2,2,1,0.667,4.35,5.94,1.516,8.9,1.9,4.8,8.3,1.73
262,Rico Garcia\garciri01,25,COL,NL,1,0,1,0,10.5,11.55,2.333,13.5,4.5,7.5,3,0.4
263,Yimi Garcia\garciyi01,28,LAD,NL,0,1,4,0.2,3.61,5.19,0.866,5.8,2.2,2,9.5,4.71
264,Amir Garrett*\garream01,27,CIN,NL,0,5,3,0.625,3.21,4.14,1.411,7.1,1.1,5.6,12.5,2.23
265,Reed Garrett\garrere01,26,DET,AL,0,0,0,,8.22,7.19,2.413,14.1,1.8,7.6,5.9,0.77
266,Ryan Garton\gartory01,29,SEA,AL,0,0,0,,12,12.21,1.667,12,6,3,3,1
267,Kevin Gausman\gausmke01,28,TOT,NL,17,3,9,0.25,5.72,3.98,1.417,9.9,1.3,2.8,10,3.56
268,Sam Gaviglio\gavigsa01,29,TOR,AL,0,4,2,0.667,4.61,4.64,1.118,8,1.7,2.1,8.3,4
269,Cory Gearrin\gearrco01,33,TOT,AL,2,1,3,0.25,4.07,4.26,1.446,8.9,0.8,4.1,7.6,1.88
270,Domingo German\germado01,26,NYY,AL,24,18,4,0.818,4.03,4.72,1.147,7.9,1.9,2.5,9.6,3.92
271,Ian Gibaut\gibauia01,25,TOT,AL,0,1,1,0.5,5.65,4.19,1.535,7.5,0.6,6.3,10,1.6
272,Kyle Gibson\gibsoky01,31,MIN,AL,29,13,7,0.65,4.84,4.26,1.444,9.8,1.3,3.2,9,2.86
273,Ken Giles\gileske01,28,TOR,AL,0,2,3,0.4,1.87,2.27,1,6.1,0.8,2.9,14.1,4.88
274,Sean Gilmartin*\gilmase01,29,BAL,AL,1,0,1,0,19.29,16.07,3.857,27,7.7,7.7,3.9,0.5
275,Kevin Ginkel\ginkeke01,25,ARI,NL,0,3,0,1,1.48,3.09,0.986,5.5,0.7,3.3,10.4,3.11
276,Lucas Giolito\giolilu01,24,CHW,AL,29,14,9,0.609,3.41,3.43,1.064,6.7,1.2,2.9,11.6,4
277,Mychal Givens\givenmy01,29,BAL,AL,0,2,6,0.25,4.57,4.5,1.19,7,1.9,3.7,12.3,3.31
278,Tyler Glasnow\glasnty01,25,TBR,AL,12,6,1,0.857,1.78,2.26,0.89,5.9,0.6,2.1,11.3,5.43
279,Zack Godley\godleza01,29,TOT,MLB,9,4,5,0.444,5.97,5.2,1.5,9.4,1.4,4.1,6.8,1.67
280,Jeanmar Gomez\gomezje01,31,TEX,AL,0,1,0,1,8.22,4.97,1.891,13.5,1.2,3.5,5.9,1.67
281,Tony Gonsolin\gonsoto01,25,LAD,NL,6,4,2,0.667,2.93,3.86,1.025,5.9,0.9,3.4,8.3,2.47
282,Marco Gonzales*\gonzama02,27,SEA,AL,34,16,13,0.552,3.99,4.15,1.31,9.3,1,2.5,6.5,2.63
283,Chi Chi Gonzalez\gonzach01,27,COL,NL,12,2,6,0.25,5.29,5.64,1.46,8.4,1.6,4.7,6.6,1.39
284,Gio Gonzalez*\gonzagi01,33,MIL,NL,17,3,2,0.6,3.5,4.04,1.294,7.8,0.9,3.8,8,2.11
285,Nick Goody\goodyni01,27,CLE,AL,0,3,2,0.6,3.54,4.62,1.279,6.6,1.5,4.9,11.1,2.27
286,Alex Gordon\gordoal01,35,KCR,AL,0,0,0,,19.29,11.36,4.286,30.9,3.9,7.7,0,0
287,Trevor Gott\gotttr01,26,SFG,NL,0,7,0,1,4.44,3.12,1.101,7,0.7,2.9,9.7,3.35
288,Matt Grace*\gracema02,30,WSN,NL,1,1,2,0.333,6.36,5.55,1.521,11.8,2.1,1.9,6.8,3.5
289,Brusdar Graterol\gratebr01,20,MIN,AL,0,1,1,0.5,4.66,3.42,1.241,9.3,0.9,1.9,9.3,5
290,Jon Gray\grayjo02,27,COL,NL,25,11,8,0.579,3.84,4.06,1.353,8.8,1.1,3.4,9,2.68
291,Sonny Gray\grayso01,29,CIN,NL,31,11,8,0.579,2.87,3.42,1.084,6.3,0.9,3.5,10.5,3.01
292,Chad Green\greench03,28,NYY,AL,15,4,4,0.5,4.17,3.34,1.232,8.6,1.3,2.5,12.8,5.16
293,Shane Greene\greensh02,30,TOT,MLB,0,0,3,0,2.3,3.79,1.005,6.6,1.1,2.4,9.2,3.76
294,Luke Gregerson\gregelu01,35,STL,NL,0,0,0,,7.94,3.04,2.118,17.5,0,1.6,3.2,2
295,Zack Greinke\greinza01,35,TOT,MLB,33,18,5,0.783,2.93,3.22,0.982,7.5,0.9,1.3,8.1,6.23
296,Zac Grotz\grotzza01,26,SEA,AL,0,1,0,1,4.15,2.69,1.269,7.3,0,4.2,9.3,2.25
297,Robert Gsellman\gsellro01,25,NYM,NL,0,2,3,0.4,4.66,4.12,1.366,9,1,3.3,8.5,2.61
298,Reymin Guduan*\guduare01,27,HOU,AL,0,1,0,1,11.81,10.53,2.25,13.5,5.1,6.8,10.1,1.5
299,Deolis Guerra\guerrde01,30,MIL,NL,0,0,0,,54,22.71,6,54,13.5,0,0,
300,Javy Guerra\guerrja01,33,TOT,MLB,0,3,1,0.75,4.66,4.25,1.241,8.9,1.3,2.3,7.6,3.35
301,Javy Guerra\guerrja02,23,SDP,NL,0,0,0,,5.19,7.37,1.154,7.3,3.1,3.1,6.2,2
302,Junior Guerra\guerrju02,34,MIL,NL,0,9,5,0.643,3.55,4.52,1.124,6.2,1.2,3.9,8.3,2.14
303,Tayron Guerrero\guerrta01,28,MIA,NL,0,1,2,0.333,6.26,6.06,1.696,8.2,1.4,7,8.4,1.19
304,Taylor Guerrieri\guerrta02,26,TEX,AL,0,0,0,,5.81,5.38,1.823,8.9,1,7.5,9.2,1.23
305,Taylor Guilbeau*\guilbta01,26,SEA,AL,0,0,0,,3.65,5.16,1.054,7.3,1.5,2.2,5.1,2.33
306,Jandel Gustave\gustaja01,26,SFG,NL,0,0,0,,2.96,3.71,1.11,6.7,0.4,3.3,5.2,1.56
307,Jedd Gyorko\gyorkje01,30,TOT,NL,0,0,0,,0,-2.79,0,0,0,0,27,
308,Josh Hader*\haderjo01,25,MIL,NL,0,3,5,0.375,2.62,3.1,0.806,4.9,1.8,2.4,16.4,6.9
309,Jesse Hahn\hahnje01,29,KCR,AL,0,0,1,0,13.5,6.86,2.786,13.5,1.9,11.6,13.5,1.17
310,David Hale\haleda02,31,NYY,AL,0,3,0,1,3.11,3.32,1.221,9.3,0.5,1.7,5.5,3.29
311,Matt Hall*\hallma02,25,DET,AL,0,0,1,0,7.71,5.19,1.843,10.8,1.5,5.8,10.4,1.8
312,Cole Hamels*\hamelco01,35,CHC,NL,27,7,7,0.5,3.81,4.09,1.391,9,1.1,3.6,9.1,2.55
313,J.D. Hammer\hammejd01,24,PHI,NL,0,1,0,1,3.79,5.11,1.421,7.1,0.9,5.7,6.2,1.08
314,Brad Hand*\handbr01,29,CLE,AL,0,6,4,0.6,3.3,2.8,1.238,8.3,0.9,2.8,13.2,4.67
315,J.A. Happ*\happja01,36,NYY,AL,30,12,8,0.6,4.91,5.22,1.295,8.9,1.9,2.7,7.8,2.86
316,Blaine Hardy*\hardybl01,32,DET,AL,0,1,1,0.5,4.47,5.72,1.15,7.7,2,2.6,5.9,2.23
317,Ryne Harper\harpery01,30,MIN,AL,0,4,2,0.667,3.81,3.66,1.178,8.9,1.2,1.7,8.3,5
318,Will Harris\harriwi10,34,HOU,AL,0,4,1,0.8,1.5,3.15,0.933,6.3,0.9,2.1,9.3,4.43
319,Donnie Hart*\hartdo01,28,TOT,NL,0,0,0,,0,4,1.043,4.7,0,4.7,3.5,0.75
320,Geoff Hartlieb\hartlge01,25,PIT,NL,0,0,1,0,9,5.56,2,13.4,2.1,4.6,9.8,2.11
321,Hunter Harvey\harvehu01,24,BAL,AL,0,1,0,1,1.42,3.69,1.105,4.3,1.4,5.7,15.6,2.75
322,Joe Harvey\harvejo01,27,TOT,MLB,0,1,0,1,5,5.99,1.722,9,1.5,6.5,8.5,1.31
323,Matt Harvey\harvema01,30,LAA,AL,12,3,5,0.375,7.09,6.35,1.542,9.5,2,4.4,5.9,1.34
324,Andrew Heaney*\heanean01,28,LAA,AL,18,4,6,0.4,4.91,4.63,1.29,8.8,1.9,2.8,11.1,3.93
325,Taylor Hearn*\hearnta01,24,TEX,AL,1,0,1,0,108,39.21,21,81,0,108,0,0
326,Ben Heller\hellebe01,27,NYY,AL,0,0,0,,1.23,3.76,1.227,7.4,1.2,3.7,11,3
327,Jeremy Hellickson\hellije01,32,WSN,NL,8,2,3,0.4,6.23,6.29,1.718,10.8,2.1,4.6,6.9,1.5
328,Ryan Helsley\helslry01,24,STL,NL,0,2,0,1,2.95,4.22,1.255,8.3,1.2,2.9,7.9,2.67
329,Heath Hembree\hembrhe01,30,BOS,AL,0,1,0,1,3.86,4.78,1.311,7.7,1.6,4.1,10.4,2.56
330,Kyle Hendricks\hendrky01,29,CHC,NL,30,11,10,0.524,3.46,3.61,1.13,8.5,1,1.6,7.6,4.69
331,Liam Hendriks\hendrli01,30,OAK,AL,2,4,4,0.5,1.8,1.87,0.965,6.5,0.5,2.2,13.1,5.9
332,Jimmy Herget\hergeji01,25,CIN,NL,0,0,0,,4.26,8.74,1.737,11.4,2.8,4.3,0,0
333,Darwinzon Hernandez*\hernada02,22,BOS,AL,1,0,1,0,4.45,2.75,1.747,8,0.3,7.7,16.9,2.19
334,David Hernandez\hernada01,34,CIN,NL,0,2,5,0.286,8.02,4.34,1.711,11.2,1.5,4.2,11.2,2.65
335,Elieser Hernandez\hernael01,24,MIA,NL,15,3,5,0.375,5.03,5.58,1.239,8.3,2.2,2.8,9.3,3.27
336,Felix Hernandez\hernafe02,33,SEA,AL,15,1,8,0.111,6.4,6,1.535,10.7,2.1,3.1,7.2,2.28
337,Jonathan Hernandez\hernajo02,22,TEX,AL,2,2,1,0.667,4.32,5.61,1.62,7.6,1.6,7,10.3,1.46
338,Kelvin Herrera\herreke01,29,CHW,AL,0,3,3,0.5,6.14,4.58,1.617,10.5,1.4,4,9.3,2.3
339,David Hess\hessda01,25,BAL,AL,14,1,10,0.091,7.09,7.26,1.55,10.6,3.2,3.4,7.7,2.27
340,Jordan Hicks\hicksjo03,22,STL,NL,0,2,2,0.5,3.14,3.21,0.942,5,0.6,3.5,9.7,2.82
341,Trevor Hildenberger\hildetr01,28,MIN,AL,0,2,2,0.5,10.47,4.81,2.265,16.5,1.1,3.9,8.3,2.14
342,Rich Hill*\hillri01,39,LAD,NL,13,4,1,0.8,2.45,4.1,1.125,7.4,1.5,2.8,11,4
343,Tim Hill*\hillti01,29,KCR,AL,0,2,0,1,3.63,3.84,1.109,7,0.9,2.9,8.8,3
344,Yoshihisa Hirano\hiranyo01,35,ARI,NL,0,5,5,0.5,4.75,4.04,1.377,8.7,1.2,3.7,10.4,2.77
345,Jeff Hoffman\hoffmje02,26,COL,NL,15,2,6,0.25,6.56,6.8,1.586,9.9,2.7,4.4,8.7,2
346,Bryan Holaday\holadbr01,31,MIA,NL,0,0,0,,0,3.21,0,0,0,0,0,
347,Jonathan Holder\holdejo02,26,NYY,AL,1,5,2,0.714,6.31,4.45,1.306,9.4,1.7,2.4,10,4.18
348,Derek Holland*\hollade01,32,TOT,NL,8,2,5,0.286,6.08,6.1,1.506,8.8,2.1,4.8,8.8,1.82
349,Greg Holland\hollagr01,33,ARI,NL,0,1,2,0.333,4.54,4.76,1.374,6.3,1.3,6.1,10.3,1.71
350,Clay Holmes\holmecl01,26,PIT,NL,0,1,2,0.333,5.58,4.97,1.62,8.1,0.9,6.5,10.1,1.56
351,Adrian Houser\housead01,26,MIL,NL,18,6,7,0.462,3.72,3.88,1.24,8.2,1.1,3,9.5,3.16
352,Sam Howard*\howarsa01,26,COL,NL,0,2,0,1,6.63,6.27,1.632,9.9,2.4,4.7,10.9,2.3
353,James Hoyt\hoytja01,32,CLE,AL,0,0,0,,2.16,4.65,0.96,6.5,2.2,2.2,10.8,5
354,Wei-Chieh Huang\huangwe01,25,TEX,AL,0,0,0,,3.18,5.68,2.294,12.7,0,7.9,3.2,0.4
355,Dakota Hudson\hudsoda02,24,STL,NL,32,16,7,0.696,3.35,4.93,1.408,8.2,1.1,4.4,7,1.58
356,Daniel Hudson\hudsoda01,32,TOT,MLB,1,9,3,0.75,2.47,3.97,1.137,6.9,1,3.3,8.8,2.63
357,Jared Hughes\hugheja02,33,TOT,NL,0,5,5,0.5,4.04,5.29,1.178,7.2,1.6,3.4,6.8,2
358,Danny Hultzen*\hultzda01,29,CHC,NL,0,0,0,,0,2.91,1.8,10.8,0,5.4,13.5,2.5
359,Tommy Hunter\hunteto02,32,PHI,NL,0,0,0,,0,1.34,0.375,3.4,0,0,8.4,
360,Raisel Iglesias\iglesra01,29,CIN,NL,0,3,12,0.2,4.16,3.92,1.224,8.2,1.6,2.8,12,4.24
361,Cole Irvin*\irvinco01,25,PHI,NL,3,2,1,0.667,5.83,5.06,1.392,9.7,1.5,2.8,6.7,2.38
362,Edwin Jackson\jacksed01,35,TOT,AL,13,3,10,0.231,9.58,7.65,2.025,14,3.1,4.3,6.9,1.63
363,Jay Jackson\jacksja01,31,MIL,NL,0,1,0,1,4.45,4.66,1.319,6.5,1.8,5.3,13.9,2.61
364,Luke Jackson\jackslu01,27,ATL,NL,0,9,2,0.818,3.84,3.24,1.404,9.4,1.2,3.2,13.1,4.08
365,Josh James\jamesjo02,26,HOU,AL,1,5,1,0.833,4.7,3.98,1.321,6.8,1.5,5.1,14.7,2.86
366,Kenley Jansen\janseke01,31,LAD,NL,0,5,3,0.625,3.71,3.48,1.063,7.3,1.3,2.3,11.4,5
367,Jeremy Jeffress\jeffrje01,31,MIL,NL,0,3,4,0.429,5.02,3.96,1.365,9.3,0.9,2.9,8,2.71
368,Dan Jennings*\jennida01,32,WSN,NL,0,1,2,0.333,13.5,7.29,3.214,15.4,1.9,13.5,17.4,1.29
369,Williams Jerez*\jerezwi01,27,TOT,NL,0,1,0,1,4.35,6.6,2.032,10.5,1.7,7.8,7.8,1
370,Jake Jewell\jewelja01,26,LAA,AL,0,0,0,,6.84,6.67,1.367,9.6,2.7,2.7,7.9,2.88
371,Eduardo Jimenez\jimened01,24,DET,AL,0,0,0,,5.91,4.34,1.594,10.1,0.8,4.2,6.8,1.6
372,Joe Jimenez\jimenjo02,24,DET,AL,0,4,7,0.364,4.37,4.66,1.324,8.4,2,3.5,12.4,3.57
373,Brian Johnson*\johnsbr02,28,BOS,AL,7,1,3,0.25,6.02,5.32,1.884,11.8,1.3,5.1,6.9,1.35
374,DJ Johnson\johnsdj01,29,COL,NL,0,0,2,0,5.04,4.45,1.68,8.3,0.4,6.8,8.6,1.26
375,Nate Jones\jonesna01,33,CHW,AL,0,0,1,0,3.48,6.12,1.645,8.7,1.7,6.1,8.7,1.43
376,Caleb Joseph\josepca01,33,ARI,NL,0,0,0,,0,3.21,0,0,0,0,0,
377,Jakob Junis\junisja01,26,KCR,AL,31,9,14,0.391,5.24,4.82,1.426,9.9,1.6,3,8.4,2.83
378,Ariel Jurado\juradar01,23,TEX,AL,18,7,11,0.389,5.81,5.1,1.504,10.9,1.5,2.6,6,2.25
379,Tommy Kahnle\kahnlto01,29,NYY,AL,0,3,2,0.6,3.67,3.33,1.06,6.6,1.3,2.9,12.9,4.4
380,James Karinchak\karinja01,23,CLE,AL,0,0,0,,1.69,0.78,0.75,5.1,0,1.7,13.5,8
381,Nate Karns\karnsna01,31,BAL,AL,2,0,1,0,0,3.59,1.875,11.8,0,5.1,8.4,1.67
382,Anthony Kay*\kayan01,24,TOR,AL,2,1,0,1,5.79,2.64,1.429,9.6,0,3.2,8.4,2.6
383,Keone Kela\kelake01,26,PIT,NL,0,2,0,1,2.12,3.52,1.011,5.8,0.9,3.3,10,3
384,Brad Keller\kellebr01,23,KCR,AL,28,7,14,0.333,4.19,4.35,1.355,8.4,0.8,3.8,6.6,1.74
385,Kyle Keller\kelleky01,26,MIA,NL,0,0,0,,3.38,7.62,1.219,4.2,2.5,6.8,9.3,1.38
386,Mitch Keller\kellemi03,23,PIT,NL,11,1,5,0.167,7.13,3.19,1.833,13.5,1.1,3,12.2,4.06
387,Shawn Kelley\kellesh01,35,TEX,AL,0,5,2,0.714,4.94,5.52,1.394,10.5,2.3,2.1,8.2,3.91
388,Trevor Kelley\kelletr01,25,BOS,AL,0,0,3,0,8.64,6.69,1.68,9.7,2.2,5.4,6.5,1.2
389,Joe Kelly\kellyjo05,31,LAD,NL,0,5,4,0.556,4.56,3.78,1.383,8.6,1.1,3.9,10.9,2.82
390,Merrill Kelly\kellyme01,30,ARI,NL,32,13,14,0.481,4.42,4.51,1.315,9,1.4,2.8,7.8,2.77
391,Ian Kennedy\kenneia01,34,KCR,AL,0,3,2,0.6,3.41,2.99,1.279,9.1,0.9,2.4,10.4,4.29
392,Clayton Kershaw*\kershcl01,31,LAD,NL,28,16,5,0.762,3.03,3.86,1.043,7.3,1.4,2.1,9.5,4.61
393,Dallas Keuchel*\keuchda01,31,ATL,NL,19,8,8,0.5,3.75,4.72,1.367,9.2,1.3,3.1,7.3,2.33
394,Yusei Kikuchi*\kikucyu01,28,SEA,AL,32,6,11,0.353,5.46,5.71,1.515,10.9,2,2.8,6.5,2.32
395,Craig Kimbrel\kimbrcr01,31,CHC,NL,0,0,4,0,6.53,8,1.597,9.1,3.9,5.2,13.1,2.5
396,Mike King\kingmi01,24,NYY,AL,0,0,0,,0,2.21,1,9,0,0,4.5,
397,Nick Kingham\kinghni01,27,TOT,MLB,4,4,2,0.667,7.28,5.48,1.85,12.6,1.8,4,7.4,1.84
398,Tyler Kinley\kinlety01,28,MIA,NL,0,3,1,0.75,3.65,4.92,1.601,7.8,0.9,6.6,8.4,1.28
399,Ian Kinsler\kinslia01,37,SDP,NL,0,0,0,,0,12.21,3,9,0,18,0,0
400,Brandon Kintzler\kintzbr01,34,CHC,NL,0,3,3,0.5,2.68,3.56,1.018,7.1,0.8,2.1,7.6,3.69
401,Andrew Kittredge\kittran01,29,TBR,AL,7,1,0,1,4.17,3.56,1.268,9.2,1.3,2.2,10.5,4.83
402,Branden Kline\klinebr01,27,BAL,AL,0,1,4,0.2,5.93,5.87,1.537,9.7,2,4.2,7.5,1.79
403,Corey Kluber\klubeco01,33,CLE,AL,7,2,3,0.4,5.8,4.06,1.654,11.1,1,3.8,9.6,2.53
404,Matt Koch\kochma01,28,ARI,NL,0,0,0,,9.15,8.68,1.597,12.6,3.5,1.7,3.9,2.25
405,Adam Kolarek*\kolarad01,30,TOT,MLB,0,6,3,0.667,3.27,4.27,1.164,7.9,1.1,2.6,7.4,2.81
406,Joel Kuhnel\kuhnejo01,24,CIN,NL,0,1,0,1,4.66,4.25,1.345,7.4,0.9,4.7,8.4,1.8
407,Brady Lail\lailbr01,25,NYY,AL,0,0,0,,10.13,7.71,1.125,6.8,3.4,3.4,6.8,2
408,Travis Lakins\lakintr01,25,BOS,AL,3,0,1,0,3.86,3.64,1.414,8.9,0.4,3.9,6.9,1.8
409,Peter Lambert\lambepe01,22,COL,NL,19,3,7,0.3,7.25,5.97,1.735,12,1.8,3.6,5.7,1.58
410,Dinelson Lamet\lametdi01,26,SDP,NL,14,3,5,0.375,4.07,3.91,1.26,7.6,1.5,3.7,12.9,3.5
411,Eric Lauer*\lauerer01,24,SDP,NL,29,8,10,0.444,4.45,4.23,1.396,9.5,1.2,3.1,8.3,2.71
412,Derek Law\lawde01,28,TOR,AL,4,1,2,0.333,4.9,4.85,1.665,9,1.2,5.9,9.9,1.68
413,Mike Leake\leakemi01,31,TOT,MLB,32,12,11,0.522,4.29,5.19,1.289,10.4,1.9,1.2,5.8,4.7
414,Wade LeBlanc*\leblawa01,34,SEA,AL,8,6,7,0.462,5.71,5.49,1.451,10.8,2.1,2.3,6.8,2.97
415,Jose Leclerc\leclejo01,25,TEX,AL,3,2,4,0.333,4.33,3.59,1.325,6.8,0.9,5.1,13.1,2.56
416,Dominic Leone\leonedo01,27,STL,NL,0,1,0,1,5.53,5.45,1.5,8.6,2,4.9,10.2,2.09
417,Jon Lester*\lestejo01,35,CHC,NL,31,13,10,0.565,4.46,4.26,1.497,10.7,1.4,2.7,8.7,3.17
418,Francisco Liriano*\liriafr01,35,PIT,NL,0,5,3,0.625,3.47,4.53,1.357,7.7,1,4.5,8.1,1.8
419,Zack Littell\litteza01,23,MIN,AL,0,6,0,1,2.68,3.62,1.162,8.3,1,2.2,7.8,3.56
420,Ben Lively\livelbe01,27,KCR,AL,0,0,0,,27,14.21,3,27,9,0,9,
421,Jonathan Loaisiga\loaisjo01,24,NYY,AL,4,2,2,0.5,4.55,4.95,1.484,8.8,1.7,4.5,10.5,2.31
422,Walker Lockett\lockewa01,25,NYM,NL,4,1,1,0.5,8.34,6.17,1.721,13.1,2.4,2.4,6.4,2.67
423,Jorge Lopez\lopezjo02,26,KCR,AL,18,4,9,0.308,6.33,5.55,1.472,10.2,2,3.1,7.9,2.6
424,Pablo Lopez\lopezpa01,23,MIA,NL,21,5,8,0.385,5.09,4.28,1.24,9,1.2,2.2,7.7,3.52
425,Reynaldo Lopez\lopezre01,25,CHW,AL,33,10,15,0.4,5.38,5.04,1.457,9.9,1.7,3.2,8.3,2.6
426,Yoan Lopez\lopezyo01,26,ARI,NL,0,2,7,0.222,3.41,5.03,1.137,7.7,1.6,2.5,6.2,2.47
427,Michael Lorenzen\lorenmi01,27,CIN,NL,0,1,4,0.2,2.92,3.66,1.152,7.3,1,3,9.2,3.04
428,Aaron Loup*\loupaa01,31,SDP,NL,0,0,0,,0,2.01,0.9,5.4,0,2.7,13.5,5
429,Richard Lovelady*\lovelri01,23,KCR,AL,0,0,3,0,7.65,4.16,1.9,13.5,0.9,3.6,7.7,2.13
430,Josh Lucas\lucasjo02,28,BAL,AL,0,0,0,,5.74,4.17,1.34,8,1.1,4,9.2,2.29
431,Joey Lucchesi*\lucchjo01,26,SDP,NL,30,10,10,0.5,4.18,4.17,1.222,7.9,1.3,3.1,8.7,2.82
432,Elvis Luciano\luciael01,19,TOR,AL,0,1,0,1,5.35,5.56,1.782,9.6,1.1,6.4,7.2,1.13
433,Seth Lugo\lugose01,29,NYM,NL,0,7,4,0.636,2.7,2.7,0.9,6.3,0.9,1.8,11.7,6.5
434,Jesus Luzardo*\luzarje01,21,OAK,AL,0,0,0,,1.5,2.63,0.667,3.8,0.8,2.3,12,5.33
435,Jordan Lyles\lylesjo01,28,TOT,NL,28,12,8,0.6,4.15,4.64,1.319,8.4,1.6,3.5,9.3,2.65
436,Lance Lynn\lynnla01,32,TEX,AL,33,16,11,0.593,3.67,3.13,1.219,8.4,0.9,2.5,10.6,4.17
437,Tyler Lyons*\lyonsty01,31,TOT,MLB,0,1,2,0.333,6.39,6.06,1.421,9.2,2.8,3.6,12.1,3.4
438,Kenta Maeda\maedake01,31,LAD,NL,26,10,8,0.556,4.04,3.95,1.074,6.7,1.3,3,9.9,3.31
439,Matt Magill\magilma01,29,TOT,AL,0,5,2,0.714,4.09,3.79,1.401,9.1,1.2,3.6,11.4,3.2
440,Tyler Mahle\mahlety01,24,CIN,NL,25,3,12,0.2,5.14,4.66,1.311,9.4,1.7,2.4,9,3.79
441,Luke Maile\mailelu01,28,TOR,AL,0,0,0,,0,1.71,0.5,4.5,0,0,13.5,
442,Sean Manaea*\manaese01,27,OAK,AL,5,4,0,1,1.21,3.42,0.775,4.9,0.9,2.1,9.1,4.29
443,Joe Mantiply*\mantijo01,28,NYY,AL,0,1,0,1,9,8.21,1.667,9,3,6,6,1
444,Dillon Maples\mapledi01,27,CHC,NL,0,1,0,1,5.4,5.96,1.371,4.6,1.5,7.7,13.9,1.8
445,Nick Margevicius*\margeni01,23,SDP,NL,12,2,6,0.25,6.79,5.64,1.614,11.5,1.9,3,6.6,2.21
446,Parker Markel\markepa01,28,TOT,MLB,0,0,1,0,7.77,7.3,1.955,10.6,2.5,7,9.8,1.41
447,German Marquez\marquge01,24,COL,NL,28,12,5,0.706,4.76,4.06,1.201,9,1.5,1.8,9.1,5
448,Evan Marshall\marshev01,29,CHW,AL,0,4,2,0.667,2.49,4.3,1.303,7.5,0.9,4.3,7.3,1.71
449,Brett Martin*\martibr01,24,TEX,AL,2,2,3,0.4,4.76,3.65,1.444,10.4,1,2.6,9,3.44
450,Chris Martin\martich02,33,TOT,MLB,0,1,3,0.25,3.4,3.25,1.024,8.4,1.5,0.8,10.5,13
451,Corbin Martin\martico02,23,HOU,AL,5,1,1,0.5,5.59,8.49,1.81,10.7,3.7,5.6,8.8,1.58
452,Russell Martin\martiru01,36,LAD,NL,0,0,0,,0,2.21,0.5,4.5,0,0,4.5,
453,Carlos Martinez\martica04,27,STL,NL,0,4,2,0.667,3.17,2.86,1.179,7.3,0.4,3.4,9.9,2.94
454,Nick Martini*\martini02,29,OAK,AL,0,0,0,,0,7.21,2,0,0,18,9,0.5
455,James Marvel\marveja01,25,PIT,NL,4,0,3,0,8.31,6.56,1.788,13,2.1,3.1,4.7,1.5
456,Jeff Mathis\mathije01,36,TEX,AL,0,0,0,,9,8.71,1.5,13.5,4.5,0,4.5,
457,Phil Maton\matonph01,26,TOT,MLB,0,0,0,,6.14,5.04,1.364,9.3,1.7,2.9,8.1,2.75
458,Steven Matz*\matzst01,28,NYM,NL,30,11,10,0.524,4.21,4.6,1.341,9.1,1.5,2.9,8.6,2.94
459,Dustin May\maydu01,21,LAD,NL,4,2,3,0.4,3.63,2.9,1.096,8.6,0.5,1.3,8.3,6.4
460,Trevor May\maytr01,29,MIN,AL,0,5,3,0.625,2.94,3.73,1.073,6,1.1,3.6,11.1,3.04
461,Mike Mayers\mayermi01,27,STL,NL,0,0,1,0,6.63,5.48,1.684,9.9,1.4,5.2,7.6,1.45
462,Tim Mayza*\mayzati01,27,TOR,AL,0,1,3,0.25,4.91,4.73,1.403,7.9,1.4,4.7,9.6,2.04
463,Chris Mazza\mazzach01,29,NYM,NL,0,1,1,0.5,5.51,3.52,1.592,11.6,0,2.8,6.1,2.2
464,Kevin McCarthy\mccarke01,27,KCR,AL,0,4,2,0.667,4.48,3.96,1.475,10.1,0.6,3.1,5.7,1.81
465,Reggie McClain\mcclare01,26,SEA,AL,2,1,1,0.5,6,5.26,1.667,9.4,0.9,5.6,4.7,0.85
466,T.J. McFarland*\mcfartj01,30,ARI,NL,0,0,0,,4.82,4.48,1.625,11.4,1,3.2,5.6,1.75
467,Jake McGee*\mcgeeja01,32,COL,NL,0,0,2,0,4.35,6,1.403,10.2,2.4,2.4,7.6,3.18
468,Kyle McGowin\mcgowky01,27,WSN,NL,1,0,0,,10.13,7.59,1.625,12.4,3.9,2.3,10.1,4.5
469,Collin McHugh\mchugco01,32,HOU,AL,8,4,5,0.444,4.7,4.43,1.232,7.5,1.4,3.6,9.9,2.73
470,Brendan McKay*\mckaybr01,23,TBR,AL,11,2,4,0.333,5.14,4.03,1.408,9.7,1.5,2.9,10.3,3.5
471,David McKay\mckayda02,24,TOT,AL,0,0,0,,5.47,4.16,1.405,6.8,1,5.8,11.6,2
472,Alex McRae\mcraeal01,26,PIT,NL,2,0,4,0,8.78,8.31,1.95,12.2,3,5.4,6.4,1.19
473,John Means*\meansjo01,26,BAL,AL,27,12,11,0.522,3.6,4.41,1.135,8,1.3,2.2,7,3.18
474,Adalberto Mejia*\mejiaad01,26,TOT,MLB,0,0,2,0,6.61,4.97,1.723,9.5,1.1,6,8.6,1.43
475,Mark Melancon\melanma01,34,TOT,NL,0,5,2,0.714,3.61,2.86,1.322,9.5,0.5,2.4,9.1,3.78
476,Keury Mella\mellake01,25,CIN,NL,0,0,0,,7.36,2.67,1.909,12.3,0,4.9,9.8,2
477,Tim Melville\melviti01,29,COL,NL,7,2,3,0.4,4.86,6.63,1.44,9.2,2.4,3.8,6.5,1.71
478,Yohander Mendez*\mendeyo01,24,TEX,AL,0,1,0,1,5.79,8.57,1.929,7.7,3.9,9.6,15.4,1.6
479,Conner Menez*\menezco01,24,SFG,NL,3,0,1,0,5.29,5.8,1.471,6.9,2.1,6.4,11.6,1.83
480,Daniel Mengden\mengdda01,26,OAK,AL,9,5,2,0.714,4.83,4.69,1.441,8.9,1.1,4.1,6.3,1.56
481,Keynan Middleton\middlke01,25,LAA,AL,0,0,0,,1.17,4.39,1.435,4.7,0,8.2,7,0.86
482,Miles Mikolas\mikolmi01,30,STL,NL,32,9,14,0.391,4.16,4.27,1.223,9.4,1.3,1.6,7,4.5
483,Wade Miley*\mileywa01,32,HOU,AL,33,14,6,0.7,3.98,4.51,1.345,8.8,1.2,3.3,7.5,2.3
484,Andrew Miller*\millean01,34,STL,NL,0,5,6,0.455,4.45,5.19,1.317,7.4,1.8,4.4,11.5,2.59
485,Justin Miller\milleju02,32,WSN,NL,0,1,0,1,4.02,7.11,1.277,9.2,2.9,2.3,6.3,2.75
486,Shelby Miller\millesh01,28,TEX,AL,8,1,3,0.25,8.59,6.4,1.977,11.9,1.6,5.9,6.1,1.03
487,Alec Mills\millsal02,27,CHC,NL,4,1,0,1,2.75,4.19,1.167,7.8,1.3,2.8,10.5,3.82
488,Hoby Milner*\milneho01,28,TBR,AL,0,0,0,,7.36,3.21,1.364,9.8,0,2.5,7.4,3
489,Tommy Milone*\milonto01,32,SEA,AL,6,4,10,0.286,4.76,5,1.119,8.2,1.9,1.9,7.6,4.09
490,Juan Minaya\minayju01,28,CHW,AL,0,0,0,,3.9,4.66,1.554,10.1,1.3,3.9,8.8,2.25
491,Mike Minor*\minormi01,31,TEX,AL,32,14,10,0.583,3.59,4.25,1.238,8.2,1.3,2.9,8.6,2.94
492,A.J. Minter*\minteaj01,25,ATL,NL,0,3,4,0.429,7.06,4.61,2.011,11,0.9,7.1,10.7,1.52
493,Frankie Montas\montafr02,26,OAK,AL,16,9,2,0.818,2.63,3,1.115,7.9,0.8,2.2,9.7,4.48
494,Rafael Montero\montera01,28,TEX,AL,0,2,0,1,2.48,3.83,0.966,7.1,1.6,1.6,10.6,6.8
495,Jordan Montgomery*\montgjo01,26,NYY,AL,1,0,0,,6.75,3.96,1.75,15.8,2.3,0,11.3,
496,Mike Montgomery*\montgmi01,29,TOT,MLB,13,3,9,0.25,4.95,5.52,1.615,11.2,1.8,3.4,6.8,2.03
497,Andrew Moore\moorean02,25,SEA,AL,1,0,0,,7.71,8.57,1.5,11.6,3.9,1.9,3.9,2
498,Dylan Moore\mooredy01,26,SEA,AL,0,0,0,,36,9.21,7,45,0,18,0,0
499,Matt Moore*\moorema02,30,DET,AL,2,0,0,,0,1.71,0.4,2.7,0,0.9,8.1,9
500,Kendrys Morales\moralke01,36,TOT,AL,0,0,0,,9,12.21,3,9,0,18,0,0
501,Brian Moran*\moranbr01,30,MIA,NL,0,1,0,1,4.26,4,1.263,8.5,1.4,2.8,14.2,5
502,Adrian Morejon*\morejad01,20,SDP,NL,2,0,0,,10.13,3.71,2.25,16.9,1.1,3.4,10.1,3
503,Adam Morgan*\morgaad01,29,PHI,NL,0,3,3,0.5,3.94,4.33,1.011,6.1,1.2,3,8.8,2.9
504,Mike Morin\morinmi01,28,TOT,MLB,0,1,3,0.25,4.62,4.56,1.105,8.2,1.1,1.8,4.6,2.6
505,Reyes Moronta\moronre01,26,SFG,NL,0,3,7,0.3,2.86,3.57,1.306,6.5,0.6,5.2,11.1,2.12
506,Charlie Morton\mortoch02,35,TBR,AL,33,16,6,0.727,3.05,2.81,1.084,7.1,0.7,2.6,11.1,4.21
507,Andres Munoz\munozan01,20,SDP,NL,0,1,1,0.5,3.91,3.17,1.174,6.3,0.8,4.3,11.7,2.73
508,John Ryan Murphy\murphjr01,28,TOT,NL,0,0,0,,27,19.21,4.333,30,9,9,0,0
509,Tom Murphy\murphto04,28,SEA,AL,0,0,0,,6,2.88,0.667,3,0,3,6,2
510,Harrison Musgrave*\musgrha01,27,COL,NL,0,0,0,,3.6,2.91,1.6,8.1,0,6.3,10.8,1.71
511,Joe Musgrove\musgrjo01,26,PIT,NL,31,11,12,0.478,4.44,3.82,1.215,8.9,1.1,2.1,8.3,4.03
512,Jimmy Nelson\nelsoji02,30,MIL,NL,3,0,2,0,6.95,5.8,1.909,10.2,1.6,7,10.6,1.53
513,Hector Neris\nerishe01,30,PHI,NL,0,3,6,0.333,2.93,3.83,1.02,6,1.3,3.2,11.8,3.71
514,Pat Neshek\neshepa01,38,PHI,NL,0,0,1,0,5,6.16,1.389,11.5,2.5,1,4.5,4.5
515,Dovydas Neverauskas\neverdo01,26,PIT,NL,0,0,0,,10.61,6.75,2.357,14.5,1.9,6.8,9.6,1.43
516,Jake Newberry\newbeja01,24,KCR,AL,0,1,0,1,3.77,5.92,1.452,8.4,2,4.6,8.4,1.81
517,Sean Newcomb*\newcose01,26,ATL,NL,4,6,3,0.667,3.16,4.24,1.317,8,1.1,3.8,8.6,2.24
518,Juan Nicasio\nicasju01,32,PHI,NL,0,2,3,0.4,4.75,3.87,1.648,10.8,0.8,4,8.6,2.14
519,Hector Noesi\noesihe01,32,MIA,NL,4,0,3,0,8.46,6.39,1.59,9.8,2.3,4.6,7.8,1.71
520,Stephen Nogosek\nogosst01,24,NYM,NL,0,0,1,0,10.8,6.21,2.1,16.2,2.7,2.7,8.1,3
521,Aaron Nola\nolaaa01,26,PHI,NL,34,12,7,0.632,3.87,4.03,1.265,7.8,1.2,3.6,10.2,2.86
522,Daniel Norris*\norrida01,26,DET,AL,29,3,13,0.188,4.49,4.61,1.33,9.6,1.6,2.4,7.8,3.29
523,James Norwood\norwoja01,25,CHC,NL,0,0,1,0,2.89,4.82,1.821,8.7,1,7.7,10.6,1.38
524,Ivan Nova\novaiv01,32,CHW,AL,34,11,12,0.478,4.72,4.98,1.455,10.8,1.4,2.3,5.5,2.43
525,Eduardo Nunez\nunezed02,32,BOS,AL,0,0,0,,9,16.21,1,9,9,0,0,
526,Darren O'Day\odayda01,36,ATL,NL,0,0,0,,1.69,2.09,0.75,5.1,0,1.7,10.1,6
527,Ryan O'Rourke*\orourry01,31,NYM,NL,0,0,0,,0,8.46,2.25,0,0,20.3,6.8,0.33
528,Scott Oberg\obergsc01,29,COL,NL,0,6,1,0.857,2.25,3.54,1.107,6.3,0.8,3.7,9.3,2.52
529,Jake Odorizzi\odorija01,29,MIN,AL,30,15,7,0.682,3.51,3.36,1.208,7.9,0.9,3,10.1,3.36
530,Seunghwan Oh\ohse01,36,COL,NL,0,3,1,0.75,9.33,6.7,1.909,14.2,2.9,2.9,7.9,2.67
531,Tyler Olson*\olsonty01,29,CLE,AL,0,1,1,0.5,4.4,4.42,1.63,10,0.9,4.7,8.2,1.75
532,Luis Ortiz\ortizlu02,23,BAL,AL,1,0,1,0,10.8,13.71,2.7,10.8,5.4,13.5,8.1,0.6
533,Josh Osich*\osichjo01,30,CHW,AL,0,4,0,1,4.66,4.96,1.138,8.2,2,2,8.1,4.07
534,Jose Osuna\osunajo01,26,PIT,NL,0,0,0,,3.86,8.79,1.286,11.6,3.9,0,0,
535,Roberto Osuna\osunaro01,24,HOU,AL,0,4,3,0.571,2.63,3.21,0.877,6.2,1.1,1.7,10.1,6.08
536,Corey Oswalt\oswalco01,25,NYM,NL,0,0,1,0,12.15,6.36,2.25,12.2,1.4,8.1,6.8,0.83
537,Dan Otero\oteroda01,34,CLE,AL,0,0,0,,4.85,5.17,1.517,12.7,1.8,0.9,4.9,5.33
538,Adam Ottavino\ottavad01,33,NYY,AL,0,6,5,0.545,1.9,3.44,1.312,6.4,0.7,5.4,11.9,2.2
539,Chris Owings\owingch01,27,TOT,AL,0,0,0,,21.6,20.61,4.2,32.4,10.8,5.4,0,0
540,Chris Paddack\paddach01,23,SDP,NL,26,9,7,0.563,3.33,3.95,0.981,6.8,1.5,2,9.8,4.94
541,Emilio Pagan\paganem01,28,TBR,AL,0,4,2,0.667,2.31,3.3,0.829,5.8,1.5,1.7,12.3,7.38
542,Joe Palumbo*\palumjo01,24,TEX,AL,4,0,3,0,9.18,7.95,1.74,11.3,3.8,4.3,11.3,2.63
543,Thomas Pannone*\pannoth01,25,TOR,AL,7,3,6,0.333,6.16,5.16,1.425,9,1.6,3.8,8.5,2.23
544,Blake Parker\parkebl01,34,TOT,MLB,2,3,3,0.5,4.55,5.07,1.223,7.8,1.9,3.2,9.5,2.95
545,Gerardo Parra*\parrage01,32,TOT,NL,0,0,0,,inf,,,,,,,0
546,Wes Parsons\parsowe01,26,TOT,NL,0,1,2,0.333,5.45,6.65,1.76,8.3,1.6,7.5,6.8,0.9
547,James Paxton*\paxtoja01,30,NYY,AL,29,15,6,0.714,3.82,3.86,1.281,8.2,1.4,3.3,11.1,3.38
548,Joel Payamps\payamjo01,25,ARI,NL,0,0,0,,4.5,3.96,1.75,9,0,6.8,6.8,1
549,Pedro Payano\payanpe01,24,TEX,AL,4,1,2,0.333,5.73,5.62,1.864,10.6,1.2,6.1,7,1.13
550,James Pazos*\pazosja01,28,COL,NL,0,0,0,,1.74,3.7,1.065,6.1,0.9,3.5,8.7,2.5
551,Brad Peacock\peacobr01,31,HOU,AL,15,7,6,0.538,4.12,4.42,1.189,7.7,1.5,3,9.4,3.1
552,Felix Pena\penafe01,29,LAA,AL,7,8,3,0.727,4.58,4.52,1.183,7.5,1.5,3.2,9.4,2.97
553,Freddy Peralta\peralfr01,23,MIL,NL,8,7,3,0.7,5.29,4.18,1.459,9.2,1.6,3.9,12.2,3.11
554,Wandy Peralta*\peralwa01,27,TOT,NL,0,1,1,0.5,5.67,6.57,1.412,9.1,2.5,3.6,7.3,2
555,Wily Peralta\peralwi01,30,KCR,AL,0,2,4,0.333,5.8,5.84,1.587,10,1.6,4.2,5.4,1.26
556,Jose Peraza\perazjo01,25,CIN,NL,0,0,0,,0,3.21,0.75,6.8,0,0,0,
557,Luis Perdomo\perdolu02,26,SDP,NL,1,2,4,0.333,4,3.6,1.208,8.6,0.8,2.3,6.9,3.06
558,Cionel Perez*\perezci01,23,HOU,AL,0,1,1,0.5,10,6.66,1.444,11,3,2,7,3.5
559,Hernan Perez\perezhe01,28,MIL,NL,0,0,0,,3,8.88,1.333,6,3,6,3,0.5
560,Martin Perez*\perezma02,28,MIN,AL,29,10,7,0.588,5.12,4.66,1.518,10,1.3,3.6,7.3,2.01
561,Oliver Perez*\perezol01,37,CLE,AL,0,2,4,0.333,3.98,3.56,1.23,8.4,1.1,2.7,10.6,4
562,Dillon Peters*\peterdi01,26,LAA,AL,12,4,4,0.5,5.38,6.23,1.542,10.6,2.3,3.3,6.9,2.12
563,Tim Peterson\peterti01,28,NYM,NL,0,0,0,,4.91,7.44,1.909,8.6,1.2,8.6,3.7,0.43
564,Yusmeiro Petit\petityu01,34,OAK,AL,0,5,3,0.625,2.71,3.59,0.807,6.2,1.2,1.1,7.7,7.1
565,Jake Petricka\petrija01,31,MIL,NL,0,0,0,,3.38,4.71,1.5,6.8,0,6.8,3.4,0.5
566,David Phelps\phelpda01,32,TOT,MLB,1,2,1,0.667,3.41,4.58,1.398,8.1,1.3,4.5,9.4,2.12
567,Evan Phillips\phillev01,24,BAL,AL,0,0,1,0,6.43,3.96,1.857,10.3,0.6,6.4,12.9,2
568,Michael Pineda\pinedmi01,30,MIN,AL,26,11,5,0.688,4.01,4.02,1.158,8.7,1.4,1.7,8.6,5
569,Ricardo Pinto\pintori01,25,TBR,AL,0,0,0,,15.43,11.36,2.571,15.4,3.9,7.7,0,0
570,Nick Pivetta\pivetni01,26,PHI,NL,13,4,6,0.4,5.38,5.47,1.516,9.9,1.9,3.7,8.6,2.28
571,Kevin Plawecki\plaweke01,28,CLE,AL,0,0,0,,0,3.21,0,0,0,0,0,
572,Zach Plesac\plesaza01,24,CLE,AL,21,8,6,0.571,3.81,4.94,1.228,7.9,1.5,3.1,6.8,2.2
573,Adam Plutko\plutkad01,27,CLE,AL,20,7,5,0.583,4.86,5.23,1.29,9.5,1.8,2.1,6.4,3
574,Colin Poche*\pocheco01,25,TBR,AL,0,5,5,0.5,4.7,4.08,1.006,5.7,1.6,3.3,12.5,3.79
575,Drew Pomeranz*\pomerdr01,30,TOT,NL,18,2,10,0.167,4.85,4.59,1.433,9.1,1.8,3.8,11.9,3.11
576,Daniel Ponce de Leon\ponceda01,27,STL,NL,8,1,2,0.333,3.7,4.41,1.274,6.7,1.1,4.8,9.6,2
577,Sean Poppen\poppese01,25,MIN,AL,0,0,0,,7.56,4.41,1.8,10.8,1.1,5.4,9.7,1.8
578,Rick Porcello\porceri01,30,BOS,AL,32,14,12,0.538,5.52,4.76,1.394,10.2,1.6,2.3,7.4,3.18
579,Brooks Pounders\poundbr01,28,NYM,NL,0,1,0,1,6.14,4.85,1.5,11,1.2,2.5,6.1,2.5
580,Bobby Poyner*\poynebo01,26,BOS,AL,1,0,1,0,6.94,5.1,1.286,7.7,1.5,3.9,8.5,2.2
581,Ryan Pressly\pressry01,30,HOU,AL,0,2,3,0.4,2.32,2.66,0.902,6.1,1,2,11.9,6
582,David Price*\priceda01,33,BOS,AL,22,7,5,0.583,4.28,3.62,1.314,9.1,1.3,2.7,10.7,4
583,Austin Pruitt\pruitau01,29,TBR,AL,2,3,0,1,4.4,4.26,1.255,9,1.3,2.3,7.5,3.25
584,A.J. Puk*\pukaj01,24,OAK,AL,0,2,0,1,3.18,3.39,1.324,7.9,0.8,4,10.3,2.6
585,Cal Quantrill\quantca01,24,SDP,NL,18,6,8,0.429,5.16,4.28,1.301,9.3,1.3,2.4,7.8,3.18
586,Jose Quijada*\quijajo01,23,MIA,NL,0,2,3,0.4,5.76,7.66,1.787,8.2,3,7.9,13.3,1.69
587,Roman Quinn\quinnro01,26,PHI,NL,0,0,1,0,8.1,5.31,3,18.9,0,8.1,2.7,0.33
588,Jose Quintana*\quintjo01,30,CHC,NL,31,13,9,0.591,4.68,3.8,1.386,10.1,1.1,2.4,8,3.3
589,Tanner Rainey\raineta01,26,WSN,NL,0,2,3,0.4,3.91,4.37,1.448,6,1.1,7.1,13.8,1.95
590,Erasmo Ramirez\ramirer02,29,BOS,AL,0,0,0,,12,13.21,1.667,12,6,3,3,1
591,JC Ramirez\ramirjc01,30,LAA,AL,0,0,0,,4.5,4.59,1.125,9,1.1,1.1,4.5,4
592,Neil Ramirez\ramirne01,30,TOT,AL,1,0,1,0,5.4,6.73,1.64,9.4,2.5,5.4,8.6,1.6
593,Nick Ramirez*\ramirni01,29,DET,AL,0,5,4,0.556,4.07,4.51,1.393,8.6,1.2,4,8.4,2.11
594,Noe Ramirez\ramirno01,29,LAA,AL,7,5,4,0.556,3.99,3.72,1.167,7.8,1.2,2.7,10.5,3.95
595,Yefry Ramirez\ramirye01,25,TOT,MLB,1,0,2,0,7.4,5.6,1.89,11.1,1.5,5.9,10,1.69
596,Edubray Ramos\ramosed02,26,PHI,NL,0,1,0,1,5.4,7.68,1.733,11.4,3,4.2,6.6,1.57
597,Matt Ramsey\ramsema01,29,LAA,AL,0,0,0,,0,1.21,0,0,0,0,9,
598,Robbie Ray*\rayro02,27,ARI,NL,33,12,8,0.6,4.34,4.29,1.342,7.7,1.5,4.3,12.1,2.8
599,AJ Reed*\reedaj01,26,CHW,AL,0,0,0,,0,3.21,0,0,0,0,0,
600,Cody Reed*\reedco01,26,CIN,NL,0,0,0,,1.42,1.48,1.105,8.5,0,1.4,9.9,7
601,Sean Reid-Foley\reidfse01,23,TOR,AL,6,2,4,0.333,4.26,5.68,1.705,9.4,1.4,6,8,1.33
602,Zac Reininger\reiniza01,26,DET,AL,1,0,3,0,8.68,8.82,2.143,14.1,3.5,5.1,5.5,1.06
603,Alex Reyes\reyesal02,24,STL,NL,0,0,1,0,15,12.88,2.667,6,3,18,3,0.17
604,Gerardo Reyes\reyesge01,26,SDP,NL,0,4,0,1,7.62,3.41,1.346,8.3,1,3.8,13.2,3.45
605,Mark Reynolds\reynoma01,35,COL,NL,0,0,0,,18,9.21,3,18,0,9,0,0
606,Jacob Rhame\rhameja01,26,NYM,NL,0,0,1,0,4.26,7.95,1.895,4.3,1.4,12.8,7.1,0.56
607,Clayton Richard*\richacl01,35,TOR,AL,10,1,5,0.167,5.96,6.28,1.566,10.5,1.8,3.6,4.4,1.22
608,Garrett Richards\richaga01,31,SDP,NL,3,0,1,0,8.31,5.75,1.846,10.4,2.1,6.2,11.4,1.83
609,Trevor Richards\richatr01,26,TOT,MLB,23,6,12,0.333,4.06,4.51,1.352,8.4,1.3,3.7,8.4,2.27
610,Yacksel Rios\riosya01,26,TOT,NL,0,1,0,1,6.92,7.91,1.846,11.1,2.8,5.5,8.3,1.5
611,Tanner Roark\roarkta01,32,TOT,MLB,31,10,10,0.5,4.35,4.67,1.397,9.8,1.5,2.8,8.6,3.1
612,Daniel Robertson\roberda10,25,TBR,AL,0,0,0,,0,3.21,1,9,0,0,0,
613,David Robertson\roberda08,34,PHI,NL,0,0,1,0,5.4,6.06,2.1,10.8,1.4,8.1,8.1,1
614,Hansel Robles\robleha01,28,LAA,AL,1,5,1,0.833,2.48,2.88,1.018,7.2,0.7,2,9.3,4.69
615,Brady Rodgers\rodgebr01,28,HOU,AL,0,0,0,,16.2,13.81,2,12.6,7.2,5.4,7.2,1.33
616,Fernando Rodney\rodnefe01,42,TOT,MLB,0,0,5,0,5.66,4.28,1.615,9.3,0.9,5.3,9.3,1.75
617,Carlos Rodon*\rodonca01,26,CHW,AL,7,3,2,0.6,5.19,3.62,1.442,8.6,1,4.4,11.9,2.71
618,Dereck Rodriguez\rodride01,27,SFG,NL,16,6,11,0.353,5.64,5.69,1.455,9.8,1.9,3.3,6.5,1.97
619,Eduardo Rodriguez*\rodried05,26,BOS,AL,34,19,6,0.76,3.81,3.86,1.328,8.6,1.1,3.3,9.4,2.84
620,Jefry Rodriguez\rodrije01,25,CLE,AL,8,1,5,0.167,4.63,4.54,1.479,9.3,1,4.1,6.4,1.57
621,Jose Rodriguez\rodrijo07,23,LAA,AL,1,0,1,0,2.75,6.88,1.424,7.8,2.3,5,5.9,1.18
622,Richard Rodriguez\rodriri05,29,PIT,NL,0,4,5,0.444,3.72,5.22,1.347,9,1.9,3.2,8.7,2.74
623,Sean Rodriguez\rodrise01,34,PHI,NL,0,0,0,,0,1.71,0,0,0,0,6.8,
624,Chaz Roe\roech01,32,TBR,AL,0,1,3,0.25,4.06,3.31,1.569,8.6,0.5,5.5,11.5,2.1
625,Josh Rogers*\rogerjo01,24,BAL,AL,0,0,1,0,8.79,10.96,1.674,11.3,4.4,3.8,3.1,0.83
626,Taylor Rogers*\rogerta01,28,MIN,AL,0,2,4,0.333,2.61,2.85,1,7.6,1,1.4,11.7,8.18
627,Tyler Rogers\rogerty01,28,SFG,NL,0,2,0,1,1.02,2.08,0.849,6.1,0,1.5,8.2,5.33
628,Jordan Romano\romanjo03,26,TOR,AL,0,0,2,0,7.63,6.41,1.696,10,2.3,5.3,12.3,2.33
629,Sal Romano\romansa01,25,CIN,NL,0,1,0,1,7.71,6.09,1.837,12.1,2.2,4.4,8.8,2
630,Fernando Romero\romerfe01,24,MIN,AL,0,0,1,0,7.07,5.07,2.143,12.2,1.3,7.1,11.6,1.64
631,Austin Romine\rominau01,30,NYY,AL,0,0,0,,27,29.21,4,36,18,0,0,
632,Sergio Romo\romose01,36,TOT,MLB,0,2,1,0.667,3.43,3.68,1.11,7.5,1,2.5,9,3.53
633,Hector Rondon\rondohe01,31,HOU,AL,1,3,2,0.6,3.71,4.96,1.253,8.3,1.5,3,7.1,2.4
634,Jose Rondon\rondojo02,25,TOT,AL,0,0,0,,0,3.21,2,18,0,0,0,
635,Adonis Rosa\rosaad01,24,NYY,AL,0,0,0,,4.5,7.71,0.5,4.5,4.5,0,9,
636,Randy Rosario*\rosarra01,25,TOT,MLB,0,2,0,1,4.4,4.26,1.395,9.4,1.3,3.1,8.2,2.6
637,Trevor Rosenthal\rosentr01,29,TOT,MLB,0,0,1,0,13.5,6.87,2.413,6.5,0,15.3,10,0.65
638,Joe Ross\rossjo01,26,WSN,NL,9,4,4,0.5,5.48,4.59,1.672,10.4,1,4.6,8,1.73
639,Tyson Ross\rossty01,32,DET,AL,7,1,5,0.167,6.11,5.99,1.67,10.4,1.8,4.6,6.4,1.39
640,Zac Rosscup*\rosscza01,31,TOT,MLB,0,2,0,1,5,4.94,2.278,11,1,9.5,13,1.37
641,Jose Ruiz\ruizjo01,24,CHW,AL,1,1,4,0.2,5.63,5.36,2,12.6,1.4,5.4,7.9,1.46
642,Nick Rumbelow\rumbeni01,27,SEA,AL,0,0,0,,27,21.96,3,20.3,13.5,6.8,13.5,2
643,Chris Rusin*\rusinch01,32,COL,NL,0,0,0,,36,19.21,6,45,9,9,0,0
644,Kyle Ryan*\ryanky01,27,CHC,NL,0,4,2,0.667,3.54,3.85,1.377,8.1,0.7,4.3,8.6,2
645,Hyun-Jin Ryu*\ryuhy01,32,LAD,NL,29,14,5,0.737,2.32,3.1,1.007,7.9,0.8,1.2,8,6.79
646,CC Sabathia*\sabatc.01,38,NYY,AL,22,5,8,0.385,4.95,5.66,1.407,9.4,2.3,3.3,9,2.74
647,Casey Sadler\sadleca02,28,TOT,MLB,1,4,0,1,2.14,4.38,1.165,8,1,2.5,6,2.38
648,Connor Sadzeck\sadzeco01,27,SEA,AL,0,0,1,0,2.66,4.74,1.394,6.8,1.1,5.7,10.3,1.8
649,Fernando Salas\salasfe01,34,PHI,NL,0,0,0,,6.75,5.84,3,27,3.4,0,10.1,
650,Danny Salazar\salazda01,29,CLE,AL,1,0,1,0,4.5,10.96,1.75,9,4.5,6.8,4.5,0.67
651,Chris Sale*\salech01,30,BOS,AL,25,6,11,0.353,4.4,3.39,1.086,7.5,1.5,2.3,13.3,5.89
652,Jeff Samardzija\samarje01,34,SFG,NL,32,11,12,0.478,3.52,4.59,1.108,7.5,1.4,2.4,6.9,2.86
653,Adrian Sampson\sampsad01,27,TEX,AL,15,6,8,0.429,5.89,5.69,1.532,11.2,2.1,2.6,7.3,2.81
654,Aaron Sanchez\sanchaa01,26,TOT,AL,27,5,14,0.263,5.89,5.25,1.622,9.9,1.4,4.7,7.9,1.69
655,Anibal Sanchez\sanchan01,35,WSN,NL,30,11,8,0.579,3.85,4.44,1.271,8.3,1.2,3.1,7.3,2.31
656,Pablo Sandoval\sandopa01,32,SFG,NL,0,0,0,,0,6.21,0,0,0,0,0,
657,Patrick Sandoval*\sandopa02,22,LAA,AL,9,0,4,0,5.03,4.59,1.373,8,1.4,4.3,9.6,2.21
658,Dennis Santana\santade01,23,LAD,NL,0,0,0,,7.2,7.01,2,10.8,1.8,7.2,10.8,1.5
659,Ervin Santana\santaer01,36,CHW,AL,3,0,2,0,9.45,9.66,1.875,12.8,4.1,4.1,3.4,0.83
660,Hector Santiago*\santihe01,31,TOT,MLB,2,1,1,0.5,6.68,5.89,1.901,11.2,2.1,5.9,10.7,1.82
661,Josh Sborz\sborzjo01,25,LAD,NL,0,0,1,0,8,5.88,1.556,10,2,4,7,1.75
662,Max Scherzer\scherma01,34,WSN,NL,27,11,7,0.611,2.92,2.45,1.027,7.5,0.9,1.7,12.7,7.36
663,Brian Schlitter\schlibr01,33,OAK,AL,0,0,0,,3.72,3.21,1.655,11.2,0,3.7,5.6,1.5
664,John Schreiber\schrejo01,25,DET,AL,0,2,0,1,6.23,4.44,1.538,11.1,2.1,2.8,13.2,4.75
665,Jaime Schultz\schulja02,28,LAD,NL,0,0,0,,7.2,6.41,1.8,10.8,1.8,5.4,5.4,1
666,Robby Scott*\scottro02,29,ARI,NL,0,1,0,1,4.91,5.4,2.045,9.8,1.2,8.6,11,1.29
667,Tanner Scott*\scottta01,24,BAL,AL,0,1,1,0.5,4.78,4.77,1.785,9.6,1.4,6.5,12.6,1.95
668,Tayler Scott\scottta02,27,TOT,AL,2,0,0,,14.33,9.03,2.571,17.1,3.3,6.1,7.7,1.27
669,Sam Selman*\selmasa01,28,SFG,NL,0,0,0,,4.35,6.12,1.161,5.2,1.7,5.2,8.7,1.67
670,Antonio Senzatela\senzaan01,24,COL,NL,25,11,11,0.5,6.71,5.44,1.749,11.6,1.4,4.1,5.5,1.33
671,Luis Severino\severlu01,25,NYY,AL,3,1,1,0.5,1.5,2.13,1,4.5,0,4.5,12.8,2.83
672,Paul Sewald\sewalpa01,29,NYM,NL,0,1,1,0.5,4.58,3.57,1.068,8.2,1.4,1.4,10.1,7.33
673,Justin Shafer\shafeju01,26,TOR,AL,0,2,1,0.667,3.86,5.18,1.664,9.3,1.4,5.7,8.8,1.56
674,Bryan Shaw\shawbr01,31,COL,NL,0,3,2,0.6,5.38,5.19,1.361,8.6,1.5,3.6,7.3,2
675,Mike Shawaryn\shawami01,24,BOS,AL,0,0,0,,9.74,6.21,1.918,11.5,2.2,5.8,12.8,2.23
676,Justus Sheffield*\sheffju01,23,SEA,AL,7,0,1,0,5.5,4.71,1.722,11,1.3,4.5,9.3,2.06
677,Chandler Shepherd\shephch01,26,BAL,AL,3,0,0,,6.63,6.11,1.526,10.9,2.4,2.8,8.1,2.83
678,James Sherfy\sherfji01,27,ARI,NL,0,1,0,1,5.89,4.63,1.527,11.3,2,2.5,10.8,4.4
679,Matt Shoemaker\shoemma01,32,TOR,AL,5,3,0,1,1.57,3.95,0.872,5,0.9,2.8,7.5,2.67
680,Chasen Shreve*\shrevch01,28,STL,NL,0,1,0,1,9,4.21,1.5,9,0,4.5,9,2
681,JB Shuck*\shuckja01,32,PIT,NL,0,0,0,,0,6.21,2,9,0,9,0,0
682,Lucas Sims\simslu01,25,CIN,NL,4,2,1,0.667,4.6,4.45,1.163,6.5,1.7,4,11.9,3
683,Tony Sipp*\sippto01,35,WSN,NL,0,1,2,0.333,4.71,3.55,1.333,8.1,0.4,3.9,7.7,2
684,Tyler Skaggs*\skaggty01,27,LAA,AL,15,7,7,0.5,4.29,3.85,1.268,8.2,1,3.2,8.8,2.79
685,Eric Skoglund*\skogler01,26,KCR,AL,4,0,3,0,9,7.36,1.857,12.9,2.1,3.9,1.7,0.44
686,Aaron Slegers\slegeaa01,26,TBR,AL,0,0,0,,3,8.55,1,9,3,0,0,
687,Devin Smeltzer*\smeltde01,23,MIN,AL,6,2,2,0.5,3.86,4.58,1.265,9.2,1.5,2.2,7,3.17
688,Burch Smith\smithbu03,29,TOT,NL,0,0,1,0,5.48,5.28,1.875,11,1.3,5.9,8.4,1.43
689,Caleb Smith*\smithca03,27,MIA,NL,28,10,11,0.476,4.52,5.11,1.226,7.5,1.9,3.5,9.9,2.8
690,Joe Smith\smithjo05,35,HOU,AL,0,1,0,1,1.8,3.09,0.96,6.8,0.7,1.8,7.9,4.4
691,Josh Smith\smithjo07,31,BOS,AL,2,0,3,0,5.81,6.6,1.419,10.5,2.9,2.3,8.4,3.63
692,Josh Smith*\smithjo08,29,TOT,MLB,0,0,0,,6.39,4.32,1.737,7.8,0,7.8,9.9,1.27
693,Will Smith*\smithwi04,29,SFG,NL,0,6,0,1,2.76,3.23,1.026,6.3,1.4,2.9,13.2,4.57
694,Drew Smyly*\smylydr01,30,TOT,MLB,21,4,7,0.364,6.24,6.26,1.588,9.9,2.5,4.3,9.5,2.18
695,Cy Sneed\sneedcy01,26,HOU,AL,0,0,1,0,5.48,4.81,1.453,11,2.1,2.1,9.7,4.6
696,Blake Snell*\snellbl01,26,TBR,AL,23,6,8,0.429,4.29,3.32,1.271,8.1,1.2,3.4,12.4,3.68
697,Chad Sobotka\sobotch01,25,ATL,NL,0,0,0,,6.21,5.56,1.621,8.7,1.9,5.9,11.8,2
698,Joakim Soria\soriajo01,35,OAK,AL,1,2,4,0.333,4.3,3.62,1.029,6.7,1.2,2.6,10.3,3.95
699,Mike Soroka\sorokmi01,21,ATL,NL,29,13,4,0.765,2.68,3.45,1.111,7.9,0.7,2.1,7.3,3.46
700,Gregory Soto*\sotogr01,24,DET,AL,7,0,5,0,5.77,5.4,1.855,11.5,1.4,5.2,7,1.36
701,Glenn Sparkman\sparkgl01,27,KCR,AL,23,4,11,0.267,6.02,5.93,1.507,10.9,2,2.7,5.4,1.98
702,Gabe Speier*\speiega01,24,KCR,AL,0,0,0,,7.36,6.49,1.5,6.1,2.5,7.4,12.3,1.67
703,Jeffrey Springs*\sprinje01,26,TEX,AL,0,4,1,0.8,6.4,4.98,1.887,10.6,1.1,6.4,8.9,1.39
704,Locke St. John*\stjohlo01,26,TEX,AL,0,0,0,,5.4,3.51,1.65,9.5,0,5.4,6.8,1.25
705,Jacob Stallings\stallja01,29,PIT,NL,0,0,0,,0,3.21,0,0,0,0,0,
706,Craig Stammen\stammcr01,35,SDP,NL,0,8,7,0.533,3.29,4.12,1.159,8.8,1.4,1.6,8,4.87
707,Ryne Stanek\stanery01,27,TOT,MLB,27,0,4,0,3.97,4.28,1.299,7.1,1.3,4.6,10.4,2.28
708,Cody Stashak\stashco01,25,MIN,AL,1,0,1,0,3.24,3.01,1.2,10.4,1.1,0.4,9,25
709,Max Stassi\stassma01,28,TOT,AL,0,0,0,,0,3.21,0,0,0,0,0,
710,Josh Staumont\staumjo01,25,KCR,AL,0,0,0,,3.72,6.06,1.603,9.8,1.9,4.7,7,1.5
711,Drew Steckenrider\steckdr01,28,MIA,NL,0,0,2,0,6.28,7.96,0.977,5.7,3.8,3.1,8.8,2.8
712,Robert Stephenson\stephro01,26,CIN,NL,0,3,2,0.6,3.76,3.63,1.036,6,1.3,3.3,11.3,3.38
713,Brock Stewart\stewabr01,27,TOT,MLB,0,4,0,1,9.82,8.59,1.753,13,3.9,2.8,6.7,2.38
714,Kohl Stewart\stewako01,24,MIN,AL,2,2,2,0.5,6.39,6.06,1.461,10.3,1.8,2.8,3.6,1.25
715,Robert Stock\stockro01,29,SDP,NL,0,1,0,1,10.13,5.37,2.063,11.8,1.7,6.8,12.7,1.88
716,Matt Strahm*\strahma01,27,SDP,NL,16,6,11,0.353,4.71,4.41,1.247,9.5,1.7,1.7,9.3,5.36
717,Dan Straily\straida01,30,BAL,AL,8,2,4,0.333,9.82,9.34,1.993,13.8,4.2,4.2,6.2,1.5
718,Stephen Strasburg\strasst01,30,WSN,NL,33,18,6,0.75,3.32,3.25,1.038,6.9,1,2.4,10.8,4.48
719,Chris Stratton\stratch01,28,TOT,MLB,5,1,3,0.25,5.57,4.92,1.658,11,1.5,3.9,8.2,2.09
720,Hunter Strickland\strichu01,30,TOT,MLB,0,2,1,0.667,5.55,6.3,1.233,8.1,2.2,3,6.7,2.25
721,Ross Stripling\stripro01,29,LAD,NL,15,4,4,0.5,3.47,3.47,1.147,8.3,1.1,2,9.2,4.65
722,Marcus Stroman\stromma01,28,TOT,MLB,32,10,13,0.435,3.22,3.72,1.307,8.9,0.9,2.8,7.8,2.74
723,Pedro Strop\stroppe01,34,CHC,NL,0,2,5,0.286,4.97,4.53,1.272,7.1,1.3,4.3,10.6,2.45
724,Daniel Stumpf*\stumpda01,28,DET,AL,0,1,1,0.5,4.34,5.08,1.724,10.9,1.6,4.7,8.7,1.87
725,Andrew Suarez*\suarean01,26,SFG,NL,2,0,2,0,5.79,5.85,1.622,10.7,1.9,3.9,6.9,1.79
726,Jose Suarez*\suarejo01,21,LAA,AL,15,2,6,0.25,7.11,6.72,1.642,11.1,2.6,3.7,8,2.18
727,Ranger Suarez*\suarera01,23,PHI,NL,0,6,1,0.857,3.14,3.89,1.315,9.6,1.1,2.2,7.8,3.5
728,Jesus Sucre\sucreje01,31,BAL,AL,0,0,0,,0,3.21,0,0,0,0,0,
729,Wander Suero\suerowa01,27,WSN,NL,0,6,9,0.4,4.54,3.07,1.262,8.1,0.6,3.3,10.2,3.12
730,Cole Sulser\sulseco01,29,TBR,AL,0,0,0,,0,1.99,1.091,6.1,0,3.7,11,3
731,Brent Suter*\suterbr01,29,MIL,NL,0,4,0,1,0.49,2.45,0.6,4.9,0.5,0.5,7.4,15
732,Erik Swanson\swanser01,25,SEA,AL,8,1,5,0.167,5.74,5.96,1.172,8.7,2.6,1.9,8.1,4.33
733,Anthony Swarzak\swarzan01,33,TOT,MLB,0,3,4,0.429,4.56,5.71,1.481,8.8,2,4.6,8.8,1.93
734,Noah Syndergaard\syndeno01,26,NYM,NL,32,10,8,0.556,4.28,3.6,1.234,8.8,1.1,2.3,9.2,4.04
735,Jameson Taillon\taillja01,27,PIT,NL,7,2,3,0.4,4.1,3.8,1.125,8.2,1,1.9,7.2,3.75
736,Masahiro Tanaka\tanakma01,30,NYY,AL,31,11,9,0.55,4.45,4.27,1.242,9.2,1.4,2,7.4,3.73
737,Stephen Tarpley*\tarplst01,26,NYY,AL,1,1,0,1,6.93,5.69,1.986,12.4,2.2,5.5,12.4,2.27
738,Dillon Tate\tatedi01,25,BAL,AL,0,0,2,0,6.43,5.17,1.286,7.7,1.3,3.9,8.6,2.22
739,Josh Taylor*\taylojo02,26,BOS,AL,1,2,2,0.5,3.04,3.11,1.183,7.6,1,3,11.8,3.88
740,Julio Teheran\teherju01,28,ATL,NL,33,10,11,0.476,3.81,4.66,1.323,7.6,1.1,4.3,8.3,1.95
741,Ryan Tepera\teperry01,31,TOR,AL,1,0,2,0,4.98,6.03,1.292,8.3,2.1,3.3,5.8,1.75
742,Tyler Thornburg\thornty01,30,BOS,AL,0,0,0,,7.71,5.41,1.661,10.1,1.9,4.8,10.6,2.2
743,Trent Thornton\thorntr01,25,TOR,AL,29,6,9,0.4,4.84,4.59,1.406,9.1,1.4,3.6,8.7,2.44
744,Lewis Thorpe*\thorple01,23,MIN,AL,2,3,2,0.6,6.18,3.47,1.735,12.4,1,3.3,10.1,3.1
745,Jesus Tinoco\tinocje01,24,COL,NL,0,0,3,0,4.75,7.91,1.611,9,3,5.5,7,1.27
746,Josh Tomlin\tomlijo01,34,ATL,NL,1,2,1,0.667,3.74,4.49,1.122,9.3,1.6,0.8,5.8,7.29
747,Carlos Torres\torreca01,36,DET,AL,0,0,0,,7.5,5.88,1.667,13.5,3,1.5,12,8
748,Touki Toussaint\toussto01,23,ATL,NL,1,4,0,1,5.62,4.99,1.68,9.5,1.1,5.6,9.7,1.73
749,Blake Treinen\treinbl01,31,OAK,AL,0,6,5,0.545,4.91,5.14,1.619,8.9,1.4,5.7,9.1,1.59
750,Lou Trivino\trivilo01,27,OAK,AL,0,4,6,0.4,5.25,4.53,1.533,9.2,1.1,4.7,8.6,1.84
751,Nick Tropeano\tropeni01,28,LAA,AL,1,0,1,0,9.88,9.21,1.756,11.9,4,4,6.6,1.67
752,Sam Tuivailala\tuivasa01,26,SEA,AL,2,1,0,1,2.35,3.13,1.043,5.1,0.4,4.3,10.6,2.45
753,Spencer Turnbull\turnbsp01,26,DET,AL,30,3,17,0.15,4.61,3.99,1.436,9.3,0.8,3.6,8.9,2.47
754,Duane Underwood Jr.\underdu01,24,CHC,NL,0,0,0,,5.4,4.24,1.371,10,1.5,2.3,10,4.33
755,Jose Urena\urenajo01,27,MIA,NL,13,4,10,0.286,5.21,4.74,1.476,10.5,1.4,2.8,6.6,2.38
756,Richard Urena\urenari01,23,TOR,AL,0,0,0,,36,19.21,5,36,9,9,0,0
757,Julio Urias*\uriasju01,22,LAD,NL,8,4,3,0.571,2.49,3.43,1.079,6.7,0.8,3.1,9.6,3.15
758,Jose Urquidy\urquijo01,24,HOU,AL,7,2,1,0.667,3.95,3.68,1.098,8.3,1.3,1.5,8.8,5.71
759,Framber Valdez*\valdefr01,25,HOU,AL,8,4,7,0.364,5.86,4.98,1.67,9.4,1.1,5.6,8.7,1.55
760,Phillips Valdez\valdeph01,27,TEX,AL,0,0,0,,3.94,5.46,1.625,9.6,1.7,5.1,10.1,2
761,Jason Vargas*\vargaja01,36,TOT,NL,29,7,9,0.438,4.51,4.76,1.363,8.5,1.3,3.8,7.5,1.97
762,Andrew Vasquez*\vasquan02,25,MIN,AL,0,0,0,,inf,,,,,,,0
763,Felipe Vazquez*\riverfe01,27,PIT,NL,0,5,1,0.833,1.65,2.15,0.933,6.5,0.8,2,13.5,6.92
764,Vince Velasquez\velasvi01,27,PHI,NL,23,7,8,0.467,4.91,5.21,1.389,9.2,2,3.3,10,3.02
765,Hector Velazquez\velazhe01,30,BOS,AL,8,1,4,0.2,5.43,4.74,1.527,9.3,1.1,4.5,7.8,1.75
766,Pat Venditte#\vendipa01,34,SFG,NL,0,0,0,,16.2,10.41,1.8,10.8,2.7,5.4,5.4,1
767,Jonny Venters*\ventejo01,34,TOT,NL,0,0,1,0,12.38,9.59,2.75,13.5,3.4,11.3,13.5,1.2
768,Drew VerHagen\verhadr01,28,DET,AL,4,4,3,0.571,5.9,4.87,1.603,10.9,1.4,3.6,7.9,2.22
769,Justin Verlander\verlaju01,36,HOU,AL,34,21,6,0.778,2.58,3.27,0.803,5.5,1.5,1.7,12.1,7.14
770,Thyago Vieira\vieirth01,25,CHW,AL,0,1,0,1,9,3.07,2.286,14.1,0,6.4,10.3,1.6
771,Nick Vincent\vinceni01,32,TOT,NL,1,1,4,0.2,4.43,4.51,1.321,9.5,1.6,2.4,9.5,3.92
772,Arodys Vizcaino\vizcaar01,28,ATL,NL,0,1,0,1,2.25,5.71,1.5,6.8,2.3,6.8,13.5,2
773,Edinson Volquez\volqued01,35,TEX,AL,4,0,1,0,6.75,6.65,2,11.3,1.7,6.8,5.6,0.83
774,Austin Voth\vothau01,27,WSN,NL,8,2,1,0.667,3.3,3.79,1.053,6.8,1,2.7,9.1,3.38
775,Michael Wacha\wachami01,27,STL,NL,24,6,7,0.462,4.76,5.61,1.563,10.2,1.8,3.9,7.4,1.89
776,Jacob Waguespack\wagueja01,25,TOR,AL,13,5,5,0.5,4.38,4.91,1.333,8.7,1.4,3.3,7.3,2.17
777,Adam Wainwright\wainwad01,37,STL,NL,31,14,10,0.583,4.19,4.36,1.427,9.5,1.2,3.4,8,2.39
778,Marcus Walden\waldema01,30,BOS,AL,0,9,2,0.818,3.81,3.69,1.192,7,0.7,3.7,8.8,2.38
779,Jeremy Walker\walkeje02,24,ATL,NL,0,0,0,,1.93,3.21,1.393,8.7,0,3.9,5.8,1.5
780,Taijuan Walker\walketa01,26,ARI,NL,1,0,0,,0,1.21,1,9,0,0,9,
781,Jared Walsh*\walshja01,25,LAA,AL,0,0,0,,1.8,4.81,1.8,5.4,0,10.8,9,0.83
782,Wei-Chung Wang*\wangwe01,27,TOT,MLB,0,3,0,1,3.77,5.18,1.323,7.8,1.2,4.1,5.2,1.29
783,Adam Warren\warread01,31,SDP,NL,0,4,1,0.8,5.34,6.91,1.395,8.8,2.8,3.8,7.8,2.08
784,Art Warren\warrear01,26,SEA,AL,0,1,0,1,0,2.46,0.75,3.4,0,3.4,8.4,2.5
785,Tony Watson*\watsoto01,34,SFG,NL,0,2,2,0.5,4.17,4.81,1.259,9.3,1.5,2,6.8,3.42
786,Luke Weaver\weavelu01,25,ARI,NL,12,4,3,0.571,2.94,3.07,1.073,7.7,0.8,2,9.7,4.93
787,Jacob Webb\webbja01,25,ATL,NL,0,4,0,1,1.39,4.3,1.113,6.7,1.1,3.3,7.8,2.33
788,Logan Webb\webblo01,22,SFG,NL,8,2,3,0.4,5.22,4.12,1.462,10,1.1,3.2,8.4,2.64
789,Tyler Webb*\webbty01,28,STL,NL,0,2,1,0.667,3.76,4.49,1.018,5.4,1.1,3.8,7.9,2.09
790,Ryan Weber\weberry01,28,BOS,AL,3,2,4,0.333,5.09,4.2,1.377,10.6,1.1,1.8,6.4,3.63
791,Allen Webster\webstal01,29,CHC,NL,0,0,0,,4.91,5.58,1.727,11.5,1.6,4.1,7.4,1.8
792,J.B. Wendelken\wendejb01,26,OAK,AL,0,3,1,0.75,3.58,2.94,0.918,5.8,0.6,2.5,9.4,3.78
793,Zack Wheeler\wheelza01,29,NYM,NL,31,11,8,0.579,3.96,3.48,1.259,9,1,2.3,9,3.9
794,Tyler White\whitety01,28,HOU,AL,0,0,0,,21.6,22.11,3.6,18.9,10.8,13.5,5.4,0.4
795,Rowan Wick\wickro01,26,CHC,NL,0,2,0,1,2.43,2.82,1.14,5.9,0,4.3,9.5,2.19
796,Brad Wieck*\wieckbr01,27,TOT,NL,0,2,2,0.5,5.71,4.77,1.183,7.3,2.1,3.4,12.7,3.77
797,Aaron Wilkerson\wilkeaa01,30,MIL,NL,0,0,0,,7.31,6.78,2.125,14.1,2.3,5.1,6.2,1.22
798,Stevie Wilkerson\wilkest01,27,BAL,AL,0,0,0,,6.75,7.71,1.125,10.1,3.4,0,1.7,
799,Austen Williams\williau01,26,WSN,NL,0,0,0,,162,84.21,18,135,54,27,27,1
800,Devin Williams\willide03,24,MIL,NL,0,0,0,,3.95,4.82,1.756,11.9,1.3,4,9.2,2.33
801,Taylor Williams\willita01,27,MIL,NL,0,1,1,0.5,9.82,3.9,1.977,13.5,0.6,4.3,9.2,2.14
802,Trevor Williams\willitr01,27,PIT,NL,26,7,9,0.438,5.38,5.12,1.414,10,1.7,2.7,7,2.57
803,Alex Wilson\wilsoal01,32,MIL,NL,0,1,1,0.5,9.53,6.74,2.118,11.9,2.4,7.1,10.3,1.44
804,Bryse Wilson\wilsobr02,21,ATL,NL,4,1,1,0.5,7.2,6.36,1.8,11.7,2.3,4.5,7.2,1.6
805,Justin Wilson*\wilsoju10,31,NYM,NL,0,4,2,0.667,2.54,3.91,1.333,7.6,0.9,4.4,10.2,2.32
806,Trey Wingenter\wingetr01,25,SDP,NL,1,1,3,0.25,5.65,3.61,1.216,6,0.9,4.9,12.7,2.57
807,Dan Winkler\winklda01,29,ATL,NL,0,3,1,0.75,4.98,5.84,1.338,7.5,2.1,4.6,9.1,2
808,Matt Wisler\wislema01,26,TOT,MLB,8,3,4,0.429,5.61,4.23,1.403,9.8,1.8,2.8,11,3.94
809,Nick Wittgren\wittgni01,28,CLE,AL,0,5,1,0.833,2.81,4.17,1.075,7.3,1.6,2.3,9.4,4
810,Asher Wojciechowski\wojcias01,30,BAL,AL,16,4,8,0.333,4.92,5.3,1.312,8.7,1.9,3.1,8.7,2.86
811,Alex Wood*\woodal02,28,CIN,NL,7,1,3,0.25,5.8,6.38,1.402,10.3,2.8,2.3,7.6,3.33
812,Hunter Wood\woodhu01,25,TOT,AL,2,1,1,0.5,2.98,4.36,1.279,9.1,1.4,2.4,7.7,3.25
813,Brandon Woodruff\woodrbr01,26,MIL,NL,22,11,3,0.786,3.62,3.01,1.142,8.1,0.9,2.2,10.6,4.77
814,Brandon Workman\workmbr01,30,BOS,AL,0,10,1,0.909,1.88,2.46,1.033,3.6,0.1,5.7,13.1,2.31
815,Matt Wotherspoon\wothema01,27,BAL,AL,0,0,0,,15.43,9.86,2.571,19.3,3.9,3.9,3.9,1
816,Kyle Wright\wrighky01,23,ATL,NL,4,0,3,0,8.69,6.16,1.881,11,1.8,5.9,8.2,1.38
817,Mike Wright\wrighmi01,29,TOT,AL,0,0,1,0,7.98,5.26,1.909,13.5,1.8,3.7,9.2,2.5
818,Steven Wright\wrighst01,34,BOS,AL,0,0,1,0,8.53,10.16,2.368,15.6,4.3,5.7,7.1,1.25
819,Jimmy Yacabonis\yacabji01,27,BAL,AL,4,1,2,0.333,6.8,6.36,1.829,11.2,2,5.3,7.2,1.38
820,Jordan Yamamoto\yamamjo01,23,MIA,NL,15,4,5,0.444,4.46,4.51,1.144,6.2,1.3,4.1,9.4,2.28
821,Ryan Yarbrough*\yarbrry01,27,TBR,AL,14,11,6,0.647,4.13,3.55,0.995,7.7,1,1.3,7.4,5.85
822,Eric Yardley\yardler01,28,SDP,NL,0,0,1,0,2.31,4.16,1.286,9.3,0.8,2.3,5.4,2.33
823,Kirby Yates\yateski01,32,SDP,NL,0,0,5,0,1.19,1.3,0.89,6.1,0.3,1.9,15,7.77
824,Gabriel Ynoa\ynoaga01,26,BAL,AL,13,1,10,0.091,5.61,6.2,1.373,10.2,2.4,2.1,5.4,2.58
825,Huascar Ynoa\ynoahu01,21,ATL,NL,0,0,0,,18,6.55,2.333,18,3,3,9,3
826,Alex Young*\youngal01,25,ARI,NL,15,7,5,0.583,3.56,4.81,1.188,7.8,1.5,2.9,7.7,2.63
827,Daniel Zamora*\zamorda01,26,NYM,NL,0,0,1,0,5.19,4.94,1.731,10.4,1,5.2,8.3,1.6
828,T.J. Zeuch\zeuchtj01,23,TOR,AL,3,1,2,0.333,4.76,4.05,1.456,8.7,0.8,4.4,7.9,1.82
829,Kyle Zimmer\zimmeky01,27,KCR,AL,0,0,1,0,10.8,5.78,2.564,13.7,1,9.3,8.8,0.95
830,Jordan Zimmermann\zimmejo02,33,DET,AL,23,1,13,0.071,6.91,4.79,1.518,11.7,1.5,2,6.6,3.28
831,Ben Zobrist\zobribe01,38,CHC,NL,0,0,0,,0,7.21,2,0,0,18,9,0.5
