Rk,Name,Age,Tm,IP,PtchR,PtchW,WPA,WPA+,WPA-,aLI,WPA/LI,Clutch,RE24,REW,boLI,RE24/boLI
1,Fernando Abad*\abadfe01,33,SFG,13,0.4,0,0.6,1.5,-0.9,1.51,0.3,0.1,2.9,0.3,1.08,2.5
2,Bryan Abreu\abreubr01,22,HOU,8.2,3.7,0.4,0.2,0.3,-0.2,0.45,0.3,0,3.9,0.4,0.86,4.4
3,Jason Adam\adamja01,27,TOR,21.2,3.9,0.4,0.3,1.7,-1.4,1.04,0.3,0,3.7,0.4,1.01,4.5
4,Austin Adams\adamsau01,32,TOT,16.2,-3.4,-0.3,-0.2,0.2,-0.4,0.21,-0.2,-0.8,-5.3,-0.5,0.97,-3.1
5,Austin Adams\adamsau02,28,TOT,32,2.5,0.2,0.3,3,-2.6,1.19,0.2,0.1,5.7,0.6,0.92,4.8
6,Chance Adams\adamsch01,24,NYY,25.1,-11.4,-1,-0.9,0.8,-1.6,0.38,-0.7,-1.5,-11.8,-1.1,0.92,-13.5
7,Ehire Adrianza\adriaeh01,29,MIN,1,-2.2,-0.2,0,0,0,0,-0.1,-0.2,-2.4,-0.2,1.19,-2.1
8,Dario Agrazal\agrazda01,24,PIT,73.1,-5.2,-0.5,-1,5.2,-6.2,0.97,-0.8,-0.2,-6.7,-0.6,0.94,-8.3
9,R.J. Alaniz\alanirj01,28,TOT,15.2,-8.2,-0.7,-0.1,0.7,-0.8,0.59,-0.2,0.1,-7.8,-0.7,0.96,-4.4
10,Matt Albers\alberma01,36,MIL,59.2,-3.1,-0.3,0.8,6.4,-5.6,1.41,0.4,0.2,2,0.2,1.01,2.1
11,Hanser Alberto\alberha01,26,BAL,1,-1.2,-0.1,0,0,0,0,,,-1.5,-0.1,1.33,-1.6
12,Jorge Alcala\alcaljo01,23,MIN,1.2,1,0.1,0,0,0,0.05,0,0,0.2,0,1.57,0.7
13,Sandy Alcantara\alcansa01,23,MIA,197.1,6.9,0.7,0.4,15,-14.7,1,0.5,-0.1,9,0.9,0.93,5.3
14,Victor Alcantara\alcanvi01,26,DET,42.2,-0.1,0,-1.3,2.8,-4.1,0.87,-0.3,-1.2,-6,-0.6,0.97,-3.3
15,Scott Alexander*\alexasc02,29,LAD,17.1,1.5,0.1,-1.1,1.1,-2.2,1.06,0.1,-1.1,-5.2,-0.5,0.87,0.2
16,Tyler Alexander*\alexaty01,24,DET,53.2,0.4,0,0.1,4.1,-4,0.89,-0.6,0.7,-1.3,-0.1,0.91,-7.2
17,Kolby Allard*\allarko01,21,TEX,45.1,1.5,0.1,-0.2,4,-4.1,1.13,0,-0.1,-1.4,-0.1,0.98,-0.7
18,Cody Allen\allenco01,30,LAA,23,-3.8,-0.4,-0.6,1.5,-2.1,0.71,-1,0.2,-6.7,-0.6,0.98,-10.3
19,Logan Allen*\allenlo01,22,TOT,27.2,-5.7,-0.5,-0.8,1.6,-2.3,0.76,-0.8,-0.2,-7,-0.7,0.95,-8
20,Yency Almonte\almonye01,25,COL,34,-0.8,-0.1,-1,1.4,-2.4,0.61,-0.9,-0.7,-4.4,-0.4,0.91,-7.6
21,Dan Altavilla\altavda01,26,SEA,14.2,-1.5,-0.1,-0.5,1,-1.6,1.06,0.1,-0.6,-6,-0.6,1.03,0.7
22,Aaron Altherr\altheaa01,28,TOT,1,0.1,0,0,0,0,0,,,-0.5,0,0.91,-0.5
23,Jose Alvarado*\alvarjo03,24,TBR,30,-1.4,-0.1,-1.5,4.1,-5.5,1.98,-0.4,-0.3,-6.9,-0.7,1.1,-4.8
24,Jose Alvarez*\alvarjo02,30,PHI,59,6.8,0.7,1.1,5.2,-4.1,1.12,0,1,6.7,0.6,1,1.3
25,Adbert Alzolay\alzolad01,24,CHC,12.1,-3.3,-0.3,-0.2,0.6,-0.9,0.71,-0.3,0,-4.7,-0.4,0.97,-3.7
26,Brett Anderson*\anderbr04,31,OAK,176,9.8,1,0.3,12.9,-12.6,0.97,0.8,-0.5,14,1.4,0.94,11.5
27,Chase Anderson\anderch01,31,MIL,139,5.1,0.5,0.9,9.8,-8.9,0.89,-0.3,1.4,7.4,0.7,0.9,-1.6
28,Cody Anderson\anderco01,28,CLE,8.2,-3.9,-0.4,-0.9,0.4,-1.4,0.9,-0.3,-0.7,-4.8,-0.4,1.1,-3.6
29,Drew Anderson\anderdr02,25,PHI,6,-1.6,-0.2,0.1,0.2,-0.1,0.37,0,0.2,-2,-0.2,1.09,0
30,Justin Anderson\anderju01,26,LAA,47,-5.6,-0.5,0.5,4.1,-3.6,1.01,-0.2,0.7,-10.1,-1,1.05,-2.9
31,Nick Anderson\anderni01,28,TOT,65,8.5,0.8,1.4,7.7,-6.3,1.46,1.3,-0.3,11.1,1.1,0.94,12.3
32,Shaun Anderson\andersh01,24,SFG,96,-13.2,-1.3,-1.2,7.5,-8.6,0.99,-1.7,0.5,-12.8,-1.2,0.94,-18.8
33,Tanner Anderson\anderta01,26,OAK,22.1,-4.4,-0.4,-0.4,1.7,-2.1,1.02,-0.3,-0.1,-4.4,-0.4,0.94,-3.1
34,Tyler Anderson*\anderty01,29,COL,20.2,-11.8,-1,-1.6,1.4,-3,0.97,-1,-0.6,-15.5,-1.2,0.92,-12.3
35,Matt Andriese\andrima01,29,ARI,70.2,-0.6,-0.1,0.4,5.7,-5.3,1.07,-0.3,0.7,-0.7,-0.1,0.99,-3.3
36,Victor Arano\aranovi01,24,PHI,4.2,0.6,0.1,0.1,0.3,-0.2,0.85,-0.1,0.2,-0.2,0,0.74,-0.2
37,Pedro Araujo\araujpe01,25,BAL,0.2,-1.4,-0.1,0,0,-0.1,0.5,-0.1,0.1,-1.7,-0.1,0.86,-1.9
38,Chris Archer\archech01,30,PIT,119.2,-11.8,-1.1,-1.3,9,-10.3,0.98,-1.1,-0.3,-11,-1.1,0.94,-11.1
39,Rogelio Armenteros\armenro01,25,HOU,18,1.2,0.1,-0.1,0.7,-0.8,0.6,0.3,-0.6,0.9,0.1,0.99,4.5
40,Shawn Armstrong\armstsh01,28,TOT,58,-5.8,-0.5,-0.8,5.7,-6.5,1.27,-0.8,0.2,-9.5,-0.9,1,-10.6
41,Jake Arrieta\arrieja01,33,PHI,135.2,-2.4,-0.2,0,10.6,-10.6,0.97,-1.3,1.3,-3.9,-0.4,0.95,-12.5
42,Humberto Arteaga\arteahu01,25,KCR,1.2,0.1,0,0,0,0,0,,,0.5,0.1,0.96,-1.7
43,Alex Avila\avilaal01,32,ARI,2,0.2,0,0,0,0,0.01,0.1,0.1,0,0,1.13,0.3
44,Pedro Avila\avilape01,22,SDP,5.1,1.8,0.2,0.1,0.4,-0.3,0.98,0.1,0,1.3,0.1,0.99,1.6
45,Luis Avilan*\avilalu01,29,NYM,32,-3,-0.3,0.3,2,-1.7,0.76,-0.2,0.6,-0.3,0,0.98,-4.1
46,Michel Baez\baezmi01,23,SDP,29.2,4.6,0.5,-0.2,1.5,-1.7,0.64,-0.1,-0.1,1.2,0.1,0.97,-0.3
47,Pedro Baez\baezpe01,31,LAD,69.2,6.6,0.7,2.2,7.5,-5.3,1.39,1.4,0.2,14.5,1.5,0.95,15.8
48,Sandy Baez\baezsa01,25,DET,1,-0.3,0,0,0,0,0.08,0,-0.1,-0.4,0,1.08,-0.6
49,Homer Bailey\baileho02,33,TOT,163.1,2.1,0.2,0.7,11.7,-11,0.93,1.3,-0.5,6.8,0.7,0.9,13.8
50,Anthony Banda*\bandaan01,25,TBR,4,-0.8,-0.1,0,0,0,0.12,0,0,-0.8,-0.1,0.91,-0.8
51,Manny Banuelos*\banuema01,28,CHW,50.2,-11.8,-1.1,-0.8,3.2,-4,0.8,-1.2,0.3,-9.5,-0.9,0.95,-13.1
52,Luke Bard\bardlu01,28,LAA,49,-0.7,-0.1,0.2,3.6,-3.4,0.95,0.2,0,-0.3,0,0.95,4.5
53,Scott Barlow\barlosc01,26,KCR,70.1,5.1,0.5,1.4,7.2,-5.7,1.26,0.3,0.8,6.7,0.6,0.96,4
54,Jacob Barnes\barneja01,29,TOT,32.2,-10.4,-1,-1.3,1.3,-2.6,0.62,-0.9,-1.1,-10,-0.9,0.98,-9.4
55,Matt Barnes\barnema01,29,BOS,64.1,7.3,0.7,1.4,9.5,-8,1.79,0.6,0.2,5.3,0.5,1,5.6
56,Tony Barnette\barneto01,35,CHC,1.1,-0.1,0,0,0.1,0,0.74,0,0.1,-0.1,0,1.11,-0.6
57,Kyle Barraclough\barraky01,29,TOT,33.2,-4.2,-0.4,-1.6,2.9,-4.5,1.21,-0.9,-0.4,-11.9,-1.1,1,-11.7
58,Aaron Barrett\barreaa01,31,WSN,2.1,-2.4,-0.2,0,0.1,-0.2,0.55,-0.3,0.3,-3.3,-0.3,1.15,-3.2
59,Jake Barrett\barreja01,27,NYY,3.2,-4,-0.3,0,0,-0.1,0.08,-0.2,-0.1,-3.4,-0.3,1.01,-2.7
60,Jaime Barria\barrija01,22,LAA,82.2,-16.3,-1.5,-1,5.3,-6.3,0.81,-1.5,0.2,-14,-1.3,0.84,-15.4
61,Tyler Bashlor\bashlty01,26,NYM,22,-6.9,-0.7,-0.9,0.9,-1.8,0.75,-0.5,-0.7,-5.9,-0.6,0.97,-5.1
62,Anthony Bass\bassan01,31,SEA,48,4.9,0.5,0.5,4.8,-4.3,1.45,0.7,-0.4,10.7,1.1,0.89,9.8
63,Chris Bassitt\bassich01,30,OAK,144,8.4,0.8,0.1,10.6,-10.5,0.97,0.9,-0.9,11.6,1.2,0.91,13.2
64,Trevor Bauer\bauertr01,28,TOT,213,3.1,0.4,0.3,16.5,-16.2,0.98,-0.1,0.3,-1.1,0,0.9,3
65,Gerson Bautista\bautige01,24,SEA,9,-6.5,-0.6,-0.5,0.3,-0.9,0.64,-0.7,-0.2,-7.1,-0.7,1.08,-7.4
66,David Bednar\bednada01,24,SDP,11,-2.5,-0.2,-0.6,0.8,-1.3,0.99,-0.1,-0.4,-4.2,-0.4,0.97,-0.9
67,Cam Bedrosian\bedroca01,27,LAA,61.1,6.2,0.6,1.1,5.9,-4.8,1.16,0.5,0.4,3.6,0.3,0.92,5.8
68,Tyler Beede\beedety01,26,SFG,117,-11.6,-1.1,-0.7,8.1,-8.8,0.91,-1,0.2,-13,-1.3,0.9,-12.2
69,Jalen Beeks*\beeksja02,25,TBR,104.1,0.7,0.1,-0.2,7.6,-7.8,0.93,-0.7,0.5,1.1,0.1,0.97,-8.9
70,Travis Bergen*\bergetr01,25,SFG,19.2,-2.4,-0.2,0,0.5,-0.5,0.32,-0.3,0.4,-3.1,-0.3,1,-4.2
71,Jose Berrios\berrijo01,25,MIN,200.1,17.6,1.7,1.9,14.9,-13,0.91,1.7,0.4,14,1.4,0.89,17.3
72,Dellin Betances\betande01,31,NYY,0.2,0.5,0.1,0,0,0,0.93,0.1,0,0.4,0,0.74,0.6
73,Chad Bettis\bettich01,30,COL,63.2,-5.5,-0.5,-1.8,3.8,-5.6,0.8,-0.5,-1.8,-9,-0.8,0.93,-5.7
74,Joe Biagini\biagijo01,29,TOT,64.2,0.4,0.1,0.3,5.2,-4.9,0.96,-0.3,0.6,0.7,0.1,0.95,-4
75,Jesse Biddle*\biddlje01,27,TOT,28,-13.5,-1.2,-1.7,0.9,-2.6,0.68,-1.5,-1,-21.1,-2,1.11,-17.7
76,Shane Bieber\biebesh01,24,CLE,214.1,32.9,3.3,3.6,16.7,-13.2,0.96,2.9,0.8,37.9,3.8,0.84,36.5
77,Kyle Bird*\birdky01,26,TEX,12.2,-2.8,-0.3,0.1,0.4,-0.3,0.33,-0.4,0.8,-6.4,-0.6,1,-7.4
78,Ty Blach*\blachty01,28,TOT,27,-21.1,-1.8,-1.2,1.3,-2.5,0.64,-1.1,-0.8,-21.1,-1.8,0.98,-14.7
79,Ray Black\blackra01,29,TOT,16,-0.5,-0.1,-0.5,0.6,-1.2,0.49,-0.2,-0.9,0.9,0.1,0.89,-2
80,Paul Blackburn\blackpa01,25,OAK,11,-8.1,-0.7,-0.6,0.4,-1,0.7,-0.6,-0.3,-8.1,-0.7,0.99,-7.9
81,Michael Blazek\blazemi01,30,WSN,5,-1.1,-0.1,0,0,0,0.03,0.1,0.2,-1.2,-0.1,1.08,-1.6
82,Richard Bleier*\bleieri01,32,BAL,55.1,-3.1,-0.3,1,4.2,-3.2,0.91,0,1.1,-5.7,-0.5,0.96,-2
83,Jerry Blevins*\blevije01,35,ATL,32.1,2.4,0.2,0.5,1.7,-1.2,0.64,0,0.8,2.3,0.2,1,2.7
84,Ronald Bolanos\bolanro01,22,SDP,19.2,-3.3,-0.3,-0.1,1.3,-1.4,0.85,-0.3,0.2,-0.4,0,0.96,-3.1
85,Ryan Borucki*\borucry01,25,TOR,6.2,-5.2,-0.4,-0.6,0.6,-1.2,1.03,-0.7,0.1,-6.6,-0.5,1.03,-7.6
86,Buddy Boshers*\boshebu01,31,TOR,20,1.1,0.1,-0.2,1.7,-1.9,1.04,-0.2,0,0.5,0,1.04,-0.8
87,James Bourque\bourqja01,25,WSN,0.2,-3.2,-0.3,0,0,0,0.04,-0.1,0,-2.8,-0.2,1.25,-1.8
88,Matt Bowman\bowmama01,28,CIN,32,2.7,0.3,0.6,1.2,-0.6,0.46,0.5,0.7,4,0.4,0.94,6.8
89,Brad Boxberger\boxbebr01,31,KCR,26.2,-1.3,-0.1,-1.1,1.9,-3,0.93,-0.4,-0.8,-3.7,-0.3,0.97,-3
90,Matthew Boyd*\boydma01,28,DET,185.1,5.1,0.5,-0.4,14.8,-15.2,1,-0.6,0.2,-0.6,-0.1,0.89,-5.8
91,Brad Brach\brachbr01,33,TOT,54.1,-5.2,-0.5,-0.4,4.6,-5,1.07,-0.2,-0.1,-1.9,-0.2,0.97,-1.9
92,Chasen Bradford\bradfch02,29,SEA,16.2,-0.5,-0.1,0.3,0.9,-0.6,0.65,-0.3,0.7,2.5,0.2,1.02,-3.2
93,Archie Bradley\bradlar01,26,ARI,71.2,7.5,0.7,1.5,8.7,-7.2,1.52,0.3,0.7,4.5,0.4,1,4.7
94,Ryan Brasier\brasiry01,31,BOS,55.2,-0.4,0,-0.9,5.3,-6.2,1.3,0.3,-1,-1.3,-0.1,0.91,2.9
95,Steven Brault*\braulst01,27,PIT,113.1,-11,-1,-0.7,8.5,-9.2,0.97,-1.2,0.4,-11.1,-1.1,0.95,-10.9
96,John Brebbia\brebbjo01,29,STL,72.2,5.9,0.6,0,3.9,-3.9,0.76,1.1,-1,10.2,1,0.94,16.1
97,Brandon Brennan\brennbr01,27,SEA,47.1,-0.6,-0.1,-0.6,4.2,-4.9,1.27,0,-0.5,3.5,0.3,0.99,3.1
98,Colten Brewer\breweco01,26,BOS,54.2,4.6,0.4,-0.4,3.8,-4.2,0.86,-0.5,0,0.6,0.1,1.06,-4.7
99,Austin Brice\briceau01,27,MIA,44.2,3,0.3,0,2.2,-2.2,0.64,0,0.1,-1.3,-0.1,0.95,-0.6
100,Jeff Brigham\brighje01,27,MIA,38.1,-0.7,-0.1,-0.1,2.4,-2.5,0.88,0,-0.1,-4.9,-0.5,0.97,-5
101,Zack Britton*\brittza01,31,NYY,61.1,18.6,1.8,2.1,7.3,-5.2,1.52,1.4,0,20.7,2,0.99,18.5
102,Aaron Brooks\brookaa01,29,TOT,110,-12.3,-1.1,-0.6,6.6,-7.2,0.78,-0.9,0.1,-11.8,-1.1,0.89,-11
103,Mike Brosseau\brossmi01,25,TBR,4,0.2,0,0,0,0,0.01,0,-0.2,0.2,0,0.76,-1.3
104,Clay Buchholz\buchhcl01,34,TOR,59,-12.3,-1.1,-1,4,-5,0.86,-1.2,0,-10.4,-1,0.88,-12.6
105,Ryan Buchter*\buchtry01,32,OAK,45.1,7.4,0.7,-0.6,2.6,-3.2,0.82,0,-0.7,-2.6,-0.3,0.95,-2.4
106,Walker Buehler\buehlwa01,24,LAD,182.1,16.1,1.6,2.5,13.2,-10.8,0.94,2.9,-0.2,19,2,0.87,29.3
107,Madison Bumgarner*\bumgama01,29,SFG,207.2,5.9,0.6,0.7,15.6,-14.9,0.99,1.7,-1,6.5,0.7,0.89,17.7
108,Aaron Bummer*\bummeaa01,25,CHW,67.2,18.9,1.8,3.8,8.1,-4.3,1.47,1.8,0.8,25.8,2.5,0.98,20
109,Dylan Bundy\bundydy01,26,BAL,161.2,-2.2,-0.2,-0.9,12.2,-13.1,0.95,-1.2,0.2,-3,-0.3,0.92,-10.7
110,Nick Burdi\burdini01,26,PIT,8.2,-4.5,-0.4,-0.2,0.9,-1.1,1.36,-0.2,0,-3.4,-0.3,0.88,-1.5
111,Brock Burke*\burkebr01,22,TEX,26.2,-5.1,-0.5,-0.4,2.2,-2.6,1,-0.5,0,-4.8,-0.4,0.89,-5.3
112,Corbin Burnes\burneco01,24,MIL,49,-23.5,-2.2,-1.6,3.9,-5.5,0.97,-2,0.3,-26.3,-2.4,0.93,-25.1
113,Ryan Burr\burrry01,25,CHW,19.2,-0.9,-0.1,-0.2,0.7,-0.8,0.52,-0.2,-0.2,-1.8,-0.2,0.91,-2
114,Ty Buttrey\buttrty01,26,LAA,72.1,4.9,0.5,0.6,8.3,-7.7,1.54,0.8,-0.4,4.5,0.4,0.99,8.4
115,Genesis Cabrera*\cabrege01,22,STL,20.1,-3.2,-0.3,-0.5,1.3,-1.8,0.82,-0.4,-0.2,-2.9,-0.3,1.09,-2.6
116,Trevor Cahill\cahiltr01,31,LAA,102.1,-15.6,-1.5,-1.3,6.4,-7.7,0.84,-1.9,0.4,-10.8,-1,0.91,-19.2
117,Griffin Canning\cannigr01,23,LAA,90.1,1.3,0.1,-0.4,7,-7.4,1.02,0.1,-0.6,1.6,0.2,0.9,2.2
118,Matt Carasiti\carasma01,27,SEA,9.2,-0.5,-0.1,-0.3,0.5,-0.8,0.8,-0.3,-0.1,-0.7,-0.1,1,-1.8
119,Victor Caratini\caratvi01,25,CHC,2,-0.8,-0.1,0,0,0,0.01,-0.1,-0.1,-0.9,-0.1,0.79,-1.6
120,Shane Carle\carlesh01,27,ATL,9.1,-4.6,-0.4,-0.1,0.3,-0.4,0.48,-0.5,0.3,-4.8,-0.4,0.96,-5.6
121,David Carpenter\carpeda01,33,TEX,3.1,-0.7,-0.1,-0.1,0,-0.2,0.29,-0.1,-0.3,-4.2,-0.4,1.25,-1.9
122,Ryan Carpenter*\carpery01,28,DET,40.2,-19.6,-1.7,-1.7,2.4,-4.2,0.81,-1.6,-0.5,-20.8,-1.8,0.94,-18.9
123,Carlos Carrasco\carraca01,32,CLE,80,-3.6,-0.3,-0.1,6.2,-6.3,0.91,-0.9,0.8,-1.6,-0.2,0.87,-7.8
124,Andrew Cashner\cashnan01,32,TOT,150,1.6,0.2,0.6,11.1,-10.5,0.96,0.5,0,1.5,0.2,0.9,6.6
125,Diego Castillo\castidi01,25,TBR,68.2,6.4,0.6,1,8.3,-7.2,1.54,0.7,0,7,0.7,0.94,8.9
126,Jose Castillo*\castijo03,23,SDP,0.2,0.5,0.1,0,0,0,0.75,0,0.1,0.1,0,1.39,-0.3
127,Luis Castillo\castilu02,26,CIN,190.2,24.1,2.5,2.6,15.1,-12.5,1.02,2.9,-0.4,26.2,2.6,0.9,34.3
128,Miguel Castro\castrmi01,24,BAL,73.1,0.1,0,-1.1,4.5,-5.5,0.79,0.2,-1.5,-2.3,-0.2,1.03,2.2
129,Dylan Cease\ceasedy01,23,CHW,73,-10,-0.9,-1,5.1,-6,0.91,-0.5,-0.5,-8.8,-0.8,0.95,-5.1
130,Xavier Cedeno*\cedenxa01,32,CHC,2,1.1,0.1,-0.1,0.1,-0.2,0.49,-0.1,-0.1,-0.4,0,0.91,-1.3
131,Luis Cessa\cessalu01,27,NYY,81,2.2,0.2,0.7,4.6,-3.8,0.69,-0.5,1.5,6,0.6,0.93,-3.3
132,Jhoulys Chacin\chacijh01,31,TOT,103.1,-16.2,-1.5,-1.7,7.4,-9.2,0.96,-2.2,0.4,-17.6,-1.6,0.92,-23.1
133,Andrew Chafin*\chafian01,29,ARI,52.2,4.4,0.4,1.4,5.4,-4.1,1.27,0.9,0.1,9.2,0.9,1,9.2
134,Aroldis Chapman*\chapmar01,31,NYY,57,13.5,1.3,1.5,7.8,-6.3,1.78,0.9,0,15,1.5,0.97,10.7
135,JT Chargois\chargjt01,28,LAD,21.1,-5.3,-0.5,-0.2,0.4,-0.6,0.33,-0.3,-0.4,-4.7,-0.5,0.9,-0.9
136,Tyler Chatwood\chatwty01,29,CHC,76.2,6.6,0.7,1.2,6.4,-5.2,1.02,0.8,0.4,8.2,0.8,0.98,3.5
137,Jesse Chavez\chaveje01,35,TEX,78,1.6,0.2,-0.3,5.9,-6.2,0.98,-0.5,0.2,-4.7,-0.4,0.92,-4.5
138,Wei-Yin Chen*\chenwe02,33,MIA,68.1,-18.6,-1.8,-1.3,1.8,-3,0.39,-1.2,-2.1,-20.1,-2,0.97,-14.5
139,Yonny Chirinos\chiriyo01,25,TBR,133.1,9.5,0.9,0.9,8.8,-7.8,0.84,1.3,-0.2,11.7,1.2,0.85,16.2
140,Adam Cimber\cimbead01,28,CLE,56.2,2.4,0.2,1.3,5.7,-4.4,1.21,0.2,0.8,4.5,0.4,0.98,6.8
141,Steve Cishek\cishest01,33,CHC,64,10.9,1.1,0.9,7.1,-6.2,1.58,0.9,-0.4,9.9,1,0.96,10.7
142,Jose Cisnero\cisnejo01,30,DET,35.1,0.8,0.1,-1.1,2.4,-3.5,1.07,-0.3,-0.7,-1.6,-0.1,1.02,-2.4
143,Aaron Civale\civalaa01,24,CLE,57.2,14.2,1.5,1.5,4.5,-3.1,0.99,1.3,0.2,14.1,1.4,0.84,15.4
144,Taylor Clarke\clarkta01,26,ARI,84.2,-8.5,-0.8,-1.4,5.3,-6.8,0.84,-1.3,-0.4,-10.6,-1,0.88,-17
145,Emmanuel Clase\claseem01,21,TEX,23.1,6.1,0.6,0,2.5,-2.4,1.3,0.3,-0.3,5.8,0.5,0.95,5.2
146,Alex Claudio*\claudal01,27,MIL,62,3.3,0.3,0.2,4.6,-4.4,0.98,0.2,0,1.1,0.1,0.97,2.8
147,Mike Clevinger\clevimi01,28,CLE,126,28.9,3,3.2,8.9,-5.7,0.84,2.9,0.9,34.9,3.6,0.84,35.6
148,Tyler Clippard\clippty01,34,CLE,62,13.1,1.3,1.5,3.9,-2.5,0.75,1.5,0.4,15.8,1.5,0.86,19.5
149,Alex Cobb\cobbal01,31,BAL,12.1,-8.1,-0.7,-0.5,0.8,-1.2,0.68,-1.4,0.8,-7.6,-0.6,0.9,-16.8
150,A.J. Cole\coleaj01,27,CLE,26,0.9,0.1,0.1,2,-2,1.01,-0.4,0.4,-2.2,-0.2,1.02,-2.3
151,Gerrit Cole\colege01,28,HOU,212.1,49,5.1,4.7,15,-10.3,0.9,5.2,0.1,55.1,5.7,0.83,63.3
152,Taylor Cole\coleta01,29,LAA,51.2,-7.2,-0.7,-0.5,3.8,-4.3,0.9,-0.1,-0.4,-5.7,-0.5,1.02,-1.4
153,Tim Collins*\colliti01,29,CHC,8.2,1.5,0.2,0.2,0.4,-0.1,0.45,0,0.5,1.8,0.2,0.96,0.2
154,Alex Colome\colomal01,30,CHW,61,8.8,0.8,1.3,7.4,-6.2,1.62,0.6,0.2,4,0.4,0.94,5.9
155,Adam Conley*\conlead01,29,MIA,60.2,-14.8,-1.4,-1.7,4.3,-6,1.03,-1.3,-0.3,-11.8,-1.2,1.02,-13.1
156,Sam Coonrod\coonrsa01,26,SFG,27.2,2.5,0.3,-0.2,1.3,-1.5,0.68,0.3,-0.6,4.9,0.5,1.01,3.5
157,Patrick Corbin*\corbipa01,29,WSN,202,27.6,2.8,2.8,15.1,-12.3,0.97,2.2,0.7,28.2,2.8,0.9,28.9
158,Jimmy Cordero\cordeji01,27,TOT,37.1,7.8,0.8,0.8,2.3,-1.5,0.78,0.9,0.2,12.5,1.2,0.93,9.8
159,Nestor Cortes Jr.*\cortene01,24,NYY,66.2,-8.7,-0.8,-0.1,3.7,-3.7,0.72,-0.5,0.4,-10.4,-1,0.89,-6
160,Dylan Covey\coveydy01,27,CHW,58.2,-21.3,-1.9,-2.4,3.5,-5.9,0.89,-1.3,-1.4,-21.1,-1.9,0.99,-15.6
161,Stefan Crichton\crichst01,27,ARI,30.1,3.5,0.4,0.2,1.3,-1,0.53,0.7,-0.3,2.1,0.2,0.88,6.9
162,Kyle Crick\crickky01,26,PIT,49,-4.2,-0.4,-1.5,5.5,-7,1.52,-0.5,-0.5,-5.2,-0.5,1,-5.1
163,Johnny Cueto\cuetojo01,33,SFG,16,-1.1,-0.1,0,1.1,-1.1,0.91,0.1,-0.1,-0.8,-0.1,0.93,1
164,Charlie Culberson\culbech01,30,ATL,2,1.1,0.1,0,0,0,0,0,0,1.1,0.1,1.22,0.2
165,John Curtiss\curtijo02,26,LAA,2.1,0.4,0,0,0,0,0.04,-0.1,0.1,0.5,0,1.25,-0.1
166,Yu Darvish\darviyu01,32,CHC,178.2,10.7,1.1,0.5,13.5,-13,0.99,1.1,-0.7,15,1.5,0.86,15
167,Zach Davies\davieza02,26,MIL,159.2,13.4,1.3,1.6,12.8,-11.2,1.02,1,0.6,11.6,1.2,0.91,10.4
168,Austin Davis*\davisau01,26,PHI,20.2,-3.9,-0.4,-0.1,0.4,-0.5,0.21,-0.6,0,-2.2,-0.2,0.94,-3.2
169,Chris Davis\davisch02,33,BAL,1,-0.3,0,0,0,0,0,,,-0.5,0,0.7,-1.3
170,Rookie Davis\davisro03,26,PIT,10.2,-2.6,-0.2,-0.1,0.4,-0.5,0.62,-0.5,0.4,-2.5,-0.2,0.99,-4.9
171,Taylor Davis\davista01,29,CHC,1,0.7,0.1,0,0,0,0,,,0.5,0.1,1.73,-0.3
172,Wade Davis\daviswa01,33,COL,42.2,-12.9,-1.2,-0.5,5.1,-5.6,1.46,-0.7,0.3,-10.1,-0.9,0.97,-9.6
173,Grant Dayton*\daytogr01,31,ATL,12,1.8,0.2,-0.9,0.3,-1.2,0.33,-0.3,-2.4,1.5,0.1,0.96,-2.4
174,Chase De Jong\dejonch01,25,MIN,1,-3.2,-0.3,0,0,0,0.12,-0.1,0.1,-3.5,-0.3,1.57,-2.7
175,Jose De Leon\deleojo03,26,TBR,4,0.7,0.1,-0.1,0.2,-0.3,0.76,0,-0.1,-0.2,0,1.33,-0.2
176,Enyel De Los Santos\delosen01,23,PHI,11,-3,-0.3,-0.2,0.4,-0.6,0.56,-0.4,-0.1,-3.1,-0.3,0.92,-2.8
177,Jacob deGrom\degroja01,31,NYM,204,40.2,4.2,4.5,15.6,-11.1,1.01,5,-0.6,44.1,4.9,0.89,52.4
178,Miguel Del Pozo*\delpomi01,26,LAA,9.1,-5.8,-0.6,-0.4,0.4,-0.8,0.86,-0.3,-0.2,-4.2,-0.4,0.97,-4.5
179,Daniel Descalso\descada01,32,CHC,1,-1.3,-0.1,0,0,0,0,-0.1,-0.4,-1.5,-0.1,0.65,-1.5
180,Anthony DeSclafani\desclan01,29,CIN,166.2,12,1.2,0.9,12.3,-11.5,0.98,0.7,0.2,11.2,1.1,0.89,8.6
181,Ian Desmond\desmoia01,33,COL,1,0.6,0.1,0,0,0,0,,,0.5,0,0.72,0.3
182,Odrisamer Despaigne\despaod01,32,CHW,13.1,-6.6,-0.6,-0.6,1,-1.7,0.97,-0.6,-0.1,-7.4,-0.6,1.01,-7.2
183,Ross Detwiler*\detwiro01,33,CHW,69.2,-15.1,-1.4,-1.2,3.9,-5.1,0.75,-1.8,0.2,-18.4,-1.7,0.89,-19.5
184,Chris Devenski\devench02,28,HOU,69,-1,-0.1,0.3,3.6,-3.3,0.69,0.1,0.3,0.2,0,0.91,-1.9
185,Edwin Diaz\diazed04,25,NYM,58,-9.2,-0.9,-1.6,7.8,-9.4,1.91,-1.1,0.3,-8.4,-0.9,0.96,-12.5
186,Jairo Diaz\diazja01,28,COL,57.2,2.7,0.3,0.5,5.6,-5.1,1.17,0.1,0.3,-1,-0.1,0.97,0.4
187,Miguel Diaz\diazmi02,24,SDP,6.1,-1.8,-0.2,0,0.5,-0.5,0.81,-0.2,0.2,-2,-0.2,1.01,-3.3
188,Yennsy Diaz\diazye01,22,TOR,0.2,-1.5,-0.1,-0.1,0,-0.2,1.14,-0.1,0,-2.3,-0.2,1.64,-1.3
189,Phillip Diehl*\diehlph01,24,COL,7.1,-1.2,-0.1,0.1,0.3,-0.2,0.52,-0.1,0.2,-3.9,-0.3,0.9,-2.4
190,Jake Diekman*\diekmja01,32,TOT,62,0.1,0,0.6,7.4,-6.8,1.5,0.3,0.1,3.5,0.3,1.06,2.3
191,Brandon Dixon\dixonbr01,27,DET,2,-0.7,-0.1,0,0,0,0,,,-0.9,-0.1,0.7,-1.5
192,Randy Dobnak\dobnara01,24,MIN,28.1,8,0.8,0.5,1.6,-1.1,0.69,0.4,0.3,7.5,0.7,0.97,5.1
193,Seranthony Dominguez\dominse01,24,PHI,24.2,0.9,0.1,-0.2,2.6,-2.9,1.41,0.2,-0.3,-0.5,0,0.92,1.5
194,Sean Doolittle*\doolise01,32,WSN,60,4.5,0.4,0.3,8.7,-8.4,1.86,0.2,0,2.3,0.2,0.94,2.2
195,Kyle Dowdy\dowdyky01,26,TEX,22.1,-4.7,-0.4,-1.3,0.8,-2.1,0.7,-0.8,-1.1,-11.3,-1,1.03,-8.1
196,Brian Dozier\doziebr01,32,WSN,1,-1.2,-0.1,0,0,0,0,,,-2.6,-0.2,1.1,-1.2
197,Oliver Drake\drakeol01,32,TBR,56,8.8,0.9,2.1,4.7,-2.6,1.02,1.2,0.8,10.4,1,0.9,14.4
198,Tyler Duffey\duffety01,28,MIN,57.2,10.9,1.1,1.6,4.8,-3.2,1.01,0.8,0.7,11.8,1.1,0.93,10.3
199,Danny Duffy*\duffyda01,30,KCR,130.2,5,0.5,0.6,10.1,-9.5,0.97,0.3,0.3,3.3,0.3,0.91,3.7
200,Robert Dugger\duggero01,23,MIA,34.1,-7.1,-0.7,-0.6,2.8,-3.5,1.09,-0.8,0.2,-8,-0.8,1.01,-7.9
201,Zach Duke*\dukeza01,36,CIN,23.1,-0.6,-0.1,0.1,1.1,-1.1,0.65,-0.3,0.4,-2.9,-0.3,0.96,-4.1
202,Ryan Dull\dullry01,29,TOT,12.2,-11.9,-1.1,-0.7,0.4,-1.1,0.5,-1,-0.4,-10.6,-1,1.08,-11.2
203,Justin Dunn\dunnju01,23,SEA,6.2,1.6,0.2,0.1,0.5,-0.4,1.08,0.1,0,0.8,0.1,1.02,0.8
204,Mike Dunn*\dunnmi01,34,COL,17.2,-2.7,-0.3,0.1,1.2,-1.1,0.83,0,0.1,-3.1,-0.3,1.03,-0.7
205,Jon Duplantier\duplajo01,24,ARI,36.2,0.9,0.1,0.9,3.6,-2.6,1.18,0.1,0.7,0.8,0.1,1.07,1.2
206,Montana DuRapau\durapmo01,27,PIT,17.1,-12.1,-1.1,-0.6,0.3,-0.9,0.31,-0.9,-0.9,-13.4,-1.3,1.04,-8.8
207,Sam Dyson\dysonsa01,31,TOT,62.1,6.7,0.7,2,6,-4,1.19,1.1,0.6,7.3,0.8,0.9,11.2
208,Ryan Eades\eadesry01,27,TOT,11.1,3.3,0.3,-0.4,0.8,-1.2,0.99,-0.1,-0.4,1.5,0.2,0.93,0.1
209,Carl Edwards Jr.\edwarca01,27,TOT,17,-7.4,-0.7,-0.7,1.1,-1.8,0.88,-0.1,-0.7,-10.2,-0.9,1.05,-3.3
210,Jon Edwards\edwarjo02,31,CLE,8,2.4,0.2,-0.2,0.2,-0.5,0.43,-0.1,-0.4,1.3,0.1,0.94,0.3
211,Zach Eflin\eflinza01,25,PHI,163.1,3.2,0.3,0.3,11.5,-11.2,0.89,-0.6,0.9,1.8,0.2,0.91,-6.5
212,Jerad Eickhoff\eickhje01,28,PHI,58.1,-6.3,-0.6,-0.4,3.6,-4.1,0.79,-0.3,-0.2,-5.3,-0.5,0.88,-6.7
213,Roenis Elias*\eliasro01,30,TOT,50,-1.2,-0.1,-0.6,5.5,-6.1,1.5,-0.2,-0.1,-10.6,-1,0.97,-4.1
214,Chris Ellis\ellisch01,26,KCR,1,0.7,0.1,0,0,0,0.15,0,0.1,0.6,0.1,0.81,0.3
215,Nathan Eovaldi\eovalna01,29,BOS,67.2,-7.2,-0.7,0,5.4,-5.4,0.94,-1.1,1.1,-7.6,-0.7,0.92,-10.8
216,Robbie Erlin*\erlinro01,28,SDP,55.1,-7.4,-0.7,-0.3,2,-2.4,0.5,0.1,-0.8,-5.5,-0.5,1.01,-4.9
217,Luis Escobar\escoblu01,23,PIT,5.2,-2,-0.2,-0.1,0,-0.1,0.14,-0.4,-0.1,-1.5,-0.1,1.13,-3.5
218,Tom Eshelman\eshelto01,25,BAL,36,-8.2,-0.8,-0.6,2,-2.6,0.76,-1,0.2,-9.3,-0.8,0.98,-11.1
219,Carlos Estevez\estevca01,26,COL,72,9.2,0.9,0.6,5.4,-4.8,0.93,0,0.6,3.9,0.3,0.93,2.4
220,Marco Estrada\estrama01,35,OAK,23.2,-6.8,-0.6,-0.3,1.6,-1.9,0.86,-0.5,0.2,-4,-0.4,0.89,-6
221,Peter Fairbanks\fairbpe01,25,TOT,21,-5.5,-0.5,-0.6,1.9,-2.5,1.15,-0.9,0.3,-7.1,-0.7,1,-8
222,Jeurys Familia\familje01,29,NYM,60,-10.8,-1,-1.7,4.4,-6.1,1.02,-0.6,-1,-6.9,-0.7,0.99,-8.9
223,Jake Faria\fariaja01,25,TOT,18.2,-4.3,-0.4,-0.3,1,-1.3,0.59,-1,0.5,-4.7,-0.4,1,-11.5
224,Buck Farmer\farmebu01,28,DET,67.2,7.2,0.7,0.6,6.4,-5.7,1.19,-0.2,0.7,1.6,0.2,0.99,0.6
225,Kyle Farmer\farmeky01,28,CIN,1.1,0.8,0.1,0,0,0,0.01,0,0.1,1,0.1,0.81,0.9
226,Luke Farrell\farrelu01,28,TEX,13.1,3.6,0.3,0.3,0.7,-0.4,0.68,0.3,0.1,3.8,0.3,0.93,4.2
227,Erick Fedde\feddeer01,26,WSN,78,2.1,0.2,1,5.3,-4.4,0.84,0.4,0.7,4.1,0.4,0.93,2.2
228,Tim Federowicz\federti01,31,TEX,1,-0.2,0,0,0,0,0,,,-0.4,0,1.06,-1
229,Ryan Feierabend*\feierry01,33,TOR,5.2,-3.8,-0.3,-0.2,0.3,-0.5,0.62,-0.4,0,-3.8,-0.3,0.99,-4.1
230,Michael Feliz\felizmi01,26,PIT,56.1,1.9,0.2,-0.7,4,-4.7,0.9,-0.2,-0.6,-0.4,0,0.98,-0.3
231,Caleb Ferguson*\ferguca01,22,LAD,44.2,-3.6,-0.4,-0.5,1.9,-2.4,0.6,-0.1,-0.7,-6.4,-0.6,0.92,-3.4
232,Jose Fernandez*\fernajo04,26,DET,3.2,-4.9,-0.4,-0.1,0.1,-0.1,0.28,-0.3,0.1,-2.1,-0.2,0.98,-4.3
233,Junior Fernandez\fernaju01,22,STL,11.2,-1.1,-0.1,-0.8,0.8,-1.6,0.95,0,-0.9,-2.7,-0.3,1.11,-0.7
234,Matt Festa\festama01,26,SEA,22.1,-3.2,-0.3,-0.7,1.2,-1.8,0.76,-0.6,-0.3,-5.6,-0.5,0.92,-4.9
235,Mike Fiers\fiersmi01,34,OAK,184.2,11.1,1.1,2.3,13.9,-11.5,0.97,2,0.4,18.6,1.9,0.88,22.2
236,Heath Fillmyer\fillmhe01,25,KCR,22.1,-7.3,-0.7,-1.1,1.3,-2.4,0.92,-0.8,-0.4,-9.7,-0.9,0.96,-8.2
237,Jack Flaherty\flaheja01,23,STL,196.1,35.5,3.7,4.2,14.9,-10.7,0.97,4,0.3,40,4.2,0.84,45.8
238,Chris Flexen\flexech01,24,NYM,13.2,-4.6,-0.4,-1.3,0.9,-2.2,1.15,-0.3,-0.9,-5.8,-0.6,1.07,-5.3
239,Dylan Floro\florody01,28,LAD,46.2,-1.1,-0.1,-0.9,3.5,-4.4,1.08,0.6,-1.4,-3.7,-0.4,0.99,2
240,Brian Flynn*\flynnbr01,29,KCR,29.1,-1.3,-0.1,-0.7,1.9,-2.6,0.95,-0.7,0,-2.6,-0.2,1.02,-6.3
241,Mike Foltynewicz\foltymi01,27,ATL,117,-0.6,-0.1,-0.2,7.8,-8,0.88,0,-0.3,-2.7,-0.3,0.87,0.2
242,Wilmer Font\fontwi01,29,TOT,84.1,0.5,0,0.3,5.3,-5,0.77,-0.7,1,0.6,0.1,0.93,-4.6
243,Mike Ford\fordmi01,26,NYY,2,-3.8,-0.3,0,0,0,0,,,-3.9,-0.3,0.91,-3.2
244,Ty France\francty01,24,SDP,2,0.2,0,0,0,0,0,,,0,0,0.75,0.1
245,Enderson Franco\francen01,26,SFG,5.1,0.8,0.1,0.2,0.4,-0.2,0.93,0.2,0.1,1.7,0.2,0.8,0.1
246,Caleb Frare*\frareca01,25,CHW,2.2,-1.4,-0.1,-0.1,0.1,-0.1,0.39,-0.2,0,-2.1,-0.2,1.29,-1.1
247,Kyle Freeland*\freelky01,26,COL,104.1,-15.4,-1.4,-2.4,6.7,-9,0.85,-2.1,-0.6,-23.7,-2,0.93,-25.6
248,Mike Freeman\freemmi01,31,CLE,2,-0.7,-0.1,0,0,0,0,,,-0.9,-0.1,0.69,-0.3
249,Sam Freeman*\freemsa01,32,LAA,2,0.2,0,0,0,0,0.21,-0.1,0.1,0.4,0,1.45,-1
250,Max Fried*\friedma01,25,ATL,165.2,9.1,0.9,0.7,11.9,-11.2,0.9,1.3,-0.6,12.2,1.2,0.91,13.2
251,Jace Fry*\fryja01,25,CHW,55,-1.7,-0.2,-1,3.3,-4.3,0.86,-0.7,-0.5,0.8,0.1,1.03,-2.9
252,Paul Fry*\frypa01,26,BAL,57.1,-4.8,-0.5,-1.1,5.1,-6.3,1.24,-0.1,-0.8,-1.9,-0.2,0.95,-0.8
253,Carson Fulmer\fulmeca01,25,CHW,27.1,-5.7,-0.5,-0.7,1.5,-2.2,0.81,-0.5,-0.4,-10.4,-1,1.03,-5
254,Drew Gagnon\gagnodr01,29,NYM,23.2,-13.3,-1.3,-0.2,1.3,-1.5,0.63,-1.2,0.9,-14.8,-1.4,0.95,-18.3
255,Giovanny Gallegos\gallegi01,27,STL,74,17.4,1.7,2,5.2,-3.2,0.9,2.3,-0.1,26.6,2.7,0.93,27.7
256,Zac Gallen\galleza01,23,TOT,80,14.5,1.5,1.5,6.7,-5.2,1.05,1.1,0.3,17.5,1.8,0.93,13
257,John Gant\gantjo01,26,STL,66.1,4.8,0.5,1.6,6.6,-5,1.27,1,0.2,7.6,0.8,0.95,10
258,Bryan Garcia\garcibr01,24,DET,6.2,-4.8,-0.4,-0.7,0.6,-1.2,1.19,-0.2,-0.4,-5.4,-0.5,1.01,-2.3
259,Edgar Garcia\garcied01,22,PHI,39,-4.4,-0.4,0.1,1.5,-1.4,0.46,-1.2,1.3,-4.1,-0.4,1.07,-10.8
260,Jarlin Garcia*\garcija04,26,MIA,50.2,7.9,0.8,0.7,3.2,-2.5,0.88,1.2,-0.5,7.3,0.7,0.94,11.7
261,Luis Garcia\garcilu03,32,LAA,62,0.1,0,-1.2,3.4,-4.7,0.78,-1.3,-0.3,-5,-0.5,1,-9.7
262,Rico Garcia\garciri01,25,COL,6,-2.6,-0.2,-0.2,0.3,-0.5,0.54,-0.4,0,-3.3,-0.3,0.85,-4.8
263,Yimi Garcia\garciyi01,28,LAD,62.1,3.5,0.3,-0.5,2.7,-3.2,0.69,0.9,-1.6,7.5,0.8,0.85,2.5
264,Amir Garrett*\garream01,27,CIN,56,7.9,0.8,0.4,6.4,-6,1.42,0,0.3,3.1,0.3,0.97,2.5
265,Reed Garrett\garrere01,26,DET,15.1,-5.4,-0.5,-0.4,0.3,-0.7,0.29,-0.7,-0.7,-7,-0.6,1.07,-8.4
266,Ryan Garton\gartory01,29,SEA,3,-2.4,-0.2,0,0,0,0.03,-0.1,0,-2.4,-0.2,0.77,-1.7
267,Kevin Gausman\gausmke01,28,TOT,102.1,-13.2,-1.2,-1.4,7,-8.4,0.94,-0.8,-0.7,-15.3,-1.4,0.98,-8.1
268,Sam Gaviglio\gavigsa01,29,TOR,95.2,0.2,0,0.5,3.4,-2.9,0.48,1.1,0,5.7,0.5,0.86,4.8
269,Cory Gearrin\gearrco01,33,TOT,55.1,3.3,0.3,0.1,4.1,-4,0.93,-0.1,0.3,4.2,0.4,0.99,-1.2
270,Domingo German\germado01,26,NYY,143,6.9,0.7,1.9,10.6,-8.7,0.93,0.8,1.3,9.3,0.9,0.88,8.1
271,Ian Gibaut\gibauia01,25,TOT,14.1,-0.4,0,-0.2,0.7,-0.9,0.66,0.2,-0.4,-1.7,-0.2,1.02,1.2
272,Kyle Gibson\gibsoky01,31,MIN,160,-7.5,-0.7,-1.5,12,-13.6,0.98,-0.8,-0.7,-12.6,-1.2,0.96,-8.6
273,Ken Giles\gileske01,28,TOR,53,16.6,1.6,2.6,7.3,-4.7,1.8,1.6,-0.2,15.5,1.5,0.88,16.9
274,Sean Gilmartin*\gilmase01,29,BAL,2.1,-3.4,-0.3,-0.4,0.3,-0.6,1.19,-0.5,0.1,-3.7,-0.3,1.04,-4.9
275,Kevin Ginkel\ginkeke01,25,ARI,24.1,6.9,0.7,1.8,2.9,-1.1,1.34,0.8,0.5,10.2,1,0.95,7.6
276,Lucas Giolito\giolilu01,24,CHW,176.2,24.7,2.5,2.7,13.8,-11.1,1,2.8,-0.2,26.1,2.6,0.87,32.2
277,Mychal Givens\givenmy01,29,BAL,63,0.9,0.1,-1.5,8.5,-10,1.74,0.1,-1,5.5,0.5,0.93,2.8
278,Tyler Glasnow\glasnty01,25,TBR,60.2,18.8,1.9,1.8,4.4,-2.6,0.89,1.9,0.1,21.8,2.3,0.87,21.9
279,Zack Godley\godleza01,29,TOT,92,-13.2,-1.3,-0.8,4.8,-5.6,0.68,-0.9,-0.3,-14.9,-1.4,0.91,-11.4
280,Jeanmar Gomez\gomezje01,31,TEX,15.1,-4.4,-0.4,-0.6,0.4,-1,0.48,-0.6,-0.7,-7.1,-0.6,1.04,-6.7
281,Tony Gonsolin\gonsoto01,25,LAD,40,5.4,0.5,0.3,2.4,-2.1,0.8,0.8,-0.4,6.3,0.7,0.89,9.4
282,Marco Gonzales*\gonzama02,27,SEA,203,4.2,0.4,0.5,14.4,-13.9,0.91,0,0.6,3.7,0.4,0.92,-0.7
283,Chi Chi Gonzalez\gonzach01,27,COL,63,-0.1,0,-0.5,4.9,-5.4,1.02,-0.3,-0.2,-5.4,-0.5,0.92,-3.4
284,Gio Gonzalez*\gonzagi01,33,MIL,87.1,9.5,1,0.9,6.6,-5.7,0.95,0.7,0.2,8.8,0.9,0.9,8
285,Nick Goody\goodyni01,27,CLE,40.2,5,0.5,0.3,3.3,-3,1.08,0.5,-0.2,3.8,0.4,0.96,7.3
286,Alex Gordon\gordoal01,35,KCR,2.1,-3.4,-0.3,0,0,0,0,,,-4.3,-0.4,1.18,-4.1
287,Trevor Gott\gotttr01,26,SFG,52.2,-0.5,-0.1,1.1,3.7,-2.6,0.95,1,0.2,7.3,0.7,0.96,11.9
288,Matt Grace*\gracema02,30,WSN,46.2,-8.1,-0.8,-1,2.1,-3.2,0.58,-1.1,-0.7,-11.5,-1.1,0.99,-12.3
289,Brusdar Graterol\gratebr01,20,MIN,9.2,0.3,0,-0.6,0.4,-1,1.06,0.1,-0.7,0,0,0.93,1.8
290,Jon Gray\grayjo02,27,COL,150,18.8,1.9,0.6,12,-11.4,1.02,0.4,0.1,14.2,1.3,0.91,6.9
291,Sonny Gray\grayso01,29,CIN,175.1,32,3.3,2.9,13.3,-10.4,0.98,2.7,0.2,34.5,3.5,0.88,33.2
292,Chad Green\greench03,28,NYY,69,2,0.2,0.2,5.2,-5.1,0.95,0,0.2,4.5,0.4,0.93,3.2
293,Shane Greene\greensh02,30,TOT,62.2,14.3,1.4,1.3,7.5,-6.2,1.69,1.4,-0.6,10.9,1,0.84,14.4
294,Luke Gregerson\gregelu01,35,STL,5.2,-2,-0.2,-0.1,0,-0.1,0.09,-0.2,-0.3,-1.4,-0.1,1.04,-1.3
295,Zack Greinke\greinza01,35,TOT,208.2,36.4,3.8,3.5,15.4,-11.9,0.95,4.1,-0.4,39.2,4,0.87,47.6
296,Zac Grotz\grotzza01,26,SEA,17.1,0.4,0,0.1,1.4,-1.4,1.05,0,0,2,0.2,0.92,1.7
297,Robert Gsellman\gsellro01,25,NYM,63.2,-4.8,-0.5,0.2,5.6,-5.4,1.09,-0.4,0.6,-3.8,-0.4,0.97,-6.8
298,Reymin Guduan*\guduare01,27,HOU,5.1,-3.8,-0.4,-0.7,0.1,-0.8,0.5,-0.4,-0.9,-6.3,-0.6,0.92,-5.3
299,Deolis Guerra\guerrde01,30,MIL,0.2,-3.3,-0.3,0,0,-0.1,0.49,-0.1,0.1,-3.6,-0.3,1.35,-2.5
300,Javy Guerra\guerrja01,33,TOT,67.2,0.5,0.1,-0.2,2.3,-2.4,0.45,0.7,-1.1,1.2,0.1,0.95,7.2
301,Javy Guerra\guerrja02,23,SDP,8.2,-0.6,-0.1,0.1,0.3,-0.2,0.46,-0.2,0.5,-0.1,0,0.86,-3.5
302,Junior Guerra\guerrju02,34,MIL,83.2,8.6,0.9,0.3,8.3,-8,1.36,1,-0.8,7.4,0.7,0.95,9.4
303,Tayron Guerrero\guerrta01,28,MIA,46,-10.5,-1,-1.2,2.1,-3.3,0.65,-1,-0.8,-16.6,-1.6,0.99,-11.6
304,Taylor Guerrieri\guerrta02,26,TEX,26.1,-1.8,-0.2,0.1,1,-0.9,0.42,-0.6,0.9,-2.7,-0.2,1.02,-5.8
305,Taylor Guilbeau*\guilbta01,26,SEA,12.1,0.9,0.1,-0.3,0.8,-1.1,0.94,0,-0.4,-0.9,-0.1,0.96,0.2
306,Jandel Gustave\gustaja01,26,SFG,24.1,2.5,0.2,-0.4,1.4,-1.8,0.92,0.4,-0.8,2.9,0.3,0.99,5.4
307,Jedd Gyorko\gyorkje01,30,TOT,0.1,0.5,0,0,0,0,0,,,0.3,0,1.04,0.3
308,Josh Hader*\haderjo01,25,MIL,75.2,15.2,1.5,3.2,11.9,-8.7,1.95,1.7,-0.1,20.6,2,0.92,19.3
309,Jesse Hahn\hahnje01,29,KCR,4.2,-4.1,-0.4,-0.4,0.3,-0.8,1.16,-0.3,-0.1,-4.6,-0.4,0.93,-3.1
310,David Hale\haleda02,31,NYY,37.2,6.5,0.6,0.6,1.6,-0.9,0.5,0.2,1.1,6.3,0.6,0.9,5.6
311,Matt Hall*\hallma02,25,DET,23.1,-6.4,-0.6,-1,0.9,-1.9,0.6,-0.4,-1.2,-7.7,-0.7,1.01,-3.8
312,Cole Hamels*\hamelco01,35,CHC,141.2,10.3,1,0.8,11.7,-10.9,1.06,0.8,-0.1,12.6,1.3,0.96,10.9
313,J.D. Hammer\hammejd01,24,PHI,19,1.9,0.2,-0.2,0.9,-1.1,0.71,0.3,-0.6,0.2,0,0.97,1.7
314,Brad Hand*\handbr01,29,CLE,57.1,9.8,0.9,1,8,-7,1.93,0.8,-0.3,12.7,1.2,0.95,12.2
315,J.A. Happ*\happja01,36,NYY,161.1,-5.3,-0.5,0.4,11,-10.7,0.86,-0.4,0.9,0,0,0.85,-2.7
316,Blaine Hardy*\hardybl01,32,DET,44.1,1.7,0.2,0.9,2.8,-1.8,0.73,0.1,1.2,-1.1,-0.1,0.88,-0.4
317,Ryne Harper\harpery01,30,MIN,54.1,4.7,0.5,-1.2,3.9,-5,1,0.3,-1.4,0.9,0.1,1,5.2
318,Will Harris\harriwi10,34,HOU,60,19.5,1.9,2.4,5.9,-3.5,1.26,2.1,-0.2,22.2,2.1,0.88,23.9
319,Donnie Hart*\hartdo01,28,TOT,7.2,4.1,0.4,0.2,0.4,-0.1,0.54,0.3,0.1,3.9,0.4,0.86,3.8
320,Geoff Hartlieb\hartlge01,25,PIT,35,-17.5,-1.7,-1,0.9,-1.9,0.42,-1.7,-0.6,-21,-2,1.02,-16
321,Hunter Harvey\harvehu01,24,BAL,6.1,2.5,0.2,0.2,0.7,-0.4,1.27,0.1,0,2.7,0.3,0.85,1.7
322,Joe Harvey\harvejo01,27,TOT,18,-0.2,0,0.1,0.7,-0.6,0.44,-0.4,0.7,-4.5,-0.4,1.07,-3.7
323,Matt Harvey\harvema01,30,LAA,59.2,-15.9,-1.4,-0.6,4.3,-4.8,0.93,-0.7,0.1,-9.8,-0.9,0.92,-9.4
324,Andrew Heaney*\heanean01,28,LAA,95.1,-2.5,-0.2,-0.3,6.8,-7.1,0.91,-0.1,-0.2,0,0,0.87,-1
325,Taylor Hearn*\hearnta01,24,TEX,0.1,-3.5,-0.3,-0.4,0.1,-0.4,1.32,-0.2,0,-5.1,-0.4,1.6,-3.1
326,Ben Heller\hellebe01,27,NYY,7.1,2.9,0.3,0.2,0.4,-0.1,0.55,0.1,0.3,3.1,0.3,0.86,1.7
327,Jeremy Hellickson\hellije01,32,WSN,39,-7.6,-0.7,-0.8,2.4,-3.2,0.81,-0.7,-0.2,-8.4,-0.8,0.97,-7.7
328,Ryan Helsley\helslry01,24,STL,36.2,5.7,0.6,0.1,1.7,-1.7,0.59,0.2,-0.1,2,0.2,0.96,2
329,Heath Hembree\hembrhe01,30,BOS,39.2,3.4,0.3,1,2.8,-1.9,0.76,-0.1,1.4,5.2,0.5,0.98,1.8
330,Kyle Hendricks\hendrky01,29,CHC,177,17.1,1.7,2.8,13.4,-10.7,0.95,2.1,0.9,16.9,1.7,0.88,24.3
331,Liam Hendriks\hendrli01,30,OAK,85,25.7,2.5,1.5,10.2,-8.7,1.59,2.2,-1.2,25.5,2.6,0.96,28.2
332,Jimmy Herget\hergeji01,25,CIN,6.1,0.5,0,0,0,0,0.05,-0.2,0.4,-1.1,-0.1,0.96,-1.9
333,Darwinzon Hernandez*\hernada02,22,BOS,30.1,0.5,0.1,-0.1,2.1,-2.1,0.83,-0.1,0,-0.4,0,0.95,-0.7
334,David Hernandez\hernada01,34,CIN,42.2,-15,-1.4,-1.2,3.9,-5.1,1.2,-1.1,0.1,-15.6,-1.5,1.01,-14.4
335,Elieser Hernandez\hernael01,24,MIA,82.1,-7.2,-0.7,-1.1,5,-6.1,0.84,-1,-0.3,-6.2,-0.6,0.88,-10.5
336,Felix Hernandez\hernafe02,33,SEA,71.2,-18.8,-1.7,-1.2,5,-6.2,0.9,-1.8,0.4,-18,-1.7,0.91,-20.2
337,Jonathan Hernandez\hernajo02,22,TEX,16.2,1,0.1,0.4,1.4,-1,0.92,-0.1,0.5,-1.7,-0.2,0.98,-0.3
338,Kelvin Herrera\herreke01,29,CHW,51.1,-8,-0.8,-1,3.7,-4.7,0.95,-0.3,-0.8,-11.4,-1.1,1.03,-4.4
339,David Hess\hessda01,25,BAL,80,-22.8,-2.1,-2.6,4.8,-7.4,0.81,-2.6,-0.6,-27.8,-2.5,0.9,-30.2
340,Jordan Hicks\hicksjo03,22,STL,28.2,4.2,0.4,0.3,3.3,-3,1.63,0.7,-0.6,4.7,0.5,0.85,6.9
341,Trevor Hildenberger\hildetr01,28,MIN,16.1,-9.9,-0.9,0,1.9,-1.9,1.25,-0.9,0.9,-9.6,-0.9,1.17,-10.6
342,Rich Hill*\hillri01,39,LAD,58.2,10.5,1.1,0.7,4.4,-3.7,0.99,0.5,0.3,8.5,0.9,0.91,5.6
343,Tim Hill*\hillti01,29,KCR,39.2,5,0.5,0.6,3,-2.4,0.95,0.6,0,4.6,0.4,1.06,6.9
344,Yoshihisa Hirano\hiranyo01,35,ARI,53,-2,-0.2,-1.1,6,-7,1.55,-0.1,-0.6,1.5,0.1,1.03,0
345,Jeff Hoffman\hoffmje02,26,COL,70,-7.3,-0.7,-1.1,5.2,-6.3,0.93,-1,-0.1,-10.4,-0.9,0.9,-11.1
346,Bryan Holaday\holadbr01,31,MIA,0.1,0.3,0,0,0,0,0,,,0.8,0.1,2.5,0.3
347,Jonathan Holder\holdejo02,26,NYY,41.1,-9.2,-0.9,-1.1,2.9,-4.1,0.97,-0.1,-1,-12,-1.1,0.91,-4
348,Derek Holland*\hollade01,32,TOT,84.1,-17.5,-1.7,-1.9,3.3,-5.2,0.57,-1.4,-1.9,-18.3,-1.8,0.95,-12.3
349,Greg Holland\hollagr01,33,ARI,35.2,0.4,0,0.1,4.8,-4.7,1.87,0.1,-0.1,0.6,0.1,0.9,3.6
350,Clay Holmes\holmecl01,26,PIT,50,-8.6,-0.8,-1,1.8,-2.8,0.55,-0.7,-1.1,-8.2,-0.8,1.09,-7.9
351,Adrian Houser\housead01,26,MIL,111.1,9.3,0.9,0.2,8.5,-8.3,1,0.8,-0.5,7.2,0.7,0.93,9.4
352,Sam Howard*\howarsa01,26,COL,19,-2.8,-0.3,-0.1,1,-1,0.65,-0.5,0.4,-4.4,-0.4,1.06,-4.4
353,James Hoyt\hoytja01,32,CLE,8.1,2.6,0.3,0.1,0.4,-0.3,0.57,0,0.3,2.6,0.2,0.73,1.2
354,Wei-Chieh Huang\huangwe01,25,TEX,5.2,0.1,0,0,0.1,-0.1,0.18,-0.3,0.3,-2.4,-0.2,1.2,-3.6
355,Dakota Hudson\hudsoda02,24,STL,174.2,13.7,1.4,2,14.4,-12.5,1.06,0.5,1.4,11.2,1.1,0.95,3.8
356,Daniel Hudson\hudsoda01,32,TOT,73,15.5,1.5,1.8,7.2,-5.4,1.32,1.2,0.2,15.7,1.5,0.96,14.1
357,Jared Hughes\hugheja02,33,TOT,71.1,2.9,0.3,-0.1,5,-5.1,0.93,0.8,-0.9,-1.5,-0.1,0.89,3.8
358,Danny Hultzen*\hultzda01,29,CHC,3.1,1.8,0.2,-0.2,0,-0.2,0.38,-0.1,-0.4,-2.4,-0.2,1.28,-0.7
359,Tommy Hunter\hunteto02,32,PHI,5.1,2.8,0.3,0.2,0.3,-0.1,0.74,0.3,0,2.7,0.3,0.77,3.5
360,Raisel Iglesias\iglesra01,29,CIN,67,3.9,0.4,-0.9,9.8,-10.8,1.94,0.3,-0.8,0.6,0.1,0.91,5.4
361,Cole Irvin*\irvinco01,25,PHI,41.2,-5.5,-0.5,0,2.5,-2.5,0.77,-0.1,0.1,-6.5,-0.6,0.97,-0.6
362,Edwin Jackson\jacksed01,35,TOT,67.2,-37.8,-3.2,-3.7,4.6,-8.3,0.87,-3.7,-0.6,-45.1,-3.8,0.97,-40.8
363,Jay Jackson\jacksja01,31,MIL,30.1,0.7,0.1,-0.2,1.1,-1.2,0.5,-0.1,-0.2,1.2,0.1,0.99,0.5
364,Luke Jackson\jackslu01,27,ATL,72.2,5.3,0.5,1.5,10.9,-9.4,1.85,0.3,0.5,5.2,0.5,1.01,2.6
365,Josh James\jamesjo02,26,HOU,61.1,-0.1,0,0.2,4.8,-4.6,1.01,0.3,-0.1,3.5,0.3,0.97,3.9
366,Kenley Jansen\janseke01,31,LAD,63,3.3,0.3,0.4,9.9,-9.5,2.03,0.4,-0.2,4.1,0.4,0.97,5.5
367,Jeremy Jeffress\jeffrje01,31,MIL,52,-3.5,-0.3,-1.1,4.6,-5.7,1.18,-0.2,-0.8,-2.9,-0.3,0.9,-0.4
368,Dan Jennings*\jennida01,32,WSN,4.2,-4.5,-0.4,-0.7,0.3,-1,0.98,-0.3,-0.5,-6.7,-0.6,1.23,-3.6
369,Williams Jerez*\jerezwi01,27,TOT,10.1,0.4,0,-0.1,0.8,-0.9,0.91,-0.3,0.2,-0.6,-0.1,1.08,-3.5
370,Jake Jewell\jewelja01,26,LAA,26.1,-6,-0.6,-0.1,0.7,-0.8,0.34,-0.6,0.4,-4.4,-0.4,0.86,-7
371,Eduardo Jimenez\jimened01,24,DET,10.2,-0.9,-0.1,0,0.2,-0.2,0.18,0,0.2,-0.1,0,0.96,-0.8
372,Joe Jimenez\jimenjo02,24,DET,59.2,2.1,0.2,-0.6,6.7,-7.4,1.45,-0.4,-0.1,1.8,0.2,0.86,-1.3
373,Brian Johnson*\johnsbr02,28,BOS,40.1,-5,-0.5,-0.9,2.6,-3.5,0.86,-0.6,-0.5,-10.8,-1,0.95,-7.9
374,DJ Johnson\johnsdj01,29,COL,25,0.9,0.1,0.4,2.4,-1.9,1.11,-0.1,0.5,-1.2,-0.1,1.05,-0.3
375,Nate Jones\jonesna01,33,CHW,10.1,1.6,0.2,-0.1,0.6,-0.7,0.72,0,-0.1,2.7,0.3,1.11,-0.2
376,Caleb Joseph\josepca01,33,ARI,1.1,0.8,0.1,0,0,0,0,,,0.7,0.1,0.57,1.2
377,Jakob Junis\junisja01,26,KCR,175.1,-8.9,-0.8,-1.1,13.4,-14.4,0.99,-1,0,-8.5,-0.8,0.91,-9.9
378,Ariel Jurado\juradar01,23,TEX,122.1,-11.2,-1.1,-1.3,8.7,-10,0.91,-1.2,-0.2,-17.4,-1.5,0.91,-15.3
379,Tommy Kahnle\kahnlto01,29,NYY,61.1,5.6,0.5,1.7,5.6,-4,1.06,1,0.6,9.2,0.9,0.95,12.2
380,James Karinchak\karinja01,23,CLE,5.1,2,0.2,0,0,0,0.08,0.1,-0.2,1.3,0.1,0.98,1.3
381,Nate Karns\karnsna01,31,BAL,5.1,2.5,0.2,-0.1,0.4,-0.5,0.94,-0.1,0,0,0,0.97,-0.5
382,Anthony Kay*\kayan01,24,TOR,14,-1.5,-0.1,-0.1,1.2,-1.3,1.22,0.1,-0.2,-0.3,0,0.99,0.5
383,Keone Kela\kelake01,26,PIT,29.2,7.7,0.8,0.3,3.3,-3,1.44,0.5,-0.3,8.1,0.8,0.92,8.2
384,Brad Keller\kellebr01,23,KCR,165.1,10.9,1.1,0.4,13,-12.5,1,0.8,-0.4,9.6,0.9,0.93,10.7
385,Kyle Keller\kelleky01,26,MIA,10.2,1.4,0.1,0.3,0.6,-0.3,0.59,0,0.6,1.9,0.2,0.93,-0.2
386,Mitch Keller\kellemi03,23,PIT,48,-15.6,-1.4,-1.4,3,-4.5,0.82,-1.4,-0.3,-16.7,-1.5,0.95,-15.6
387,Shawn Kelley\kellesh01,35,TEX,47.1,1.7,0.2,0.7,6,-5.3,1.54,-0.5,0.9,1.4,0.1,0.94,-5.8
388,Trevor Kelley\kelletr01,25,BOS,8.1,-3,-0.3,-0.6,0.6,-1.2,1.11,-0.5,-0.1,-3.9,-0.4,0.92,-5.7
389,Joe Kelly\kellyjo05,31,LAD,51.1,-3.9,-0.4,-0.6,3.7,-4.3,1.02,-0.1,-0.5,-3.1,-0.3,0.97,-1
390,Merrill Kelly\kellyme01,30,ARI,183.1,1.5,0.2,0.2,12.7,-12.5,0.89,0.8,-0.6,-0.6,-0.1,0.91,8.1
391,Ian Kennedy\kenneia01,34,KCR,63.1,10,1,1.2,7.5,-6.4,1.63,0.9,-0.1,9.5,0.9,0.96,10.8
392,Clayton Kershaw*\kershcl01,31,LAD,178.1,24.3,2.5,2.8,13.1,-10.3,0.95,2.6,0.3,31.5,3.4,0.87,30.7
393,Dallas Keuchel*\keuchda01,31,ATL,112.2,9.9,1,1.5,9.6,-8.1,1.04,0.2,1.2,13.7,1.4,0.95,2.9
394,Yusei Kikuchi*\kikucyu01,28,SEA,161.2,-22.7,-2.1,-2.2,11.3,-13.5,0.91,-3.3,0.8,-22,-2.1,0.9,-33.9
395,Craig Kimbrel\kimbrcr01,31,CHC,20.2,-4.1,-0.4,-1,3,-4,1.82,-0.6,0,-4.1,-0.4,0.94,-6
396,Mike King\kingmi01,24,NYY,2,0.7,0.1,0,0,0,0.06,0,0,0.2,0,1.1,0.5
397,Nick Kingham\kinghni01,27,TOT,55.2,-16.6,-1.5,-1,3.3,-4.4,0.77,-1.2,-0.1,-13.8,-1.2,0.94,-13.1
398,Tyler Kinley\kinlety01,28,MIA,49.1,4.2,0.4,0,3.4,-3.4,0.92,0.2,-0.3,1.8,0.2,1.02,4.3
399,Ian Kinsler\kinslia01,37,SDP,1,0.7,0.1,0,0,0,0,0,0,0.5,0.1,1.55,-0.2
400,Brandon Kintzler\kintzbr01,34,CHC,57,11.3,1.1,1.1,5.3,-4.2,1.21,1.1,-0.2,16.1,1.6,0.94,12.6
401,Andrew Kittredge\kittran01,29,TBR,49.2,1.6,0.2,0.2,2.8,-2.5,0.73,0.3,0,1.6,0.2,0.9,2.7
402,Branden Kline\klinebr01,27,BAL,41,-4.7,-0.5,-0.8,2.5,-3.3,0.8,-0.8,-0.2,-4.7,-0.4,0.97,-8.4
403,Corey Kluber\klubeco01,33,CLE,35.2,-4.6,-0.4,-0.6,3,-3.6,1.08,-0.2,-0.4,-7.2,-0.6,1.02,-3.7
404,Matt Koch\kochma01,28,ARI,20.2,-9.8,-0.9,0,0.2,-0.2,0.12,-0.3,0,-8.7,-0.8,1,-10.6
405,Adam Kolarek*\kolarad01,30,TOT,55,7.2,0.7,1.3,4.7,-3.4,1.08,0.5,0.6,6.1,0.6,0.97,5.9
406,Joel Kuhnel\kuhnejo01,24,CIN,9.2,0.2,0,0.4,0.6,-0.3,0.67,0.3,0.3,0.3,0,0.93,1.2
407,Brady Lail\lailbr01,25,NYY,2.2,-1.5,-0.1,0.1,0.1,0,0.37,0,0.2,-1.4,-0.1,0.88,0.2
408,Travis Lakins\lakintr01,25,BOS,23.1,2.4,0.2,-0.4,1.5,-1.9,0.9,0.1,-0.6,1.4,0.1,0.97,2.7
409,Peter Lambert\lambepe01,22,COL,89.1,-15.8,-1.5,-1.7,7.2,-8.9,1,-1.6,-0.1,-18.9,-1.6,0.96,-19.2
410,Dinelson Lamet\lametdi01,26,SDP,73,0.3,0,-0.4,5.4,-5.7,1,0,-0.4,-0.9,-0.1,0.97,1.4
411,Eric Lauer*\lauerer01,24,SDP,149.2,-4.9,-0.5,-0.7,11.8,-12.5,1.02,-0.3,-0.5,-5.2,-0.5,0.91,-4.4
412,Derek Law\lawde01,28,TOR,60.2,-2.6,-0.2,-0.8,5.7,-6.5,1.21,-0.9,0.2,-9.7,-0.9,1.02,-10.1
413,Mike Leake\leakemi01,31,TOT,197,-3.9,-0.4,-0.2,12.9,-13.1,0.82,-1.7,1.5,-9.1,-0.9,0.86,-14.5
414,Wade LeBlanc*\leblawa01,34,SEA,121.1,-17.9,-1.7,-1.7,6.9,-8.6,0.75,-1.7,-0.5,-20.1,-1.9,0.92,-18.5
415,Jose Leclerc\leclejo01,25,TEX,68.2,6.6,0.6,0.3,7.8,-7.5,1.48,0.4,-0.2,1.6,0.1,0.98,7.1
416,Dominic Leone\leonedo01,27,STL,40.2,-6.2,-0.6,-0.1,1.6,-1.7,0.53,-0.1,-0.1,-8.3,-0.8,0.94,-4.1
417,Jon Lester*\lestejo01,35,CHC,171.2,-4.4,-0.4,-0.1,13.4,-13.4,0.94,-1.8,1.7,-9,-0.9,0.94,-18.6
418,Francisco Liriano*\liriafr01,35,PIT,70,5.2,0.5,0.1,5.6,-5.6,1.07,0.4,-0.4,3.7,0.4,1,3.5
419,Zack Littell\litteza01,23,MIN,37,8,0.8,0.9,3,-2.1,1.01,0.5,0.4,7.7,0.7,0.91,5.7
420,Ben Lively\livelbe01,27,KCR,1,-2.2,-0.2,-0.1,0,-0.1,0.42,-0.1,-0.1,-2.4,-0.2,1.06,-1.5
421,Jonathan Loaisiga\loaisjo01,24,NYY,31.2,0.4,0,-0.3,1.8,-2.1,0.86,-0.3,0,-0.6,-0.1,0.97,-3.9
422,Walker Lockett\lockewa01,25,NYM,22.2,-10.7,-1,-0.7,1.7,-2.4,0.93,-0.8,0,-5.9,-0.6,0.88,-7.9
423,Jorge Lopez\lopezjo02,26,KCR,123.2,-21.7,-2,-1.9,7.8,-9.7,0.83,-1.7,-0.5,-24.2,-2.2,0.92,-19.9
424,Pablo Lopez\lopezpa01,23,MIA,111.1,-9.2,-0.9,-0.4,8,-8.4,0.95,-0.1,-0.2,-5.8,-0.6,0.91,-1.3
425,Reynaldo Lopez\lopezre01,25,CHW,184,-16.6,-1.5,-1.6,14,-15.6,0.98,-2.5,0.9,-16.3,-1.5,0.93,-27.5
426,Yoan Lopez\lopezyo01,26,ARI,60.2,6,0.6,-0.7,5.2,-5.9,1.19,0.4,-0.9,3.8,0.4,0.92,4.9
427,Michael Lorenzen\lorenmi01,27,CIN,83.1,14.7,1.5,2.2,8.3,-6.1,1.28,1.3,0.4,13.6,1.3,0.93,14.5
428,Aaron Loup*\loupaa01,31,SDP,3.1,1.8,0.2,0.1,0.3,-0.1,1.09,0.1,0,2.1,0.2,1.28,1.2
429,Richard Lovelady*\lovelri01,23,KCR,20,-5.6,-0.5,-1.4,0.9,-2.3,0.86,-0.5,-1.1,-8.4,-0.8,1,-4.4
430,Josh Lucas\lucasjo02,28,BAL,15.2,-2.2,-0.2,0.1,0.3,-0.3,0.23,-0.1,0.3,-2.3,-0.2,0.93,-0.1
431,Joey Lucchesi*\lucchjo01,26,SDP,163.2,2.9,0.3,1.2,12.6,-11.5,0.98,0.2,1,9.7,1,0.86,1.5
432,Elvis Luciano\luciael01,19,TOR,33.2,-2.2,-0.2,-0.1,0.6,-0.7,0.22,-0.5,0,0.8,0.1,1.1,-2.7
433,Seth Lugo\lugose01,29,NYM,80,12.1,1.2,3.2,9.5,-6.3,1.55,1.8,0.3,16.1,1.7,0.89,21.1
434,Jesus Luzardo*\luzarje01,21,OAK,12,4.3,0.4,0.8,1.3,-0.5,1.41,0.4,0.2,4.7,0.5,0.87,3.7
435,Jordan Lyles\lylesjo01,28,TOT,141,2,0.3,0.8,10.5,-9.7,0.94,-0.5,1.3,3.7,0.4,0.89,-5.3
436,Lance Lynn\lynnla01,32,TEX,208.1,32.3,3.2,2.4,15.3,-12.9,0.92,1.6,1,32,3,0.91,23.6
437,Tyler Lyons*\lyonsty01,31,TOT,12.2,-2.2,-0.2,-0.8,0.9,-1.7,1.1,-0.3,-0.4,-2.1,-0.2,0.99,-1.8
438,Kenta Maeda\maedake01,31,LAD,153.2,4,0.4,2,10.8,-8.8,0.93,1.8,0.3,10.2,1,0.87,16.4
439,Matt Magill\magilma01,29,TOT,50.2,-0.3,0,0,3.8,-3.8,0.99,-0.4,0.4,-5.4,-0.5,0.94,-5.7
440,Tyler Mahle\mahlety01,24,CIN,129.2,-9.3,-0.9,-1,8.8,-9.8,0.88,-0.1,-1,-6.7,-0.6,0.85,-1.5
441,Luke Maile\mailelu01,28,TOR,2,1.2,0.1,0,0,0,0,,,1.1,0.1,0.96,1.1
442,Sean Manaea*\manaese01,27,OAK,29.2,11.3,1.2,1.2,2.1,-0.8,0.85,1.1,0.3,12,1.4,0.85,11.9
443,Joe Mantiply*\mantijo01,28,NYY,3,-1.3,-0.1,-0.1,0.2,-0.3,0.75,-0.2,0.1,-1.6,-0.1,0.69,-2.2
444,Dillon Maples\mapledi01,27,CHC,11.2,-0.8,-0.1,-0.1,0.4,-0.5,0.61,-0.1,-0.1,1.2,0.1,0.86,0.6
445,Nick Margevicius*\margeni01,23,SDP,57,-16.6,-1.5,-1,3.7,-4.8,0.86,-1.1,-0.1,-17,-1.6,0.91,-13
446,Parker Markel\markepa01,28,TOT,22,-8.9,-0.8,-0.2,0.7,-0.9,0.43,-0.9,0.5,-9.4,-0.9,1.07,-8.3
447,German Marquez\marquge01,24,COL,174,8.4,0.8,0.9,12.4,-11.5,0.9,1.5,-0.6,5.3,0.5,0.87,16.5
448,Evan Marshall\marshev01,29,CHW,50.2,11.6,1.1,0.3,4.8,-4.5,1.29,1,-0.8,3.9,0.4,0.94,10.2
449,Brett Martin*\martibr01,24,TEX,62.1,1.7,0.2,-0.1,3.7,-3.9,0.78,0.2,-0.4,-2,-0.2,1.02,1.2
450,Chris Martin\martich02,33,TOT,55.2,8.9,0.9,1.3,5.8,-4.5,1.33,0.8,0.2,8.5,0.8,0.84,8.1
451,Corbin Martin\martico02,23,HOU,19.1,-2.4,-0.2,-0.3,1.3,-1.6,0.8,-0.6,0.2,-3.8,-0.4,0.87,-7.5
452,Russell Martin\martiru01,36,LAD,4,2.1,0.2,0,0,0,0,0.1,0.3,2,0.2,0.87,2.2
453,Carlos Martinez\martica04,27,STL,48.1,6.4,0.6,1.8,7.1,-5.3,1.92,0.8,0.1,8.4,0.8,0.96,9.8
454,Nick Martini*\martini02,29,OAK,1,0.7,0.1,0,0,0,0,,,0.6,0.1,1.4,0.1
455,James Marvel\marveja01,25,PIT,17.1,-7.3,-0.7,-0.6,1.3,-1.9,1.06,-0.9,0.3,-7.9,-0.7,1,-9.3
456,Jeff Mathis\mathije01,36,TEX,2,-0.6,-0.1,0,0,0,0,,,-1,-0.1,0.85,-0.8
457,Phil Maton\matonph01,26,TOT,36.2,-7.2,-0.7,-0.3,1,-1.3,0.4,-0.4,-0.4,-6.4,-0.6,0.91,-4.1
458,Steven Matz*\matzst01,28,NYM,160.1,-4.1,-0.4,-0.7,12.9,-13.6,1.06,-0.4,-0.2,-6.4,-0.6,0.93,-6.1
459,Dustin May\maydu01,21,LAD,34.2,1.3,0.1,-0.2,3.1,-3.3,1.24,0.6,-0.7,1.2,0.1,0.91,6
460,Trevor May\maytr01,29,MIN,64.1,11.4,1.1,1.3,6.5,-5.2,1.29,0.9,0.1,13.7,1.3,0.9,13.4
461,Mike Mayers\mayermi01,27,STL,19,-4.5,-0.4,-0.3,0.8,-1.1,0.52,-0.2,-0.4,-1.8,-0.2,1,-2
462,Tim Mayza*\mayzati01,27,TOR,51.1,-1.5,-0.1,-0.6,3.9,-4.5,0.97,-0.3,-0.3,-2.6,-0.3,0.99,-3.5
463,Chris Mazza\mazzach01,29,NYM,16.1,-2.3,-0.2,-0.6,0.6,-1.2,0.59,-0.1,-0.8,-3,-0.3,1.04,-3.2
464,Kevin McCarthy\mccarke01,27,KCR,60.1,2.3,0.2,-0.5,4.3,-4.8,0.99,0.3,-0.8,0.5,0.1,1.09,3.4
465,Reggie McClain\mcclare01,26,SEA,21,-3.4,-0.3,-0.2,0.8,-1.1,0.65,0.1,-0.5,-4,-0.4,1,-1.5
466,T.J. McFarland*\mcfartj01,30,ARI,56,-3.4,-0.3,-0.8,2.7,-3.5,0.65,-0.4,-0.8,-8,-0.8,1.01,-5.4
467,Jake McGee*\mcgeeja01,32,COL,41.1,2,0.2,-0.7,1.9,-2.6,0.64,-0.5,-0.5,-7.3,-0.6,0.98,-8.2
468,Kyle McGowin\mcgowky01,27,WSN,16,-9.1,-0.8,-0.4,0.4,-0.8,0.33,-0.5,-0.7,-10.1,-0.9,0.92,-8.9
469,Collin McHugh\mchugco01,32,HOU,74.2,0,0,-0.1,4.1,-4.1,0.71,0.2,-0.3,0.8,0.1,0.89,3.7
470,Brendan McKay*\mckaybr01,23,TBR,49,-4.7,-0.4,-0.4,3.7,-4.1,0.99,-0.2,-0.2,-4.2,-0.4,0.92,-2.6
471,David McKay\mckayda02,24,TOT,26.1,-1.8,-0.2,0.4,1.4,-1,0.62,0.2,0.5,0.5,0,0.96,2
472,Alex McRae\mcraeal01,26,PIT,26.2,-14.5,-1.3,-1.2,1.8,-3.1,0.9,-1.2,-0.2,-14,-1.3,0.93,-16.8
473,John Means*\meansjo01,26,BAL,155,18.4,1.8,1,11.4,-10.4,0.94,1.6,-0.6,12.6,1.2,0.86,16.8
474,Adalberto Mejia*\mejiaad01,26,TOT,31.1,-6.9,-0.6,-0.7,2,-2.7,0.88,-0.1,-0.7,-13,-1.2,0.97,-3.7
475,Mark Melancon\melanma01,34,TOT,67.1,6.1,0.6,2,6.5,-4.5,1.19,1.1,0.6,9.5,0.9,0.98,12.1
476,Keury Mella\mellake01,25,CIN,3.2,-0.9,-0.1,0,0,0,0.1,0,0,-1.4,-0.1,1.15,-0.4
477,Tim Melville\melviti01,29,COL,33.1,1.7,0.2,0.2,2.6,-2.4,1.01,-0.1,0.3,0.9,0.1,0.96,-0.8
478,Yohander Mendez*\mendeyo01,24,TEX,4.2,0,0,-0.1,0.3,-0.4,0.65,-0.1,0,-1.8,-0.2,1.04,-1.4
479,Conner Menez*\menezco01,24,SFG,17,-1.7,-0.2,-0.5,0.8,-1.3,0.73,-0.3,-0.3,-2.6,-0.3,0.96,-2.5
480,Daniel Mengden\mengdda01,26,OAK,59.2,-2.3,-0.2,0.4,4,-3.6,0.86,0.3,0.2,2.4,0.2,0.88,0.5
481,Keynan Middleton\middlke01,25,LAA,7.2,3.1,0.3,0.1,0.7,-0.5,1.11,0.1,0,2.3,0.2,1.03,1.3
482,Miles Mikolas\mikolmi01,30,STL,184,3.2,0.3,-0.2,13.4,-13.6,0.94,0.8,-1,4.7,0.5,0.9,7.3
483,Wade Miley*\mileywa01,32,HOU,167.1,10.6,1,1.2,12.3,-11.1,0.93,0.7,0.6,9.3,0.9,0.9,8
484,Andrew Miller*\millean01,34,STL,54.2,-2.3,-0.2,-0.4,6.9,-7.3,1.65,-0.2,0,-2.7,-0.3,0.99,-2.9
485,Justin Miller\milleju02,32,WSN,15.2,0.9,0.1,-0.3,1.1,-1.3,0.85,0.1,-0.4,-0.9,-0.1,0.89,0.9
486,Shelby Miller\millesh01,28,TEX,44,-15,-1.4,-1.2,2.6,-3.8,0.88,-1.5,0,-19.7,-1.7,1.05,-14.3
487,Alec Mills\millsal02,27,CHC,36,7.3,0.7,0.4,1.9,-1.5,0.65,0.3,0.4,6.6,0.7,0.87,4.2
488,Hoby Milner*\milneho01,28,TBR,3.2,-1,-0.1,-0.1,0.2,-0.3,0.6,-0.2,0,-0.1,0,0.82,-1.4
489,Tommy Milone*\milonto01,32,SEA,111.2,-4,-0.4,-0.2,7.5,-7.7,0.88,0.3,-0.6,3.6,0.4,0.84,5.5
490,Juan Minaya\minayju01,28,CHW,27.2,2.2,0.2,-0.2,0.7,-0.9,0.34,-0.5,-0.1,-3,-0.3,1.01,-1
491,Mike Minor*\minormi01,31,TEX,208.1,34.4,3.5,3,17.6,-14.6,1.06,3.3,-0.4,36.5,3.5,0.91,39.8
492,A.J. Minter*\minteaj01,25,ATL,29.1,-7,-0.7,-1.7,3,-4.7,1.46,-0.6,-0.6,-9.9,-0.9,1.02,-5.2
493,Frankie Montas\montafr02,26,OAK,96,17,1.7,1.8,7.2,-5.4,0.94,1.6,0.3,15.8,1.6,0.91,16.7
494,Rafael Montero\montera01,28,TEX,29,8.2,0.8,1.2,2.8,-1.6,1.13,0.6,0.5,9.2,0.8,0.86,6.8
495,Jordan Montgomery*\montgjo01,26,NYY,4,-0.8,-0.1,-0.1,0.3,-0.5,0.97,-0.2,0.1,-0.9,-0.1,0.87,-2
496,Mike Montgomery*\montgmi01,29,TOT,91,-3.3,-0.3,-1.3,6.9,-8.1,0.92,-1.1,-0.3,-11.4,-1.1,0.93,-15.2
497,Andrew Moore\moorean02,25,SEA,4.2,-1.5,-0.1,-0.1,0.3,-0.4,0.8,-0.2,0.1,-0.8,-0.1,0.71,-2.4
498,Dylan Moore\mooredy01,26,SEA,1,-3.4,-0.3,0,0,0,0,,,-3.5,-0.3,1.76,-2.4
499,Matt Moore*\moorema02,30,DET,10,5.3,0.6,0.6,0.7,-0.1,0.93,0.6,0,5.4,0.6,0.73,6.9
500,Kendrys Morales\moralke01,36,TOT,1,-0.2,0,0,0,0,0,,,-0.5,0,1.49,-0.7
501,Brian Moran*\moranbr01,30,MIA,6.1,0.3,0,-0.2,0.5,-0.8,1.27,0,-0.1,-0.5,-0.1,0.98,-0.4
502,Adrian Morejon*\morejad01,20,SDP,8,-5,-0.5,-0.2,0.3,-0.5,0.54,-0.3,0,-5.4,-0.5,1.05,-4.7
503,Adam Morgan*\morgaad01,29,PHI,29.2,1.9,0.2,0.6,3.4,-2.8,1.41,0.2,0.2,2.2,0.2,0.92,4.5
504,Mike Morin\morinmi01,28,TOT,50.2,-0.5,-0.1,0.2,3.1,-3,0.9,0.5,-0.3,1.3,0.1,0.86,6.3
505,Reyes Moronta\moronre01,26,SFG,56.2,9.1,0.9,0.4,6.4,-6,1.46,0.7,-0.4,10.3,1,1.01,9.1
506,Charlie Morton\mortoch02,35,TBR,194.2,31.4,3.1,3.5,15.7,-12.2,1.04,3.7,-0.3,35.6,3.7,0.91,40.7
507,Andres Munoz\munozan01,20,SDP,23,1.4,0.1,0.4,2.3,-2,1.23,0.3,0,3.7,0.4,0.91,3.1
508,John Ryan Murphy\murphjr01,28,TOT,3,-6.8,-0.6,0,0,0,0.01,-0.2,-0.2,-7.4,-0.6,1.04,-9.1
509,Tom Murphy\murphto04,28,SEA,3,-0.3,0,0,0,0,0,,,-0.5,0,0.88,0.1
510,Harrison Musgrave*\musgrha01,27,COL,10,1.8,0.2,0.6,0.9,-0.3,0.91,0.1,0.5,1.9,0.2,1.15,1.1
511,Joe Musgrove\musgrjo01,26,PIT,170.1,-6.8,-0.7,0,12,-12,0.9,0.1,-0.1,-6.2,-0.6,0.89,2.8
512,Jimmy Nelson\nelsoji02,30,MIL,22,-5.8,-0.5,-0.3,1.3,-1.6,0.78,-0.6,0.2,-6.9,-0.6,1.06,-5
513,Hector Neris\nerishe01,30,PHI,67.2,11.5,1.1,0.9,9.7,-8.8,1.88,1.1,-0.6,14.2,1.4,0.96,14.2
514,Pat Neshek\neshepa01,38,PHI,18,-1,-0.1,0.2,1.9,-1.7,1.23,-0.1,0.2,-0.3,0,0.84,-1
515,Dovydas Neverauskas\neverdo01,26,PIT,9.1,-6.2,-0.6,-0.2,0.3,-0.5,0.46,-0.5,0.2,-6.4,-0.6,1.16,-6.2
516,Jake Newberry\newbeja01,24,KCR,31,3.8,0.4,0,1.3,-1.3,0.58,0,0,1.7,0.2,1,-3.2
517,Sean Newcomb*\newcose01,26,ATL,68.1,9.3,0.9,0.5,6.1,-5.6,1.22,0.6,-0.2,7.9,0.8,0.95,8.6
518,Juan Nicasio\nicasju01,32,PHI,47.1,-1.2,-0.1,-1,3.7,-4.7,1.03,-0.4,-0.6,-4.2,-0.4,0.98,-3.8
519,Hector Noesi\noesihe01,32,MIA,27.2,-12.4,-1.2,-1,1.5,-2.5,0.75,-0.7,-0.6,-11,-1,0.99,-7.7
520,Stephen Nogosek\nogosst01,24,NYM,6.2,-4.9,-0.5,-0.4,0,-0.4,0.3,0,-1.2,-4.5,-0.4,1.02,-3.5
521,Aaron Nola\nolaaa01,26,PHI,202.1,15,1.5,1.9,16,-14.1,1.03,1.8,0.1,20.3,2,0.9,19.4
522,Daniel Norris*\norrida01,26,DET,144.1,6.2,0.6,0.3,10.6,-10.3,0.93,0.2,0.1,8.6,0.8,0.88,3
523,James Norwood\norwoja01,25,CHC,9.1,1.4,0.1,-0.3,0.3,-0.6,0.6,0,-0.4,2.1,0.2,1.07,0.3
524,Ivan Nova\novaiv01,32,CHW,187,-3.4,-0.3,-0.9,13.9,-14.8,0.94,-1.2,0.3,-8.1,-0.8,0.91,-13.7
525,Eduardo Nunez\nunezed02,32,BOS,1,-0.3,0,0,0,0,0,,,-0.5,0,0.57,-1.7
526,Darren O'Day\odayda01,36,ATL,5.1,1.8,0.2,0.2,0.3,-0.1,0.58,0.2,0.2,2.5,0.2,0.86,2.2
527,Ryan O'Rourke*\orourry01,31,NYM,1.1,0.8,0.1,0.2,0.3,-0.1,2.81,0,0,0.8,0.1,1.02,0.4
528,Scott Oberg\obergsc01,29,COL,56,14.5,1.4,2.8,7.3,-4.5,1.64,1.4,0.3,15.8,1.4,0.95,16
529,Jake Odorizzi\odorija01,29,MIN,159,20,2,2.3,12.2,-9.9,0.98,2.1,0.3,24.8,2.5,0.89,23.6
530,Seunghwan Oh\ohse01,36,COL,18.1,-6.4,-0.6,-0.3,1.4,-1.6,0.82,-0.6,0.3,-7.6,-0.7,0.93,-7.1
531,Tyler Olson*\olsonty01,29,CLE,30.2,1.7,0.2,-0.8,1.1,-2,0.65,-0.3,-1,-4.5,-0.4,1.01,-1.7
532,Luis Ortiz\ortizlu02,23,BAL,3.1,-1.9,-0.2,-0.2,0.3,-0.4,0.97,-0.2,0,-1.5,-0.1,0.93,-2.1
533,Josh Osich*\osichjo01,30,CHW,67.2,-0.6,-0.1,0.5,3.1,-2.5,0.58,0.3,0.7,4.7,0.5,0.94,1.5
534,Jose Osuna\osunajo01,26,PIT,2.1,0.3,0,0,0,0,0.01,-0.1,0,-0.5,0,0.92,-0.3
535,Roberto Osuna\osunaro01,24,HOU,65,14.8,1.4,2.4,9.9,-7.5,1.95,2,-0.8,16.7,1.6,0.87,20
536,Corey Oswalt\oswalco01,25,NYM,6.2,-6,-0.5,-0.4,0.2,-0.6,0.54,-0.2,-0.5,-6.2,-0.5,1.12,-3.4
537,Dan Otero\oteroda01,34,CLE,29.2,-0.2,0,0.3,0.9,-0.6,0.32,-0.4,1.3,-3.4,-0.3,0.89,-8
538,Adam Ottavino\ottavad01,33,NYY,66.1,18.7,1.8,0.6,7.5,-6.8,1.45,0.9,-0.5,13.4,1.3,1,12
539,Chris Owings\owingch01,27,TOT,1.2,-2.6,-0.2,0,0,0,0,,,-2.9,-0.2,1.12,-3.2
540,Chris Paddack\paddach01,23,SDP,140.2,13.8,1.4,1.4,9.9,-8.6,0.93,1.6,-0.1,12.6,1.3,0.86,18.7
541,Emilio Pagan\paganem01,28,TBR,70,17.5,1.7,2.4,8.6,-6.2,1.61,2,-0.5,16.7,1.6,0.87,21.4
542,Joe Palumbo*\palumjo01,24,TEX,16.2,-5.9,-0.5,-0.5,1.1,-1.6,0.8,-0.9,0.3,-8,-0.7,0.91,-11.1
543,Thomas Pannone*\pannoth01,25,TOR,73,-12,-1.1,-1.6,4.4,-6,0.83,-0.7,-1.2,-11,-1,0.97,-7.8
544,Blake Parker\parkebl01,34,TOT,61.1,1,0.1,1.5,7,-5.5,1.44,0.1,0.9,3.3,0.3,0.91,0.8
545,Gerardo Parra*\parrage01,32,TOT,0,-4.3,-0.4,0,0,0,0.01,-0.1,-0.1,-3.8,-0.3,1.46,-2.5
546,Wes Parsons\parsowe01,26,TOT,34.2,-1.9,-0.2,0,2.3,-2.3,0.85,-0.8,0.7,-4.5,-0.4,1.08,-7.3
547,James Paxton*\paxtoja01,30,NYY,150.2,9.9,1,1,10.9,-10,0.91,0.8,0.3,9.5,0.9,0.89,7.3
548,Joel Payamps\payamjo01,25,ARI,4,0.2,0,0,0,0,0.13,0,-0.1,0.1,0,1.04,0
549,Pedro Payano\payanpe01,24,TEX,22,-1.8,-0.2,-0.3,1.6,-1.9,0.96,-0.4,0.1,-2.6,-0.2,0.98,-5.1
550,James Pazos*\pazosja01,28,COL,10.1,3.6,0.4,0.5,0.8,-0.3,0.85,0.2,0.4,4.5,0.4,0.86,2.8
551,Brad Peacock\peacobr01,31,HOU,91.2,6.3,0.6,0.9,6.9,-6,0.92,0.8,0.2,8.2,0.8,0.89,7.5
552,Felix Pena\penafe01,29,LAA,96.1,-1.9,-0.2,-0.5,5.4,-5.9,0.75,0,-0.6,-3.6,-0.3,0.91,2.9
553,Freddy Peralta\peralfr01,23,MIL,85,-9.7,-0.9,-0.4,6.7,-7.2,0.98,-0.7,0.3,-11.8,-1.1,0.95,-6.5
554,Wandy Peralta*\peralwa01,27,TOT,39.2,-3.8,-0.4,0.2,2.5,-2.2,0.75,-0.5,0.8,-7,-0.7,0.96,-6.7
555,Wily Peralta\peralwi01,30,KCR,40.1,-4.6,-0.4,-0.9,3.4,-4.3,1.05,-0.7,-0.1,-1.1,-0.1,1.08,-4.5
556,Jose Peraza\perazjo01,25,CIN,1.1,0.8,0.1,0,0,0,0,,,0.7,0.1,0.93,0.6
557,Luis Perdomo\perdolu02,26,SDP,72,2.3,0.2,-0.9,3.7,-4.5,0.78,0.3,-1.4,4.3,0.4,0.93,4.1
558,Cionel Perez*\perezci01,23,HOU,9,-4.8,-0.4,0.1,0.7,-0.6,0.87,-0.3,0.4,-5.3,-0.5,0.84,-1.9
559,Hernan Perez\perezhe01,28,MIL,3,0.7,0.1,0,0,0,0,0,0,0.7,0.1,0.94,0.2
560,Martin Perez*\perezma02,28,MIN,165.1,-11.1,-1,-0.3,11.3,-11.6,0.86,-0.9,0.6,-14,-1.3,0.94,-13.6
561,Oliver Perez*\perezol01,37,CLE,40.2,3.1,0.3,-0.1,3.6,-3.8,1.21,0.5,-0.6,3.5,0.3,1,5.1
562,Dillon Peters*\peterdi01,26,LAA,72,-8.5,-0.8,-1.2,4.3,-5.5,0.76,-1.8,0.1,-9.9,-0.9,0.92,-18.1
563,Tim Peterson\peterti01,28,NYM,7.1,-0.4,0,0.2,0.4,-0.2,0.43,-0.1,0.6,-0.7,-0.1,1.3,-0.5
564,Yusmeiro Petit\petityu01,34,OAK,83,16.9,1.6,2.7,7.9,-5.2,1.21,2.4,-0.2,22.9,2.3,0.88,28.5
565,Jake Petricka\petrija01,31,MIL,8,1.2,0.1,-0.1,0.1,-0.2,0.22,0,-0.5,1.1,0.1,1.09,1.1
566,David Phelps\phelpda01,32,TOT,34.1,4.5,0.4,0.2,2.9,-2.7,1.03,0.1,0.1,5.4,0.5,1.01,2.1
567,Evan Phillips\phillev01,24,BAL,28,-4.4,-0.4,-0.7,1.6,-2.3,0.75,-0.7,-0.3,-7.6,-0.7,1.08,-8
568,Michael Pineda\pinedmi01,30,MIN,146,10.4,1,1.4,10.8,-9.4,0.95,1.3,0.1,12.7,1.2,0.88,16.5
569,Ricardo Pinto\pintori01,25,TBR,2.1,-2.6,-0.2,0,0,-0.1,0.2,-0.2,0,-3.1,-0.3,0.89,-2.4
570,Nick Pivetta\pivetni01,26,PHI,93.2,-10.6,-1,-0.7,7,-7.7,0.94,-1.1,0.4,-11.5,-1.1,0.97,-12.8
571,Kevin Plawecki\plaweke01,28,CLE,2,1.2,0.1,0,0,0,0,,,1.2,0.1,0.62,1.8
572,Zach Plesac\plesaza01,24,CLE,115.2,11.9,1.2,1,8.3,-7.3,0.9,1,0.1,13.8,1.3,0.88,13.4
573,Adam Plutko\plutkad01,27,CLE,109.1,-0.4,0,0.5,7.1,-6.6,0.82,0.4,0.2,1.9,0.2,0.88,1.3
574,Colin Poche*\pocheco01,25,TBR,51.2,-0.4,0,0.6,5.8,-5.3,1.46,0.6,-0.2,4.1,0.4,0.95,6.4
575,Drew Pomeranz*\pomerdr01,30,TOT,104,-6.2,-0.6,-0.2,8.5,-8.7,1.06,-0.4,0.2,-7,-0.7,0.93,-4.6
576,Daniel Ponce de Leon\ponceda01,27,STL,48.2,3.6,0.4,0.8,3.9,-3.1,1.04,0.4,0.4,5.6,0.6,0.92,2.5
577,Sean Poppen\poppese01,25,MIN,8.1,-2.4,-0.2,0,0.2,-0.3,0.32,-0.2,0.1,-2.5,-0.2,0.96,-1.1
578,Rick Porcello\porceri01,30,BOS,174.1,-12.6,-1.2,-0.6,12.4,-13,0.91,-0.3,-0.4,-11.9,-1.1,0.91,-3.6
579,Brooks Pounders\poundbr01,28,NYM,7.1,-1.5,-0.1,0,0.5,-0.5,0.77,-0.2,0.2,-1.3,-0.1,0.89,-2.9
580,Bobby Poyner*\poynebo01,26,BOS,11.2,-2.2,-0.2,-0.4,0.6,-1,0.7,-0.1,-0.4,-2.8,-0.3,0.84,0
581,Ryan Pressly\pressry01,30,HOU,54.1,14.1,1.4,2,6.1,-4.2,1.47,1.7,-0.4,15.3,1.5,0.89,18.3
582,David Price*\priceda01,33,BOS,107.1,5.3,0.5,0.4,8.9,-8.4,1.02,0.2,0.2,1.2,0.1,0.92,2.8
583,Austin Pruitt\pruitau01,29,TBR,47,1.2,0.1,0.5,2.9,-2.5,0.82,0.6,0,2.8,0.3,0.92,4.7
584,A.J. Puk*\pukaj01,24,OAK,11.1,1.9,0.2,-0.1,0.5,-0.5,0.71,0,-0.1,1.4,0.1,0.88,1.9
585,Cal Quantrill\quantca01,24,SDP,103,-9.7,-0.9,0.2,7.3,-7.1,0.92,-0.3,0.5,-6.2,-0.6,0.92,-3.1
586,Jose Quijada*\quijajo01,23,MIA,29.2,-4.9,-0.5,-0.3,2.3,-2.6,0.93,-1.2,0.8,-5.4,-0.5,1,-13.6
587,Roman Quinn\quinnro01,26,PHI,3.1,-1,-0.1,-0.1,0.4,-0.5,1.64,0,-0.1,-0.6,-0.1,1.23,-1.2
588,Jose Quintana*\quintjo01,30,CHC,171,-6.3,-0.6,-0.7,12.1,-12.9,0.96,-0.5,-0.3,-9.6,-0.9,0.93,-4.2
589,Tanner Rainey\raineta01,26,WSN,48.1,3.9,0.4,0.2,3.5,-3.3,0.89,0.1,0.1,3.6,0.3,0.95,1.1
590,Erasmo Ramirez\ramirer02,29,BOS,3,-2,-0.2,0,0,0,0.08,-0.3,-0.3,-2.4,-0.2,0.81,-1.8
591,JC Ramirez\ramirjc01,30,LAA,8,0.4,0,0,0.1,-0.2,0.2,-0.1,-0.1,-0.1,0,0.89,-0.4
592,Neil Ramirez\ramirne01,30,TOT,25,-1.6,-0.2,-0.4,0.9,-1.3,0.51,-0.6,-0.2,-3.2,-0.3,1.05,-6
593,Nick Ramirez*\ramirni01,29,DET,79.2,3.7,0.4,-0.8,5.6,-6.4,0.89,-0.4,-0.5,-3.2,-0.3,0.97,-1.5
594,Noe Ramirez\ramirno01,29,LAA,67.2,5.4,0.5,0.7,3.5,-2.9,0.64,0.5,0.5,9,0.9,0.89,7.8
595,Yefry Ramirez\ramirye01,25,TOT,24.1,-8.9,-0.8,-0.6,0.6,-1.2,0.33,-0.9,-1,-9.8,-0.9,1.08,-9.5
596,Edubray Ramos\ramosed02,26,PHI,15,-1.5,-0.1,-0.6,0.8,-1.4,0.59,-0.7,-0.3,-6.3,-0.6,0.98,-7.2
597,Matt Ramsey\ramsema01,29,LAA,1,0.7,0.1,0,0,0,0.04,0.1,0,0.5,0.1,0.62,0.9
598,Robbie Ray*\rayro02,27,ARI,174.1,2,0.2,-0.2,12.7,-13,0.96,0.2,-0.4,5.9,0.6,0.91,3.3
599,AJ Reed*\reedaj01,26,CHW,1,0.7,0.1,0,0,0,0,,,0.5,0.1,0.62,0.9
600,Cody Reed*\reedco01,26,CIN,6.1,2.3,0.2,0,0.1,-0.1,0.22,0.1,0,2.5,0.3,1.02,1.6
601,Sean Reid-Foley\reidfse01,23,TOR,31.2,-0.7,-0.1,-0.6,2.1,-2.7,0.86,-0.9,0.2,-2.1,-0.2,0.95,-9.2
602,Zac Reininger\reiniza01,26,DET,28,-10.9,-1,-1,1,-2,0.45,-1.8,-0.5,-10.1,-0.9,0.93,-19.1
603,Alex Reyes\reyesal02,24,STL,3,-3.3,-0.3,-0.5,0.3,-0.8,1.79,-0.2,-0.1,-2.7,-0.3,1.08,-2.1
604,Gerardo Reyes\reyesge01,26,SDP,26,-9.2,-0.9,-0.7,0.9,-1.6,0.49,0,-1.4,-9.2,-0.9,0.93,0.4
605,Mark Reynolds\reynoma01,35,COL,1,-1,-0.1,0,0,0,0,,,-1.4,-0.1,1.32,-0.9
606,Jacob Rhame\rhameja01,26,NYM,6.1,-0.4,0,-0.2,0.5,-0.7,0.95,-0.3,0.1,-1.1,-0.1,0.99,-2.3
607,Clayton Richard*\richacl01,35,TOR,45.1,-7.5,-0.7,-0.8,2.9,-3.7,0.86,-0.8,-0.1,-7.5,-0.7,0.94,-8.4
608,Garrett Richards\richaga01,31,SDP,8.2,-3.6,-0.3,-0.5,0.7,-1.1,0.95,-0.3,-0.2,-4.5,-0.4,0.88,-3.4
609,Trevor Richards\richatr01,26,TOT,135.1,4.8,0.5,0.1,9.2,-9.1,0.91,0,0.1,4.4,0.4,0.9,1
610,Yacksel Rios\riosya01,26,TOT,13,-4.4,-0.4,0,0.6,-0.6,0.53,-0.5,0.4,-6.4,-0.6,1.09,-7.9
611,Tanner Roark\roarkta01,32,TOT,165.1,3,0.3,0.2,12,-11.8,0.91,-0.3,0.6,5.2,0.5,0.9,-5.9
612,Daniel Robertson\roberda10,25,TBR,1,0.7,0.1,0,0,0,0,,,0.5,0.1,0.86,0.4
613,David Robertson\roberda08,34,PHI,6.2,-0.4,0,0.1,0.8,-0.6,1.4,0,0.1,-2.4,-0.2,0.92,-1.4
614,Hansel Robles\robleha01,28,LAA,72.2,17.8,1.7,3.1,9,-5.9,1.5,1.7,0.4,17.7,1.7,0.92,20.7
615,Brady Rodgers\rodgebr01,28,HOU,5,-5.9,-0.5,-0.1,0,-0.1,0.06,-0.2,-1.2,-7.1,-0.6,0.93,-4.6
616,Fernando Rodney\rodnefe01,42,TOT,47.2,-5.9,-0.5,-2.5,3.7,-6.2,1.2,-0.4,-1.7,-8.5,-0.8,0.98,-2.5
617,Carlos Rodon*\rodonca01,26,CHW,34.2,-2.4,-0.2,-0.2,2.6,-2.7,0.94,-0.4,0.2,-3.8,-0.4,0.97,-4.3
618,Dereck Rodriguez\rodride01,27,SFG,99,-20.2,-1.9,-1.5,6.1,-7.6,0.84,-1.5,-0.4,-24.8,-2.4,0.9,-19
619,Eduardo Rodriguez*\rodried05,26,BOS,203.1,24,2.4,1.4,15,-13.6,0.95,2.1,-0.7,24.8,2.4,0.91,27.9
620,Jefry Rodriguez\rodrije01,25,CLE,46.2,0.5,0.1,-0.1,3.5,-3.6,0.96,-0.1,0,1.1,0.1,0.95,-1.1
621,Jose Rodriguez\rodrijo07,23,LAA,19.2,4.4,0.4,0.2,1,-0.8,0.68,0,0.3,4.8,0.5,0.9,-1
622,Richard Rodriguez\rodriri05,29,PIT,65.1,3.8,0.4,-0.1,5.8,-5.9,1.06,-0.3,0.3,2.8,0.3,0.92,-4.1
623,Sean Rodriguez\rodrise01,34,PHI,1.1,0.8,0.1,0,0,0,0,,,0.8,0.1,0.65,1.2
624,Chaz Roe\roech01,32,TBR,51,1.3,0.1,0.1,5.3,-5.2,1.28,0,0.1,-1.1,-0.1,1.04,-1.5
625,Josh Rogers*\rogerjo01,24,BAL,14.1,-5.7,-0.5,-0.3,0.3,-0.7,0.3,-0.7,-0.4,-6.5,-0.6,0.86,-8.5
626,Taylor Rogers*\rogerta01,28,MIN,69,16.1,1.6,3.4,11.3,-7.9,2.13,1.8,-0.2,18.6,1.8,0.92,17.6
627,Tyler Rogers\rogerty01,28,SFG,17.2,6.3,0.6,0.4,1.5,-1.1,1.19,0.5,-0.2,4.7,0.5,0.94,5.8
628,Jordan Romano\romanjo03,26,TOR,15.1,-5.2,-0.5,-0.6,1.3,-1.9,1.09,-0.6,0.1,-4.8,-0.5,0.89,-9.5
629,Sal Romano\romansa01,25,CIN,16.1,-5,-0.5,0.2,0.5,-0.2,0.31,-0.4,1.1,-6.1,-0.6,1.02,-6.5
630,Fernando Romero\romerfe01,24,MIN,14,-3.8,-0.4,0,0.4,-0.4,0.36,-0.5,0.4,-3.9,-0.4,0.99,-5.4
631,Austin Romine\rominau01,30,NYY,1,-2.3,-0.2,0,0,0,0,,,-2.4,-0.2,0.92,-3
632,Sergio Romo\romose01,36,TOT,60.1,5.6,0.5,2.9,7.8,-4.8,1.59,0.8,1,7.9,0.8,0.94,8.4
633,Hector Rondon\rondohe01,31,HOU,60.2,7.2,0.7,1.1,5.6,-4.5,1.12,0.4,0.6,9.5,0.9,0.92,7.4
634,Jose Rondon\rondojo02,25,TOT,1,0.9,0.1,0,0,0,0.04,0,0.1,0.5,0.1,1.15,0.1
635,Adonis Rosa\rosaad01,24,NYY,2,0.2,0,0,0,0,0.06,0,0.2,0.1,0,0.62,0.1
636,Randy Rosario*\rosarra01,25,TOT,14.1,-0.2,0,-0.2,0.4,-0.6,0.39,-0.2,-0.4,-2,-0.2,0.96,-0.1
637,Trevor Rosenthal\rosentr01,29,TOT,15.1,-13.7,-1.3,-0.4,0.9,-1.3,0.79,-0.7,0.2,-10.2,-0.9,1.15,-7.7
638,Joe Ross\rossjo01,26,WSN,64,-5.6,-0.5,-0.6,5,-5.6,1,-0.3,-0.3,-5.4,-0.5,0.98,-5.5
639,Tyson Ross\rossty01,32,DET,35.1,-5.7,-0.5,-0.9,2.5,-3.4,0.94,-0.6,-0.4,-9.1,-0.8,0.93,-6.2
640,Zac Rosscup*\rosscza01,31,TOT,18,-2.9,-0.3,-0.1,1.4,-1.5,0.95,-0.6,0.5,-6.5,-0.6,1.03,-7.7
641,Jose Ruiz\ruizjo01,24,CHW,40,-4.6,-0.4,-1.4,2,-3.4,0.75,-1.2,-0.6,-9.8,-0.9,1.04,-12.6
642,Nick Rumbelow\rumbeni01,27,SEA,1.1,-3.2,-0.3,-0.1,0.2,-0.3,1.52,-0.2,0.2,-4,-0.4,1.14,-3.5
643,Chris Rusin*\rusinch01,32,COL,1,-2.6,-0.2,-0.1,0,-0.1,0.37,-0.2,0,-4.5,-0.4,1.37,-3.3
644,Kyle Ryan*\ryanky01,27,CHC,61,6.1,0.6,-0.1,3.9,-4,0.9,0.1,-0.2,8.1,0.8,0.96,4.5
645,Hyun-Jin Ryu*\ryuhy01,32,LAD,182.2,38.2,4,4.5,14.3,-9.8,0.99,3.6,0.9,41.9,4.6,0.87,41.8
646,CC Sabathia*\sabatc.01,38,NYY,107.1,-6.4,-0.6,-1,7.6,-8.7,0.88,-1.6,0.4,-6.9,-0.7,0.88,-16.7
647,Casey Sadler\sadleca02,28,TOT,46.1,10.8,1.1,0.6,1.9,-1.3,0.54,0.4,0.6,7.9,0.8,0.89,4.4
648,Connor Sadzeck\sadzeco01,27,SEA,23.2,3.7,0.4,-0.3,0.8,-1.1,0.46,0.1,-0.7,-1.7,-0.2,1.05,0.7
649,Fernando Salas\salasfe01,34,PHI,2.2,-0.4,0,-0.1,0.1,-0.2,0.31,-0.1,-0.2,-0.8,-0.1,1.07,-3.5
650,Danny Salazar\salazda01,29,CLE,4,0.3,0,0,0.3,-0.3,0.97,-0.1,0.1,0.3,0,0.98,-1.3
651,Chris Sale*\salech01,30,BOS,147.1,5.5,0.5,-0.1,10.4,-10.6,0.94,1.1,-1.3,2.7,0.3,0.87,14.5
652,Jeff Samardzija\samarje01,34,SFG,181.1,13.3,1.3,1.6,12.6,-11,0.92,1.8,0,17.2,1.8,0.87,14.7
653,Adrian Sampson\sampsad01,27,TEX,125.1,-7.7,-0.7,0,9.1,-9.1,0.84,-2.1,2.1,-16.3,-1.4,0.93,-24.4
654,Aaron Sanchez\sanchaa01,26,TOT,131.1,-19.4,-1.8,-2.3,9.4,-11.7,0.95,-1.3,-1.1,-21,-1.9,0.97,-15.8
655,Anibal Sanchez\sanchan01,35,WSN,166,12.8,1.3,0.7,12.7,-12,0.98,1.2,-0.5,13.1,1.3,0.92,14.2
656,Pablo Sandoval\sandopa01,32,SFG,1,0.7,0.1,0,0,0,0,0,0,0.5,0.1,1.11,0.3
657,Patrick Sandoval*\sandopa02,22,LAA,39.1,-1.3,-0.1,-0.2,2.8,-3,0.93,-0.1,-0.2,-0.8,-0.1,0.94,-0.4
658,Dennis Santana\santade01,23,LAD,5,-1.5,-0.1,-0.2,0.2,-0.4,0.67,-0.2,-0.2,-1.9,-0.2,1.01,-1.7
659,Ervin Santana\santaer01,36,CHW,13.1,-6.6,-0.6,-0.7,0.6,-1.3,0.65,-1,0,-7.1,-0.6,0.87,-10.2
660,Hector Santiago*\santihe01,31,TOT,33.2,-7.8,-0.7,0.1,1.8,-1.7,0.61,-1,1.1,-6,-0.6,1,-9.9
661,Josh Sborz\sborzjo01,25,LAD,9,-3.6,-0.3,-0.3,0.3,-0.6,0.4,-0.2,-0.6,-2.9,-0.3,0.83,-2.4
662,Max Scherzer\scherma01,34,WSN,172.1,31.1,3.2,3.6,13.2,-9.6,0.95,3,0.9,36.4,3.7,0.86,35.5
663,Brian Schlitter\schlibr01,33,OAK,9.2,1,0.1,0,0.2,-0.2,0.17,-0.2,0.2,0.8,0.1,1.09,1.2
664,John Schreiber\schrejo01,25,DET,13,-1.5,-0.1,-0.1,0.6,-0.8,0.57,-0.2,0,-2.6,-0.2,0.99,-1.8
665,Jaime Schultz\schulja02,28,LAD,5,-1.5,-0.1,0,0,0,0.07,-0.1,0.4,-1.3,-0.1,0.94,-1.8
666,Robby Scott*\scottro02,29,ARI,7.1,-0.1,0,0.1,0.3,-0.2,0.52,-0.1,0.3,0.1,0,1.03,-1.2
667,Tanner Scott*\scottta01,24,BAL,26.1,-0.9,-0.1,-0.9,1.1,-2,0.74,-0.6,-0.6,-3.2,-0.3,1.08,-4
668,Tayler Scott\scottta02,27,TOT,16.1,-17.5,-1.6,-0.3,0.3,-0.6,0.27,-0.9,-0.2,-17.7,-1.6,1.11,-17.7
669,Sam Selman*\selmasa01,28,SFG,10.1,0.2,0,-0.3,0.4,-0.7,0.62,-0.1,-0.4,0.8,0.1,0.87,0.2
670,Antonio Senzatela\senzaan01,24,COL,124.2,-17.3,-1.6,-1,10.3,-11.4,1.01,-2,1,-20.6,-1.8,0.95,-24
671,Luis Severino\severlu01,25,NYY,12,4.3,0.4,0.3,0.8,-0.5,0.86,0.4,-0.1,4.7,0.5,0.9,5.2
672,Paul Sewald\sewalpa01,29,NYM,19.2,-0.7,-0.1,0,0.7,-0.7,0.44,0.1,-0.2,1.7,0.2,0.92,2.2
673,Justin Shafer\shafeju01,26,TOR,39.2,2.9,0.3,0.2,2.3,-2.1,0.78,0.1,0.1,1.1,0.1,1.02,-4.7
674,Bryan Shaw\shawbr01,31,COL,72,-0.2,0,-1.4,5.4,-6.7,1.03,-0.5,-0.9,-7.4,-0.7,0.95,-1.5
675,Mike Shawaryn\shawami01,24,BOS,20.1,-9.8,-0.9,-0.8,1,-1.8,0.73,-0.6,-0.5,-9.7,-0.9,1.03,-6.7
676,Justus Sheffield*\sheffju01,23,SEA,36,-3.9,-0.4,-0.2,3.4,-3.5,1.14,-0.4,0.3,-2.3,-0.2,1.01,-4.9
677,Chandler Shepherd\shephch01,26,BAL,19,-3.8,-0.3,-0.4,0.9,-1.3,0.62,-0.3,-0.3,-3.9,-0.4,0.86,-2.6
678,James Sherfy\sherfji01,27,ARI,18.1,-2.3,-0.2,0,1.2,-1.1,0.8,-0.4,0.5,0.2,0,0.99,-5.7
679,Matt Shoemaker\shoemma01,32,TOR,28.2,9,1,0.9,2.1,-1.2,0.91,0.8,0.1,9.6,1,0.82,9.3
680,Chasen Shreve*\shrevch01,28,STL,2,-0.8,-0.1,0.1,0.2,-0.1,1.19,0,0.1,-0.6,-0.1,0.79,-0.5
681,JB Shuck*\shuckja01,32,PIT,1,0.7,0.1,0,0,0,0,,,0.5,0.1,0.81,0.2
682,Lucas Sims\simslu01,25,CIN,43,0.6,0.1,0.6,2.8,-2.2,0.84,0.6,0.2,2.6,0.2,0.97,6.6
683,Tony Sipp*\sippto01,35,WSN,21,-0.2,0,-0.3,1.5,-1.8,1.06,0.2,-0.5,1.7,0.2,0.97,2.4
684,Tyler Skaggs*\skaggty01,27,LAA,79.2,2.3,0.2,0.7,6.2,-5.5,0.98,0.1,0.6,3.6,0.4,0.89,2.7
685,Eric Skoglund*\skogler01,26,KCR,21,-8.9,-0.8,-0.7,1.3,-1.9,0.78,-0.8,0,-9.3,-0.8,1,-9.7
686,Aaron Slegers\slegeaa01,26,TBR,3,0.7,0.1,0,0,0,0.14,0,0.1,0.6,0.1,0.89,-1.1
687,Devin Smeltzer*\smeltde01,23,MIN,49,3.9,0.4,0.5,3.6,-3.1,0.92,0.1,0.4,5.9,0.6,0.89,3
688,Burch Smith\smithbu03,29,TOT,21.1,-2.3,-0.2,-0.4,1.3,-1.7,0.92,-0.5,0.1,-5.7,-0.5,1.04,-7.8
689,Caleb Smith*\smithca03,27,MIA,153.1,-4.6,-0.5,0.4,10.8,-10.4,0.91,-0.5,1,-1.1,-0.1,0.87,-3.1
690,Joe Smith\smithjo05,35,HOU,25,7.7,0.7,0.5,1.5,-1,0.76,0.5,0.2,5.2,0.5,0.92,4.5
691,Josh Smith\smithjo07,31,BOS,31,-3.3,-0.3,-1,1.1,-2,0.54,-0.3,-1.5,-6.7,-0.6,0.9,-4.7
692,Josh Smith*\smithjo08,29,TOT,12.2,-2,-0.2,-0.2,0.3,-0.5,0.34,0,-0.6,-1.6,-0.2,1.07,-1.7
693,Will Smith*\smithwi04,29,SFG,65.1,11.8,1.2,5.6,10.7,-5.2,2.02,1.8,1,15.6,1.6,0.88,10.8
694,Drew Smyly*\smylydr01,30,TOT,114,-15.1,-1.4,-1.7,8.3,-10,0.91,-2.3,0.5,-14.7,-1.3,0.92,-24.3
695,Cy Sneed\sneedcy01,26,HOU,21.1,-1.4,-0.1,-0.5,0.5,-1,0.39,-0.4,-0.9,-1.1,-0.1,0.93,-1.9
696,Blake Snell*\snellbl01,26,TBR,107,2.9,0.3,0.9,8.4,-7.5,0.97,0.9,0,7.3,0.7,0.93,10.1
697,Chad Sobotka\sobotch01,25,ATL,29,-5.3,-0.5,0.1,2.1,-2,0.77,-0.5,0.6,-4.4,-0.4,1.03,-4.9
698,Joakim Soria\soriajo01,35,OAK,69,1.4,0.1,0.6,6.5,-5.9,1.25,0.9,-0.4,7,0.7,0.85,10
699,Mike Soroka\sorokmi01,21,ATL,174.2,35,3.7,3.7,14.1,-10.5,1.04,3.4,0.2,38,3.9,0.91,37.2
700,Gregory Soto*\sotogr01,24,DET,57.2,-5.4,-0.5,-1.5,3.8,-5.3,0.88,-1.1,-0.6,-7.8,-0.7,1,-11.1
701,Glenn Sparkman\sparkgl01,27,KCR,136,-18.2,-1.7,-3,8.3,-11.3,0.82,-2,-1.7,-19.8,-1.8,0.9,-16.9
702,Gabe Speier*\speiega01,24,KCR,7.1,-1.7,-0.2,-0.1,0.4,-0.5,0.7,-0.1,-0.1,-0.3,0,0.89,-0.4
703,Jeffrey Springs*\sprinje01,26,TEX,32.1,-3,-0.3,0,1.2,-1.2,0.44,-0.5,0.5,-4.1,-0.4,1.02,-5.1
704,Locke St. John*\stjohlo01,26,TEX,6.2,0.1,0,0,0.1,-0.1,0.2,-0.1,0.2,-1.1,-0.1,0.96,-0.6
705,Jacob Stallings\stallja01,29,PIT,1,0.7,0.1,0,0,0,0,,,0.5,0.1,0.62,0.8
706,Craig Stammen\stammcr01,35,SDP,82,7.2,0.7,1.6,9.9,-8.3,1.58,0.1,0.9,7.8,0.8,0.9,2.5
707,Ryne Stanek\stanery01,27,TOT,77,2.8,0.3,-1,6.4,-7.4,1.18,0.4,-1.2,-0.8,-0.1,0.92,2.7
708,Cody Stashak\stashco01,25,MIN,25,4.2,0.4,0,1.1,-1.1,0.53,-0.2,0.1,3.3,0.3,0.89,1.9
709,Max Stassi\stassma01,28,TOT,0.1,0.5,0,0,0,0,0,,,0.5,0,1.43,0.3
710,Josh Staumont\staumjo01,25,KCR,19.1,0.3,0,0.1,1.2,-1.1,0.77,-0.3,0.4,-0.3,0,0.95,-2
711,Drew Steckenrider\steckdr01,28,MIA,14.1,-2.9,-0.3,-0.7,0.9,-1.6,0.98,-0.1,-0.6,-2.7,-0.3,0.73,0.1
712,Robert Stephenson\stephro01,26,CIN,64.2,5.1,0.5,0.4,4.4,-4,0.86,0.5,-0.1,5.9,0.6,0.91,7.4
713,Brock Stewart\stewabr01,27,TOT,25.2,-14.9,-1.3,-0.3,1.2,-1.5,0.52,-1,0.4,-14.5,-1.3,0.93,-15.4
714,Kohl Stewart\stewako01,24,MIN,25.1,-4.3,-0.4,-0.5,1.3,-1.8,0.69,-0.5,-0.2,-3.9,-0.4,0.92,-5
715,Robert Stock\stockro01,29,SDP,10.2,-7.6,-0.7,-0.7,0.5,-1.2,0.79,-0.7,-0.2,-8,-0.8,1.05,-6.1
716,Matt Strahm*\strahma01,27,SDP,114.2,-4.5,-0.4,0.1,9.1,-9,0.97,-0.9,1,1.6,0.2,0.92,-10.4
717,Dan Straily\straida01,30,BAL,47.2,-24.9,-2.2,-1.1,3.1,-4.2,0.74,-2.8,1.3,-29.1,-2.5,0.92,-34.3
718,Stephen Strasburg\strasst01,30,WSN,209,30,3.1,3.5,15.8,-12.2,0.98,3.4,0.2,33.6,3.4,0.87,39.8
719,Chris Stratton\stratch01,28,TOT,76,-9.6,-0.8,-0.7,3.8,-4.5,0.65,-1,0,-12.9,-1.1,0.96,-15
720,Hunter Strickland\strichu01,30,TOT,24.1,-1.9,-0.2,-0.5,2.5,-3,1.32,-0.3,-0.1,-4.1,-0.4,0.92,-4.4
721,Ross Stripling\stripro01,29,LAD,90.2,6.1,0.6,1,6.1,-5.1,0.87,0.7,0.5,10.7,1.1,0.87,8.7
722,Marcus Stroman\stromma01,28,TOT,184.1,21.7,2.2,1.7,13.5,-11.8,0.94,1.6,0.1,19.4,2,0.92,17.3
723,Pedro Strop\stroppe01,34,CHC,41.2,-1.9,-0.2,-1.6,3.5,-5.2,1.24,0.1,-1.5,-0.9,-0.1,0.98,1.8
724,Daniel Stumpf*\stumpda01,28,DET,29,0.3,0,-0.8,2.2,-2.9,1.06,-0.6,-0.1,-1.8,-0.2,1.03,-4.6
725,Andrew Suarez*\suarean01,26,SFG,32.2,-6.2,-0.6,-0.4,2,-2.4,0.79,-0.7,0.2,-5.4,-0.5,0.99,-7.3
726,Jose Suarez*\suarejo01,21,LAA,81,-22.6,-2,-1.9,5.9,-7.7,0.9,-2.3,0.2,-22.7,-2.1,0.97,-28.3
727,Ranger Suarez*\suarera01,23,PHI,48.2,7.4,0.7,1.3,3.5,-2.2,0.84,0.4,1.2,5.2,0.5,0.91,2
728,Jesus Sucre\sucreje01,31,BAL,1,0.7,0.1,0,0,0,0,,,0.5,0.1,0.62,0.9
729,Wander Suero\suerowa01,27,WSN,71.1,1.7,0.2,-1.1,6.2,-7.3,1.25,0.9,-1.8,7,0.7,0.92,12.2
730,Cole Sulser\sulseco01,29,TBR,7.1,3.9,0.4,0,0.1,-0.1,0.23,0.3,-0.2,1.1,0.1,0.84,3.5
731,Brent Suter*\suterbr01,29,MIL,18.1,8.2,0.8,1,1.8,-0.9,1.14,0.8,0,8.4,0.9,0.77,9.6
732,Erik Swanson\swanser01,25,SEA,58,-9.9,-0.9,-0.3,2.8,-3.2,0.63,-0.6,0.1,-8.2,-0.8,0.85,-7
733,Anthony Swarzak\swarzan01,33,TOT,53.1,-0.7,-0.1,1.3,5.5,-4.2,1.2,0,1.2,2.9,0.3,0.96,-2.5
734,Noah Syndergaard\syndeno01,26,NYM,197.2,-5.3,-0.5,-0.1,14.8,-15,0.99,0.3,-0.4,-0.7,-0.1,0.92,3.5
735,Jameson Taillon\taillja01,27,PIT,37.1,-1.8,-0.2,-0.1,2.8,-2.9,0.98,0,-0.2,-2.5,-0.2,0.88,-0.8
736,Masahiro Tanaka\tanakma01,30,NYY,182,0.9,0.1,1.3,13.2,-11.9,0.92,1.5,-0.1,6.1,0.6,0.88,14.8
737,Stephen Tarpley*\tarplst01,26,NYY,24.2,-6.7,-0.6,-0.1,1.4,-1.5,0.57,-1.1,1,-7.2,-0.7,0.99,-11.2
738,Dillon Tate\tatedi01,25,BAL,21,-3.2,-0.3,-0.5,1.2,-1.7,0.82,-0.3,-0.3,-4,-0.4,0.98,-2.1
739,Josh Taylor*\taylojo02,26,BOS,47.1,9.2,0.9,0.8,3.5,-2.8,0.96,0.8,0.1,7.7,0.7,0.97,11.1
740,Julio Teheran\teherju01,28,ATL,174.2,13.1,1.3,1.8,13.9,-12.1,0.98,0.7,1.1,11.2,1.1,0.92,5.4
741,Ryan Tepera\teperry01,31,TOR,21.2,-0.5,-0.1,-0.1,1.6,-1.7,1.07,-0.2,0.1,1.5,0.1,0.97,-1.1
742,Tyler Thornburg\thornty01,30,BOS,18.2,-5.1,-0.5,0.2,0.4,-0.2,0.22,-0.2,1.1,-5.4,-0.5,0.97,-5.8
743,Trent Thornton\thorntr01,25,TOR,154.1,-4.1,-0.4,-0.4,11.7,-12.1,0.98,-0.3,0,-4.8,-0.5,0.93,-2.3
744,Lewis Thorpe*\thorple01,23,MIN,27.2,-4.1,-0.4,-0.3,2.6,-2.9,1.14,-0.4,0.1,-2.4,-0.2,0.97,-5.1
745,Jesus Tinoco\tinocje01,24,COL,36,0.6,0.1,-0.3,1.7,-2.1,0.55,-0.8,0.2,-5.7,-0.5,0.95,-7.4
746,Josh Tomlin\tomlijo01,34,ATL,79.1,7.1,0.7,1.3,4.8,-3.5,0.76,0.9,0.9,12.8,1.2,0.92,10.2
747,Carlos Torres\torreca01,36,DET,6,-1.4,-0.1,0,0,0,0.06,-0.3,-0.2,-1.6,-0.1,0.88,-4.4
748,Touki Toussaint\toussto01,23,ATL,41.2,-4.7,-0.5,0.1,2.8,-2.7,0.82,-0.4,0.6,-7.5,-0.7,1.05,-4.2
749,Blake Treinen\treinbl01,31,OAK,58.2,-3.4,-0.3,0.3,8.5,-8.1,1.84,-0.2,0.4,-4.2,-0.4,1.03,-8.8
750,Lou Trivino\trivilo01,27,OAK,60,-7.8,-0.7,-0.8,7,-7.8,1.5,-0.3,-0.3,-5.9,-0.6,1.01,-4.7
751,Nick Tropeano\tropeni01,28,LAA,13.2,-7.6,-0.6,-0.6,0.5,-1.1,0.63,-0.7,-0.2,-7.6,-0.7,0.91,-7.7
752,Sam Tuivailala\tuivasa01,26,SEA,23,5.8,0.6,0.4,1.8,-1.4,0.98,0.4,0,4.5,0.4,0.88,5.5
753,Spencer Turnbull\turnbsp01,26,DET,148.1,1.4,0.1,-0.5,11.7,-12.2,1.02,-0.1,-0.5,-3,-0.3,0.96,-0.5
754,Duane Underwood Jr.\underdu01,24,CHC,11.2,-0.8,-0.1,0,0.4,-0.4,0.34,-0.4,0.4,-0.5,0,1.08,-1.9
755,Jose Urena\urenajo01,27,MIA,84.2,-9.6,-0.9,-1.9,6.8,-8.6,1.1,-1.3,-0.4,-8.4,-0.8,0.95,-14.1
756,Richard Urena\urenari01,23,TOR,1,-3.2,-0.3,0,0,0,0,,,-3.5,-0.3,1,-2.7
757,Julio Urias*\uriasju01,22,LAD,79.2,13.6,1.4,0.7,6.1,-5.4,1.06,1.3,-0.6,13.3,1.4,0.89,15.6
758,Jose Urquidy\urquijo01,24,HOU,41,3.9,0.4,0.2,3,-2.8,0.96,0.8,-0.5,3.5,0.3,0.86,8.4
759,Framber Valdez*\valdefr01,25,HOU,70.2,-10.2,-1,-0.7,4.4,-5.1,0.79,-1.1,0.2,-8.7,-0.8,0.97,-9.2
760,Phillips Valdez\valdeph01,27,TEX,16,2.3,0.2,0,0.5,-0.5,0.4,-0.3,0.3,1.4,0.1,0.95,-0.5
761,Jason Vargas*\vargaja01,36,TOT,149.2,-6,-0.6,-0.3,11.3,-11.6,1.01,-0.5,0.3,-3.1,-0.3,0.96,-6.3
762,Andrew Vasquez*\vasquan02,25,MIN,0,-2.8,-0.2,-0.4,0,-0.4,3.61,-0.1,0,-3,-0.3,2.51,-1.2
763,Felipe Vazquez*\riverfe01,27,PIT,60,18.1,1.8,3.6,8.5,-4.8,1.71,1.5,0.6,20.8,2.1,0.93,17.6
764,Vince Velasquez\velasvi01,27,PHI,117.1,-5.3,-0.5,-0.6,9.3,-9.8,0.99,-1.2,0.6,-8,-0.8,0.91,-13
765,Hector Velazquez\velazhe01,30,BOS,56.1,-5.1,-0.5,-0.5,3.2,-3.6,0.73,-0.3,-0.4,-5.5,-0.5,0.97,0.9
766,Pat Venditte#\vendipa01,34,SFG,3.1,-4.3,-0.4,-0.1,0,-0.1,0.18,-0.2,-0.3,-4.4,-0.4,1.06,-3.3
767,Jonny Venters*\ventejo01,34,TOT,8,-8.3,-0.8,-0.6,0.7,-1.3,1.12,-0.3,-0.2,-8.6,-0.8,1.17,-6.1
768,Drew VerHagen\verhadr01,28,DET,58,-6.2,-0.6,0.3,4.5,-4.2,0.92,-0.3,0.6,-7.1,-0.6,0.98,-5.2
769,Justin Verlander\verlaju01,36,HOU,223,52,5.4,5.6,16,-10.4,0.9,5.3,0.9,58.7,6.1,0.8,62.5
770,Thyago Vieira\vieirth01,25,CHW,7,-3.5,-0.3,0.1,0.1,-0.1,0.19,-0.2,0.6,-3.2,-0.3,0.98,-2.6
771,Nick Vincent\vinceni01,32,TOT,44.2,-0.4,0,-0.4,2.1,-2.5,0.65,-0.2,-0.3,1.1,0.1,0.98,-2
772,Arodys Vizcaino\vizcaar01,28,ATL,4,1.2,0.1,-0.1,0.4,-0.5,1.21,-0.1,0,1.2,0.1,1.02,-0.1
773,Edinson Volquez\volqued01,35,TEX,16,-2,-0.2,-0.4,1,-1.4,0.83,-0.4,-0.1,-3,-0.3,0.96,-4.3
774,Austin Voth\vothau01,27,WSN,43.2,6.7,0.7,1,3.4,-2.5,0.98,0.8,0.2,10.5,1.1,0.85,10.3
775,Michael Wacha\wachami01,27,STL,126.2,-6.4,-0.6,-0.6,8.8,-9.4,0.86,-1.8,1.2,-8.7,-0.8,0.93,-19.5
776,Jacob Waguespack\wagueja01,25,TOR,78,0.5,0.1,-0.5,6.2,-6.7,0.98,-0.7,0.2,-2.1,-0.2,0.88,-6.6
777,Adam Wainwright\wainwad01,37,STL,171.2,3.1,0.3,1,12.7,-11.7,0.95,-0.2,1.3,5.5,0.5,0.93,0.1
778,Marcus Walden\waldema01,30,BOS,78,7.4,0.7,1,7.1,-6.1,1.17,0.6,0.2,7.3,0.7,0.94,7.6
779,Jeremy Walker\walkeje02,24,ATL,9.1,2.9,0.3,0,0.1,-0.1,0.09,0.1,0.3,3.5,0.3,0.97,2.3
780,Taijuan Walker\walketa01,26,ARI,1,0.7,0.1,0,0.1,0,0.95,0,0,0.5,0.1,0.91,0.3
781,Jared Walsh*\walshja01,25,LAA,5,1.8,0.2,0,0,0,0,0,,2,0.2,1.24,0.6
782,Wei-Chung Wang*\wangwe01,27,TOT,31,2.8,0.3,0.3,1.3,-0.9,0.48,0.4,0.3,3.5,0.4,1.02,4.8
783,Adam Warren\warread01,31,SDP,28.2,-3.4,-0.3,-0.3,1.7,-2,0.85,-0.5,0.1,-5.4,-0.5,0.92,-3.4
784,Art Warren\warrear01,26,SEA,5.1,2.9,0.3,0.2,0.3,-0.1,0.76,0.2,0,2.7,0.3,0.9,2.8
785,Tony Watson*\watsoto01,34,SFG,54,0.7,0.1,1.7,6.9,-5.2,1.59,0.4,0.7,0.4,0,0.96,-0.2
786,Luke Weaver\weavelu01,25,ARI,64.1,11.1,1.1,0.8,4.7,-3.9,0.95,0.7,0.2,10.9,1.1,0.87,9
787,Jacob Webb\webbja01,25,ATL,32.1,9,0.9,0.8,2.7,-1.9,0.98,0.1,0.7,4.8,0.5,0.91,0.8
788,Logan Webb\webblo01,22,SFG,39.2,-4.8,-0.5,-0.3,2.9,-3.2,0.93,-0.4,0,-4.4,-0.4,0.9,-3.8
789,Tyler Webb*\webbty01,28,STL,55,4.2,0.4,-0.1,2.3,-2.4,0.64,1,-1.1,3.6,0.4,0.88,11.5
790,Ryan Weber\weberry01,28,BOS,40.2,-1.2,-0.1,-0.7,1.9,-2.6,0.66,-0.2,-0.8,-3.5,-0.3,0.99,-0.9
791,Allen Webster\webstal01,29,CHC,11,-0.6,-0.1,0,0.3,-0.3,0.35,-0.3,0.2,-2.6,-0.3,1.13,-2.2
792,J.B. Wendelken\wendejb01,26,OAK,32.2,3,0.3,0.6,2.5,-1.9,1.03,0.9,-0.3,5.6,0.6,0.97,9.4
793,Zack Wheeler\wheelza01,29,NYM,195.1,2,0.2,-0.4,13.6,-14,0.95,0.8,-1.3,7.4,0.8,0.94,11.5
794,Tyler White\whitety01,28,HOU,3.1,-5.8,-0.5,0,0,0,0,-0.2,-1.3,-6.5,-0.6,0.99,-6.7
795,Rowan Wick\wickro01,26,CHC,33.1,6,0.6,1.9,3.1,-1.2,1.18,0.8,0.8,9.3,0.9,1.02,8.9
796,Brad Wieck*\wieckbr01,27,TOT,34.2,-5.1,-0.5,-0.7,2.9,-3.6,1.19,0.1,-0.7,-5.1,-0.5,0.97,-1.4
797,Aaron Wilkerson\wilkeaa01,30,MIL,16,-4.4,-0.4,0,0.4,-0.4,0.26,-0.6,0.6,-5,-0.5,1.12,-7.7
798,Stevie Wilkerson\wilkest01,27,BAL,5.1,-0.9,-0.1,0.1,0.1,0,0.17,0.1,0.5,-1.2,-0.1,0.7,-1.7
799,Austen Williams\williau01,26,WSN,0.1,-5.2,-0.5,-0.1,0,-0.1,0.27,-0.4,0,-5.5,-0.5,0.99,-4.9
800,Devin Williams\willide03,24,MIL,13.2,-0.3,0,-0.1,0.5,-0.6,0.43,-0.4,0.2,-2.4,-0.2,1.06,-4.6
801,Taylor Williams\willita01,27,MIL,14.2,-8.4,-0.8,-0.1,1.5,-1.6,1.21,-0.3,0.2,-9.5,-0.9,1.08,-5.7
802,Trevor Williams\willitr01,27,PIT,145.2,-18,-1.7,-1.8,10.2,-12,0.93,-2,0.1,-15.5,-1.5,0.91,-18.3
803,Alex Wilson\wilsoal01,32,MIL,11.1,-5.7,-0.6,0,1.3,-1.2,1.26,-0.3,0.3,-4.2,-0.4,1.08,-3
804,Bryse Wilson\wilsobr02,21,ATL,20,-5.9,-0.6,-0.7,1.5,-2.1,0.92,-0.8,0.1,-6.7,-0.6,0.9,-9.4
805,Justin Wilson*\wilsoju10,31,NYM,39,7.2,0.7,0.8,4.8,-4,1.59,0.3,0.2,6.6,0.7,0.99,4.1
806,Trey Wingenter\wingetr01,25,SDP,51,-7,-0.7,0.1,4.8,-4.7,1.18,0.2,-0.1,-2.7,-0.3,0.94,0.8
807,Dan Winkler\winklda01,29,ATL,21.2,-1.4,-0.1,0.1,1.8,-1.8,1.1,0,0.1,-3.6,-0.3,1.04,-2.4
808,Matt Wisler\wislema01,26,TOT,51.1,-7.4,-0.7,-1.1,3.4,-4.5,0.91,-0.7,-0.5,-7.9,-0.8,1.02,-7.2
809,Nick Wittgren\wittgni01,28,CLE,57.2,11,1.1,2,5.4,-3.4,1.12,0.6,1.2,16.3,1.6,0.86,9.6
810,Asher Wojciechowski\wojcias01,30,BAL,82.1,-0.5,-0.1,-0.5,5.6,-6.1,0.87,-0.5,-0.1,-3.6,-0.3,0.89,-5.5
811,Alex Wood*\woodal02,28,CIN,35.2,-4.8,-0.5,-0.6,2.6,-3.1,0.89,-0.9,0.2,-4.4,-0.4,0.85,-8.9
812,Hunter Wood\woodhu01,25,TOT,45.1,6.6,0.6,1.3,2.8,-1.5,0.63,-0.1,2.1,0.1,0.1,1.01,-1.4
813,Brandon Woodruff\woodrbr01,26,MIL,121.2,12.8,1.3,1.8,8.4,-6.6,0.9,2.3,-0.2,15.6,1.6,0.9,26.8
814,Brandon Workman\workmbr01,30,BOS,71.2,21.7,2.1,3.6,10.5,-6.9,1.96,2.4,-0.6,25.9,2.5,0.96,28
815,Matt Wotherspoon\wothema01,27,BAL,4.2,-5,-0.4,-0.2,0.1,-0.2,0.28,-0.4,-0.2,-7.3,-0.6,1.13,-5.7
816,Kyle Wright\wrighky01,23,ATL,19.2,-8,-0.7,-0.5,1.6,-2,0.99,-0.6,0.1,-5.5,-0.5,0.96,-6.8
817,Mike Wright\wrighmi01,29,TOT,29.1,-12.1,-1.1,-0.4,0.5,-0.9,0.23,-1,-0.8,-14.6,-1.3,1,-13.8
818,Steven Wright\wrighst01,34,BOS,6.1,-2.2,-0.2,-0.1,0.4,-0.5,0.59,-0.6,0.3,-1.6,-0.1,0.96,-5.4
819,Jimmy Yacabonis\yacabji01,27,BAL,41,-8.5,-0.8,-0.5,2.3,-2.8,0.66,-1.5,0.8,-13.3,-1.2,0.94,-16.1
820,Jordan Yamamoto\yamamjo01,23,MIA,78.2,-2,-0.2,-0.1,5.4,-5.5,0.95,0.8,-0.8,1.3,0.1,0.9,8.5
821,Ryan Yarbrough*\yarbrry01,27,TBR,141.2,5.7,0.6,1.9,9.7,-7.8,0.86,2.5,-0.3,10.3,1,0.86,27.3
822,Eric Yardley\yardler01,28,SDP,11.2,1.9,0.2,0,0.7,-0.7,0.75,-0.2,0.3,-0.1,0,0.98,0.8
823,Kirby Yates\yateski01,32,SDP,60.2,18.9,1.9,4,11,-7,2.36,1.7,0,17.9,1.8,0.94,19
824,Gabriel Ynoa\ynoaga01,26,BAL,110.2,-11.8,-1.1,-1.2,6.9,-8,0.8,-1.6,0.1,-14.1,-1.3,0.92,-17.1
825,Huascar Ynoa\ynoahu01,21,ATL,3,-4,-0.4,0,0,0,0.05,-0.3,-0.4,-4.4,-0.4,1.21,-1.9
826,Alex Young*\youngal01,25,ARI,83.1,6.2,0.6,0.5,6.3,-5.8,0.97,0.7,-0.2,1.4,0.1,0.87,8.3
827,Daniel Zamora*\zamorda01,26,NYM,8.2,-0.8,-0.1,-0.3,0.5,-0.9,0.94,0,-0.3,-2.8,-0.3,1.03,-0.4
828,T.J. Zeuch\zeuchtj01,23,TOR,22.2,-0.5,0,-0.1,1.7,-1.8,0.97,0.1,-0.2,0.5,0.1,0.92,1.1
829,Kyle Zimmer\zimmeky01,27,KCR,18.1,-11.2,-1,-0.5,0.4,-0.9,0.36,-1.1,-0.4,-12.6,-1.1,1.08,-11.4
830,Jordan Zimmermann\zimmejo02,33,DET,112,-23.3,-2.1,-2.2,8.1,-10.3,0.97,-1.5,-0.8,-27.6,-2.4,0.95,-17.6
831,Ben Zobrist\zobribe01,38,CHC,1,0.7,0.1,0,0,0,0,,,0.5,0.1,1.31,0
